   h    k    l      d (Å)      F(real)      F(imag)          |F|         2θ          I    M
   0    1    1  11.302807    -1.374481     0.000000      1.37448   12.23995    0.02092    4
   0    2    0   8.900000   111.105587    -0.000000      111.106   15.56272   42.52403    2
   1    0    0   7.643794   119.328524     0.000000      119.329   18.14037   36.30248    2
   0    2    1   7.603721   -34.954291    -0.000000      34.9543   18.23679    6.16555    4
   0    0    2   7.315534    78.472183    -0.000000      78.4722   18.96170   14.39666    2
   1    1   -1   7.305216    10.641362     0.000000      10.6414   18.98873    0.52801    4
   1    1    0   7.023579   -16.322297     0.000000      16.3223   19.75764    1.14964    4
   0    1    2   6.766370    26.818731     0.000000      26.8187   20.51666    2.88391    4
   1    0   -2   6.538293   230.994231     0.000000      230.994   21.24051  100.00000    2
   1    1   -2   6.137352   -38.613560    -0.000000      38.6136   22.64588    4.93598    4
   1    2   -1   5.954178    -7.244042    -0.000000      7.24404   23.35221    0.16371    4
   1    2    0   5.798698   -93.079611     0.000000      93.0796   23.98753   25.66556    4
   1    1    1   5.666191   -99.234920     0.000000      99.2349   24.55714   27.88408    4
   0    2    2   5.651404   -91.041188     0.000000      91.0412   24.62240   23.35002    4
   0    3    1   5.498415    88.034399    -0.000000      88.0344   25.31871   20.69488    4
   1    2   -2   5.269228    70.993506     0.000000      70.9935   26.43948   12.38769    4
   1    2    1   4.961964    16.110859     0.000000      16.1109   28.10932    0.56773    4
   1    1   -3   4.783588    -4.365034    -0.000000      4.36503   29.18030    0.03883    4
   1    3   -1   4.767974    79.771510    -0.000000      79.7715   29.27799   12.88519    4
   0    1    3   4.703664   -57.676878     0.000000      57.6769   29.68742    6.56163    4
   1    3    0   4.687006   -11.776132     0.000000      11.7761   29.79537    0.27167    4
   0    3    2   4.608190   -35.437665     0.000000      35.4377   30.31710    2.38104    4
   1    0    2   4.554428   191.146401    -0.000000      191.146   30.68372   33.86287    2
   0    4    0   4.450000   215.962871    -0.000000      215.963   31.42215   41.34087    2
   1    1    2   4.412286    27.079261    -0.000000      27.0793   31.69777    1.27887    4
   1    3   -2   4.393845    39.174275    -0.000000      39.1743   31.83432    2.65500    4
   1    2   -3   4.336789    39.976709     0.000000      39.9767   32.26450    2.69645    4
   0    2    3   4.276968    -1.291697     0.000000       1.2917   32.72836    0.00274    4
   0    4    1   4.257436   -59.005962    -0.000000       59.006   32.88276    5.67042    4
   1    3    1   4.210893    -3.680885    -0.000000      3.68089   33.25671    0.02161    4
   1    2    2   4.054397    17.450789    -0.000000      17.4508   34.57999    0.45181    4
   2    0   -2   4.005478    74.042507     0.000000      74.0425   35.01589    3.97407    2
   2    1   -1   3.956566   -87.553419     0.000000      87.5534   35.46303   10.85715    4
   2    1   -2   3.907761   -44.052535    -0.000000      44.0525   35.92094    2.68466    4
   1    4   -1   3.890109   -53.723394    -0.000000      53.7234   36.08953    3.95867    4
   1    0   -4   3.862170    18.687123     0.000000      18.6871   36.35969    0.23624    2
   1    4    0   3.845759    22.846643    -0.000000      22.8466   36.52031    0.70056    4
   2    0    0   3.821897   195.837604     0.000000      195.838   36.75646   25.43613    2
   1    3   -3   3.808303    57.940116     0.000000      57.9401   36.89238    4.42307    4
   0    4    2   3.801860     0.683060     0.000000      0.68306   36.95716    0.00061    4
   1    1   -4   3.774347    -9.918341    -0.000000      9.91834   37.23642    0.12744    4
   0    3    3   3.767602     4.412610     0.000000      4.41261   37.30554    0.02514    4
   2    1    0   3.736733   -11.311147    -0.000000      11.3111   37.62525    0.16264    4
   2    2   -1   3.692369    16.284345     0.000000      16.2843   38.09462    0.32961    4
   1    4   -2   3.678786   125.424490    -0.000000      125.424   38.24072   19.41843    4
   0    0    4   3.657767    73.665328    -0.000000      73.6653   38.46909    3.31337    2
   2    2   -2   3.652608   -33.049480     0.000000      33.0495   38.52557    1.33031    4
   2    1   -3   3.617074     7.332470    -0.000000      7.33247   38.91921    0.06429    4
   1    3    2   3.612794   -19.994581    -0.000000      19.9946   38.96719    0.47700    4
   0    1    4   3.582901    15.916102    -0.000000      15.9161   39.30561    0.29758    4
   1    4    1   3.569389    49.996823    -0.000000      49.9968   39.46056    2.91570    4
   1    2   -4   3.542956    -9.958040     0.000000      9.95804   39.76733    0.11407    4
   1    1    3   3.515226   -43.345305     0.000000      43.3453   40.09444    2.12976    4
   2    2    0   3.511789   -13.458755     0.000000      13.4588   40.13536    0.20496    4
   0    5    1   3.459077    56.460130    -0.000000      56.4601   40.77393    3.50665    4
   2    2   -3   3.411911    32.646765     0.000000      32.6468   41.36321    1.14288    4
   0    2    4   3.383185    33.466689    -0.000000      33.4667   41.73074    1.18231    4
   2    1    1   3.357728   -28.878400     0.000000      28.8784   42.06208    0.86810    4
   2    3   -1   3.349579   -23.944993     0.000000       23.945   42.16928    0.59416    4
   1    2    3   3.326033   -33.907342     0.000000      33.9073   42.48222    1.17595    4
   2    3   -2   3.319811    -6.739942    -0.000000      6.73994   42.56572    0.04630    4
   1    4   -3   3.314174    -6.091725    -0.000000      6.09172   42.64166    0.03771    4
   0    4    3   3.287245    44.369924    -0.000000      44.3699   43.00827    1.97048    4
   2    0   -4   3.269147    10.870391     0.000000      10.8704   43.25832    0.05854    2
   1    5   -1   3.253233    45.035460     0.000000      45.0355   43.48067    1.99149    4
   1    3   -4   3.236839    17.231323     0.000000      17.2313   43.71220    0.28885    4
   1    5    0   3.227160   -30.580422     0.000000      30.5804   43.85009    0.90475    4
   2    1   -4   3.215368     4.961893    -0.000000      4.96189   44.01930    0.02366    4
   2    3    0   3.213021    32.395280    -0.000000      32.3953   44.05313    1.00717    4
   0    5    2   3.201089     9.174448     0.000000      9.17445   44.22599    0.08023    4
   2    2    1   3.191689   -20.811500     0.000000      20.8115   44.36316    0.41062    4
   1    4    2   3.182904   113.350629    -0.000000      113.351   44.49214   12.11943    4
   2    3   -3   3.135997    60.425500     0.000000      60.4255   45.19411    3.35179    4
   1    5   -2   3.126582   -12.902818    -0.000000      12.9028   45.33776    0.15199    4
   0    3    4   3.113648    10.011299    -0.000000      10.0113   45.53665    0.09081    4
   1    1   -5   3.070968   -70.152817    -0.000000      70.1528   46.20589    4.34852    4
   1    3    3   3.068924    20.959859     0.000000      20.9599   46.23846    0.38771    4
   2    2   -4   3.068676     1.157110     0.000000      1.15711   46.24241    0.00118    4
   1    5    1   3.058589    11.305771    -0.000000      11.3058   46.40382    0.11212    4
   2    4   -1   2.998501    17.129328    -0.000000      17.1293   47.38996    0.24827    4
   2    0    2   2.988556    39.975301    -0.000000      39.9753   47.55736    0.67204    2
   2    4   -2   2.977089    39.226019     0.000000       39.226   47.75190    1.28523    4
   0    6    0   2.966667    37.567250    -0.000000      37.5673   47.93016    0.58570    2
   2    3    1   2.962441    18.440251     0.000000      18.4403   48.00282    0.28152    4
   2    1    2   2.947303     6.197183     0.000000      6.19718   48.26502    0.03150    4
   1    2   -5   2.942404    55.595406     0.000000      55.5954   48.35050    2.52779    4
   1    0    4   2.927595     9.577743    -0.000000      9.57774   48.61084    0.03717    2
   1    4   -4   2.916814    -2.012496     0.000000       2.0125   48.80221    0.00326    4
   0    6    1   2.907500   -60.159890     0.000000      60.1599   48.96880    2.89716    4
   2    4    0   2.899349    89.533262    -0.000000      89.5333   49.11555    6.38472    4
   1    5   -3   2.893400   -31.069935     0.000000      31.0699   49.22322    0.76605    4
   1    1    4   2.888784    19.680549     0.000000      19.6805   49.30712    0.30648    4
   0    1    5   2.887456    56.752887    -0.000000      56.7529   49.33130    2.54656    4
   0    5    3   2.875429   -70.843107     0.000000      70.8431   49.55151    3.93850    4
   2    3   -4   2.863293    -1.374143     0.000000      1.37414   49.77578    0.00147    4
   2    4   -3   2.842375   -34.042535    -0.000000      34.0425   50.16734    0.89089    4
   2    2    2   2.833096   -89.816856     0.000000      89.8169   50.34308    6.16547    4
   0    4    4   2.825702    42.802457    -0.000000      42.8025   50.48404    1.39370    4
   2    1   -5   2.813175    24.653518     0.000000      24.6535   50.72472    0.45874    4
   1    5    2   2.804813    25.504730    -0.000000      25.5047   50.88673    0.48837    4
   1    4    3   2.792147   -14.790445    -0.000000      14.7904   51.13416    0.16293    4
   1    6   -1   2.782028   -40.931499     0.000000      40.9315   51.33365    1.23980    4
   1    2    4   2.781002   -36.031449     0.000000      36.0314   51.35397    0.96010    4
   0    2    5   2.779817   -31.531494    -0.000000      31.5315   51.37745    0.73471    4
   1    6    0   2.765670   -76.380175     0.000000      76.3802   51.65958    4.27238    4
   1    3   -5   2.759901   -31.793304    -0.000000      31.7933   51.77555    0.73753    4
   0    6    2   2.749207   -19.421605     0.000000      19.4216   51.99197    0.27334    4
   3    0   -2   2.716664    15.155720    -0.000000      15.1557   52.66233    0.08150    2
   2    2   -5   2.713352    31.581115     0.000000      31.5811   52.73157    0.70626    4
   2    4    1   2.711237   -47.057595     0.000000      47.0576   52.77588    1.56594    4
   1    6   -2   2.701576    54.112394    -0.000000      54.1124   52.97928    2.05775    4
   3    1   -2   2.685566    -8.203223    -0.000000      8.20322   53.31998    0.04680    4
   2    5   -1   2.676172   -30.856897     0.000000      30.8569   53.52201    0.65816    4
   2    3    2   2.669095     3.854061     0.000000      3.85406   53.67529    0.01022    4
   2    5   -2   2.660917   -60.419147     0.000000      60.4191   53.85355    2.49830    4
   1    6    1   2.657348    25.960636     0.000000      25.9606   53.93172    0.46016    4
   3    1   -1   2.642108    54.917950     0.000000       54.918   54.26828    2.03875    4
   3    1   -3   2.640768   -82.885764    -0.000000      82.8858   54.29808    4.63994    4
   2    4   -4   2.634614    22.706346     0.000000      22.7063   54.43538    0.34681    4
   1    3    4   2.625400     6.329275     0.000000      6.32927   54.64232    0.02678    4
   0    3    5   2.624403    86.025048    -0.000000       86.025   54.66481    4.94445    4
   1    5   -4   2.617616    24.515822     0.000000      24.5158   54.81844    0.39977    4
   2    5    0   2.604971    14.531847    -0.000000      14.5318   55.10707    0.13929    4
   1    0   -6   2.598849     8.368710     0.000000      8.36871   55.24795    0.02300    2
   3    2   -2   2.598312   -50.567972     0.000000       50.568   55.26033    1.67925    4
   2    1    3   2.574401    30.453860    -0.000000      30.4539   55.81819    0.59942    4
   1    1   -6   2.571585    22.411854     0.000000      22.4119   55.88467    0.32403    4
   2    3   -5   2.568256    28.051548    -0.000000      28.0515   55.96345    0.50650    4
   2    5   -3   2.563414   -12.637974    -0.000000       12.638   56.07850    0.10247    4
   3    2   -1   2.558893    19.914324    -0.000000      19.9143   56.18634    0.25367    4
   3    2   -3   2.557676     3.167876    -0.000000      3.16788   56.21545    0.00641    4
   1    4   -5   2.553402   -82.342536    -0.000000      82.3425   56.31794    4.32105    4
   0    5    4   2.551164    33.454912     0.000000      33.4549   56.37175    0.71221    4
   3    0    0   2.547931   130.150399     0.000000       130.15   56.44966    5.37783    2
   1    6   -3   2.546856    61.253822    -0.000000      61.2538   56.47564    2.38067    4
   3    0   -4   2.545530    94.699968     0.000000         94.7   56.50769    2.84259    2
   0    6    3   2.534574   -23.355239     0.000000      23.3552   56.77407    0.34325    4
   1    5    3   2.526388   -27.706306     0.000000      27.7063   56.97480    0.48040    4
   3    1    0   2.522223   -11.618750     0.000000      11.6188   57.07753    0.08424    4
   3    1   -4   2.519893   -17.507687     0.000000      17.5077   57.13514    0.19098    4
   0    7    1   2.505301   -33.944031     0.000000       33.944   57.49887    0.71085    4
   2    2    3   2.497238    24.648281    -0.000000      24.6483   57.70194    0.37277    4
   1    2   -6   2.494668    24.874017     0.000000       24.874   57.76700    0.37897    4
   1    6    2   2.485813   -10.817886     0.000000      10.8179   57.99230    0.07125    4
   2    0   -6   2.483143    27.293956     0.000000       27.294   58.06061    0.22637    2
   2    4    2   2.480982   -11.594165     0.000000      11.5942   58.11601    0.08157    4
   3    3   -2   2.470062    39.335350    -0.000000      39.3354   58.39769    0.93196    4
   2    5    1   2.465980    19.661923     0.000000      19.6619   58.50371    0.23220    4
   2    1   -6   2.459328    35.665522     0.000000      35.6655   58.67739    0.76057    4
   3    2    0   2.449528    44.741701    -0.000000      44.7417   58.93523    1.18891    4
   3    2   -4   2.447394    69.007346     0.000000      69.0073   58.99169    2.82409    4
   1    4    4   2.445772    -8.314125    -0.000000      8.31413   59.03468    0.04095    4
   0    4    5   2.444966    66.236793    -0.000000      66.2368   59.05606    2.59754    4
   1    1    5   2.439183   -36.241935     0.000000      36.2419   59.21003    0.77457    4
   0    0    6   2.438511    70.169413    -0.000000      70.1694   59.22795    1.45112    2
   3    3   -1   2.436122    86.132640    -0.000000      86.1326   59.29184    4.36576    4
   3    3   -3   2.435072    -5.549109     0.000000      5.54911   59.31997    0.01811    4
   1    7   -1   2.423685   -30.032113     0.000000      30.0321   59.62678    0.52623    4
   0    1    6   2.415946   -22.838569    -0.000000      22.8386   59.83724    0.30271    4
   1    7    0   2.412846    -9.912677     0.000000      9.91268   59.92198    0.05690    4
   2    5   -4   2.407905    52.951405    -0.000000      52.9514   60.05756    1.61817    4
   0    7    2   2.401891   -42.093950     0.000000      42.0939   60.22348    1.01836    4
   2    4   -5   2.399375   -93.647470    -0.000000      93.6475   60.29319    5.03149    4
   2    6   -1   2.394939    28.145521     0.000000      28.1455   60.41649    0.45309    4
   2    2   -6   2.391794    41.021284     0.000000      41.0213   60.50424    0.96037    4
   2    6   -2   2.383987     5.986214     0.000000      5.98621   60.72323    0.02034    4
   2    3    3   2.382743    71.135501    -0.000000      71.1355   60.75826    2.86988    4
   1    3   -6   2.380510   -56.655087    -0.000000      56.6551   60.82130    1.81758    4
   1    2    5   2.373251   -27.138772     0.000000      27.1388   61.02713    0.41496    4
   1    7   -2   2.369932    14.724136    -0.000000      14.7241   61.12174    0.12186    4
   3    1    1   2.353904   -17.804268     0.000000      17.8043   61.58303    0.17620    4
   1    6   -4   2.352697    41.680599    -0.000000      41.6806   61.61805    0.96486    4
   0    2    6   2.351832    60.532434    -0.000000      60.5324   61.64319    2.03380    4
   3    1   -5   2.351065    10.080959     0.000000       10.081   61.66550    0.05638    4
   1    5   -5   2.345434   -81.650651     0.000000      81.6507   61.82976    3.68390    4
   2    6    0   2.343503   -13.305036    -0.000000       13.305   61.88633    0.09769    4
   3    3    0   2.341193   -17.522887    -0.000000      17.5229   61.95412    0.16917    4
   1    7    1   2.339906   -74.568291     0.000000      74.5683   61.99198    3.06067    4
   3    3   -4   2.339330   -10.783557     0.000000      10.7836   62.00893    0.06398    4
   3    4   -2   2.318724     1.003026    -0.000000      1.00303   62.62189    0.00055    4
   2    6   -3   2.313107    17.786583    -0.000000      17.7866   62.79122    0.17089    4
   0    6    4   2.304095    60.099214    -0.000000      60.0992   63.06497    1.93874    4
   3    2    1   2.294484     5.734333    -0.000000      5.73433   63.35971    0.01753    4
   3    2   -5   2.291855    35.201841     0.000000      35.2018   63.44087    0.65942    4
   2    3   -6   2.290632    -9.208111    -0.000000      9.20811   63.47868    0.04508    4
   3    4   -1   2.290580    13.651983    -0.000000       13.652   63.48029    0.09909    4
   3    4   -3   2.289707   -52.804412     0.000000      52.8044   63.50732    1.48154    4
   2    5    2   2.288935     0.412752     0.000000     0.412752   63.53122    0.00009    4
   1    6    3   2.285794   -29.491206     0.000000      29.4912   63.62876    0.46085    4
   2    0    4   2.277214   136.762614    -0.000000      136.763   63.89681    4.92542    2
   1    3    5   2.274328    17.245049    -0.000000       17.245   63.98750    0.15631    4
   1    7   -3   2.263410    24.916700    -0.000000      24.9167   64.33315    0.32380    4
   1    5    4   2.261198    -7.234773     0.000000      7.23477   64.40366    0.02726    4
   0    5    5   2.260561    -0.640846     0.000000     0.640846   64.42399    0.00021    4
   2    1    4   2.258804    23.663475    -0.000000      23.6635   64.48017    0.29109    4
   0    3    6   2.255457     3.886364    -0.000000      3.88636   64.58747    0.00783    4
   0    7    3   2.254776   -11.172339     0.000000      11.1723   64.60932    0.06470    4
   2    4    3   2.246040    49.793613    -0.000000      49.7936   64.89137    1.27728    4
   1    4   -6   2.244169    26.134884    -0.000000      26.1349   64.95212    0.35140    4
   2    6    1   2.240762   -21.810498    -0.000000      21.8105   65.06303    0.24414    4
   0    8    0   2.225000   119.696336    -0.000000      119.696   65.58158    3.63555    2
   2    5   -5   2.224381   -25.334136     0.000000      25.3341   65.60211    0.32558    4
   1    7    2   2.220240     4.587972     0.000000      4.58797   65.73990    0.01065    4
   3    4    0   2.211137    43.846742    -0.000000      43.8467   66.04502    0.96610    4
   3    4   -4   2.209567    57.702019     0.000000       57.702   66.09795    1.67125    4
   2    2    4   2.206143    81.106195    -0.000000      81.1062   66.21371    3.29387    4
   3    3    1   2.204726    37.012550    -0.000000      37.0125   66.26172    0.68526    4
   1    1   -7   2.204654    86.566880     0.000000      86.5669   66.26418    3.74835    4
   3    3   -5   2.202393    13.394059     0.000000      13.3941   66.34097    0.08959    4
   0    8    1   2.199710   -13.425639    -0.000000      13.4256   66.43237    0.08984    4
   2    6   -4   2.196922    93.448726    -0.000000      93.4487   66.52759    4.34395    4
   3    0    2   2.182447    87.794818    -0.000000      87.7948   67.02686    1.89737    2
   3    0   -6   2.179431    58.020279     0.000000      58.0203   67.13192    0.82687    2
   2    4   -6   2.168394    15.727650    -0.000000      15.7276   67.51936    0.12056    4
   3    1    2   2.166226    -3.914570     0.000000      3.91457   67.59607    0.00746    4
   2    1   -7   2.163430    -8.769924    -0.000000      8.76992   67.69522    0.03735    4
   3    1   -6   2.163276    -7.208281     0.000000      7.20828   67.70069    0.02523    4
   3    5   -2   2.159667     8.309770     0.000000      8.30977   67.82916    0.03345    4
   1    2   -7   2.155609    16.439210     0.000000      16.4392   67.97426    0.13051    4
   2    7   -1   2.154773   -45.129581    -0.000000      45.1296   68.00424    0.98301    4
   1    4    5   2.154548    49.791928    -0.000000      49.7919   68.01230    1.19642    4
   1    6   -5   2.149167    43.298337    -0.000000      43.2983   68.20600    0.90122    4
   2    7   -2   2.146786   -19.530916     0.000000      19.5309   68.29208    0.18306    4
   1    8   -1   2.143846   -23.996628    -0.000000      23.9966   68.39871    0.27576    4
   0    4    6   2.138484    31.490688    -0.000000      31.4907   68.59408    0.47307    4
   3    5   -1   2.136872     1.541945     0.000000      1.54194   68.65305    0.00113    4
   1    8    0   2.136333    77.663113    -0.000000      77.6631   68.67278    2.87289    4
   3    5   -3   2.136163   -16.583886     0.000000      16.5839   68.67902    0.13098    4
   0    8    2   2.128718    42.143244    -0.000000      42.1432   68.95303    0.84134    4
   2    3    4   2.126008   -23.442197    -0.000000      23.4422   69.05338    0.25982    4
   1    7   -4   2.123852    -6.718872    -0.000000      6.71887   69.13340    0.02131    4
   1    0    6   2.119939    22.742869    -0.000000      22.7429   69.27920    0.12174    2
   3    2    2   2.119648    39.678167    -0.000000      39.6782   69.29008    0.74095    4
   2    7    0   2.117081    53.555457    -0.000000      53.5555   69.38610    1.34739    4
   2    2   -7   2.117029    -6.097435    -0.000000      6.09743   69.38808    0.01746    4
   3    2   -6   2.116884    36.647728     0.000000      36.6477   69.39349    0.63084    4
   1    8   -2   2.106375    68.092320    -0.000000      68.0923   69.78981    2.16143    4
   2    6    2   2.105446    13.314745     0.000000      13.3147   69.82506    0.08259    4
   1    1    6   2.105062    35.173419    -0.000000      35.1734   69.83964    0.57619    4
   2    5    3   2.100573   -18.733118    -0.000000      18.7331   70.01069    0.16291    4
   1    5   -6   2.099043    17.584581     0.000000      17.5846   70.06923    0.14339    4
   3    4    1   2.095097     7.511760    -0.000000      7.51176   70.22059    0.02609    4
   2    7   -3   2.094592    22.409343     0.000000      22.4093   70.24003    0.23213    4
   3    4   -5   2.093095   -27.751114     0.000000      27.7511   70.29769    0.35560    4
   0    7    4   2.087893    52.793585    -0.000000      52.7936   70.49883    1.28215    4
   1    8    1   2.085209    -8.496204    -0.000000       8.4962   70.60309    0.03314    4
   1    6    4   2.083799    27.139908     0.000000      27.1399   70.65802    0.33784    4
   0    6    5   2.083300   -87.434410     0.000000      87.4344   70.67745    3.50516    4
   1    3   -7   2.080673    68.517830     0.000000      68.5178   70.78009    2.14848    4
   0    1    7   2.075890   -62.136550     0.000000      62.1366   70.96777    1.76086    4
   1    7    3   2.074247   -10.088877     0.000000      10.0889   71.03250    0.04637    4
   3    5    0   2.071939   -24.587052     0.000000      24.5871   71.12360    0.27492    4
   3    5   -4   2.070647    -5.873351    -0.000000      5.87335   71.17472    0.01567    4
   1    2    6   2.062244    20.384974    -0.000000       20.385   71.50924    0.18767    4
   2    6   -5   2.054879    90.329409    -0.000000      90.3294   71.80520    3.66550    4
   3    3    2   2.048278    -9.326296    -0.000000       9.3263   72.07279    0.03889    4
   2    3   -7   2.045914   -35.489750    -0.000000      35.4898   72.16914    0.56219    4
   3    3   -6   2.045784   -23.414572    -0.000000      23.4146   72.17446    0.24469    4
   2    7    1   2.040421    26.639781    -0.000000      26.6398   72.39414    0.31552    4
   2    5   -6   2.036647    23.423337     0.000000      23.4233   72.54959    0.24327    4
   0    2    7   2.034792   -17.082907     0.000000      17.0829   72.62629    0.12922    4
   1    8   -3   2.030526     1.969429    -0.000000      1.96943   72.80332    0.00171    4
   4    0   -2   2.029043   123.649451     0.000000      123.649   72.86508    3.37113    2
   2    4    4   2.027199    88.028430    -0.000000      88.0284   72.94207    3.41266    4
   1    5    5   2.025162    11.882396    -0.000000      11.8824   73.02727    0.06209    4
   0    8    3   2.024286    28.646919    -0.000000      28.6469   73.06401    0.36066    4
   4    1   -3   2.021997    43.152406     0.000000      43.1524   73.16015    0.81703    4
   4    1   -2   2.015988   -41.269900     0.000000      41.2699   73.41383    0.74409    4
   0    5    6   2.011804   -37.871449     0.000000      37.8714   73.59160    0.62471    4
   2    7   -4   2.007154    20.366051    -0.000000      20.3661   73.79030    0.18006    4
   3    6   -2   2.003535    34.708167    -0.000000      34.7082   73.94576    0.52161    4
   4    0   -4   2.002739   -11.378932    -0.000000      11.3789   73.98006    0.02802    2
   1    8    2   1.999184    38.643342    -0.000000      38.6433   74.13364    0.64459    4
   2    1    5   1.998221   -10.031867    -0.000000      10.0319   74.17536    0.04341    4
   1    3    6   1.996341   -16.327265    -0.000000      16.3273   74.25697    0.11484    4
   4    1   -4   1.990181   -45.609270    -0.000000      45.6093   74.52570    0.89217    4
   1    4   -7   1.987782   -47.876635     0.000000      47.8766   74.63096    0.98139    4
   3    6   -1   1.985295    13.876201    -0.000000      13.8762   74.74043    0.08229    4
   3    6   -3   1.984726    47.342909    -0.000000      47.3429   74.76551    0.95754    4
   4    2   -3   1.983960    32.282055     0.000000      32.2821   74.79932    0.44497    4
   3    1    3   1.980006   -81.330297     0.000000      81.3303   74.97439    2.81638    4
   4    2   -2   1.978283    98.384027     0.000000       98.384   75.05095    4.11626    4
   3    1   -7   1.977191   -38.419690    -0.000000      38.4197   75.09958    0.62722    4
   3    5    1   1.975554   -31.268780     0.000000      31.2688   75.17256    0.41498    4
   3    5   -5   1.973875    -3.876171     0.000000      3.87617   75.24762    0.00637    4
   4    1   -1   1.973137   -70.931533     0.000000      70.9315   75.28066    2.13177    4
   0    3    7   1.971407   -36.450453     0.000000      36.4505   75.35824    0.56225    4
   1    7   -5   1.970540    16.053211     0.000000      16.0532   75.39718    0.10899    4
   2    2    5   1.961486    -6.747349     0.000000      6.74735   75.80652    0.01913    4
   0    9    1   1.959952    79.433178    -0.000000      79.4332   75.87638    2.64845    4
   3    4    2   1.959478    44.671053    -0.000000      44.6711   75.89800    0.83733    4
   2    4   -7   1.957408   -11.092561    -0.000000      11.0926   75.99253    0.05155    4
   3    4   -6   1.957294    41.321456    -0.000000      41.3215   75.99775    0.71535    4
   2    6    3   1.956084    13.989554    -0.000000      13.9896   76.05311    0.08192    4
   1    6   -6   1.954848   100.350268     0.000000       100.35   76.10979    4.21164    4
   4    2   -4   1.953880   -32.042452    -0.000000      32.0425   76.15423    0.42911    4
   2    8   -1   1.950989    19.781128    -0.000000      19.7811   76.28733    0.16320    4
   2    8   -2   1.945055    28.557998     0.000000       28.558   76.56217    0.33873    4
   3    2    3   1.944249   -17.528045     0.000000       17.528   76.59965    0.12753    4
   3    2   -7   1.941583    43.292771     0.000000      43.2928   76.72395    0.77654    4
   4    2   -1   1.937744    -3.271146     0.000000      3.27115   76.90375    0.00442    4
   1    0   -8   1.937276    31.783801     0.000000      31.7838   76.92577    0.20864    2
   2    7    2   1.936676   -52.065737     0.000000      52.0657   76.95395    1.11926    4
   3    6    0   1.932899    39.718957    -0.000000       39.719   77.13202    0.64963    4
   3    6   -4   1.931850    -0.569723     0.000000     0.569723   77.18164    0.00013    4
   2    0   -8   1.931085    44.799998     0.000000         44.8   77.21788    0.41270    2
   1    8   -4   1.927949    29.995799     0.000000      29.9958   77.36682    0.36921    4
   1    1   -8   1.925903   -26.554861    -0.000000      26.5549   77.46432    0.28894    4
   4    1   -5   1.925577    -2.383949    -0.000000      2.38395   77.47987    0.00233    4
   4    3   -3   1.925073    34.135953     0.000000       34.136   77.50395    0.47719    4
   2    8    0   1.922880    57.584774    -0.000000      57.5848   77.60890    1.35586    4
   1    9   -1   1.920126    59.909547    -0.000000      59.9095   77.74112    1.46471    4
   4    3   -2   1.919885    10.626286    -0.000000      10.6263   77.75269    0.04607    4
   2    1   -8   1.919820   -83.826772    -0.000000      83.8268   77.75581    2.86702    4
   1    7    4   1.919788   -25.247271     0.000000      25.2473   77.75736    0.26007    4
   0    7    5   1.919398   -14.265177     0.000000      14.2652   77.77612    0.08300    4
   2    5    4   1.918322    20.053225    -0.000000      20.0532   77.82798    0.16390    4
   1    9    0   1.914723   -39.887929    -0.000000      39.8879   78.00200    0.64683    4
   1    4    6   1.913861   101.332930    -0.000000      101.333   78.04381    4.17204    4
   4    0    0   1.910949    54.255786     0.000000      54.2558   78.18539    0.59679    2
   0    9    2   1.909234   -39.421258     0.000000      39.4213   78.26901    0.62936    4
   2    8   -3   1.905982   -97.210780     0.000000      97.2108   78.42822    3.81837    4
   2    3    5   1.904521    -2.486962     0.000000      2.48696   78.49995    0.00250    4
   2    6   -6   1.904151    16.266120     0.000000      16.2661   78.51813    0.10677    4
   0    8    4   1.900930    24.581531    -0.000000      24.5815   78.67692    0.24329    4
   4    1    0   1.900031    -7.240763     0.000000      7.24076   78.72140    0.02110    4
   4    3   -4   1.897556    36.133376     0.000000      36.1334   78.84401    0.52446    4
   2    7   -5   1.897103   -16.209225     0.000000      16.2092   78.86654    0.10551    4
   1    6    5   1.894755     4.760260    -0.000000      4.76026   78.98336    0.00908    4
   1    9   -2   1.893064    12.971587    -0.000000      12.9716   79.06771    0.06738    4
   1    2   -8   1.892950    51.723930     0.000000      51.7239   79.07344    1.07122    4
   4    2   -5   1.892640     6.933095     0.000000       6.9331   79.08890    0.01924    4
   0    4    7   1.891858    27.930511    -0.000000      27.9305   79.12804    0.31212    4
   1    8    3   1.890614    38.504569    -0.000000      38.5046   79.19035    0.59267    4
   3    3    3   1.888730    13.343004     0.000000       13.343   79.28490    0.07108    4
   2    2   -8   1.887173    45.887959     0.000000       45.888   79.36326    0.83975    4
   3    3   -7   1.886286    -9.922354     0.000000      9.92235   79.40797    0.03924    4
   1    5   -7   1.884820    64.929032     0.000000       64.929   79.48202    1.67849    4
   0    6    6   1.883801    21.039738     0.000000      21.0397   79.53355    0.17612    4
   4    3   -1   1.882766    25.925709    -0.000000      25.9257   79.58602    0.26723    4
   1    9    1   1.877655     8.619541    -0.000000      8.61954   79.84604    0.02943    4
   4    2    0   1.868366   -13.038860     0.000000      13.0389   80.32363    0.06692    4
   2    8    1   1.864894     1.052764    -0.000000      1.05276   80.50379    0.00044    4
   3    5    2   1.860638    31.294642    -0.000000      31.2946   80.72590    0.38347    4
   2    5   -7   1.858866   -29.351425     0.000000      29.3514   80.81879    0.33691    4
   3    5   -6   1.858768    31.227367     0.000000      31.2274   80.82392    0.38133    4
   3    7   -2   1.856477    20.195604    -0.000000      20.1956   80.94436    0.15924    4
   3    6    1   1.853941    14.285070    -0.000000      14.2851   81.07819    0.07954    4
   3    6   -5   1.852553    15.934169    -0.000000      15.9342   81.15164    0.09886    4
   4    4   -3   1.850796    19.744348    -0.000000      19.7443   81.24483    0.15162    4
   1    1    7   1.848683    87.240854    -0.000000      87.2409   81.35725    2.95579    4
   4    0   -6   1.847074   -42.778289    -0.000000      42.7783   81.44302    0.35496    2
   4    4   -2   1.846185   110.562767    -0.000000      110.563   81.49058    4.73928    4
   3    7   -1   1.841938     7.736299    -0.000000       7.7363   81.71839    0.02314    4
   1    3   -8   1.841598    39.540274     0.000000      39.5403   81.73670    0.60425    4
   3    7   -3   1.841484   -50.592911     0.000000      50.5929   81.74283    0.98920    4
   4    3   -5   1.841313    -7.988517     0.000000      7.98852   81.75204    0.02466    4
   2    8   -4   1.839393    55.985252    -0.000000      55.9853   81.85558    1.20959    4
   1    9   -3   1.837433   -38.829927    -0.000000      38.8299   81.96162    0.58109    4
   4    1   -6   1.837210    -4.718969    -0.000000      4.71897   81.97373    0.00858    4
   2    3   -8   1.836277    12.607250     0.000000      12.6072   82.02429    0.06121    4
   0    9    3   1.832805   -25.410411     0.000000      25.4104   82.21323    0.24807    4
   2    4    5   1.832511   -18.046078    -0.000000      18.0461   82.22929    0.12509    4
   0    0    8   1.828883    63.455759    -0.000000      63.4558   82.42780    0.77146    2
   4    4   -4   1.826304    18.348074     0.000000      18.3481   82.56964    0.12877    4
   1    5    6   1.821448   -31.540608    -0.000000      31.5406   82.83814    0.37929    4
   1    2    7   1.819478    -4.356620    -0.000000      4.35662   82.94766    0.00723    4
   0    1    8   1.819306    15.420881    -0.000000      15.4209   82.95725    0.09054    4
   4    3    0   1.818937     2.975463     0.000000      2.97546   82.97776    0.00337    4
   2    7    3   1.818538   -29.757879     0.000000      29.7579   83.00004    0.33697    4
   3    4    3   1.818431   -39.969326    -0.000000      39.9693   83.00598    0.60786    4
   1    7   -6   1.817544    -5.087705    -0.000000       5.0877   83.05546    0.00984    4
   3    4   -7   1.816250   -14.312458     0.000000      14.3125   83.12781    0.07783    4
   3    0    4   1.815988    58.524276    -0.000000      58.5243   83.14244    0.65056    2
   1    9    2   1.814111    51.087305    -0.000000      51.0873   83.24765    0.99020    4
   3    0   -8   1.813382   -77.726343    -0.000000      77.7263   83.28860    1.14550    2
   4    4   -1   1.813106   -43.341695    -0.000000      43.3417   83.30411    0.71223    4
   1    8   -5   1.811090   -94.884330     0.000000      94.8843   83.41761    3.40889    4
   4    2   -6   1.808537   -33.027204     0.000000      33.0272   83.56188    0.41232    4
   3    1    4   1.806611    36.478079    -0.000000      36.4781   83.67109    0.50234    4
   2    6    4   1.806397    36.619194    -0.000000      36.6192   83.68324    0.50616    4
   4    1    1   1.806314     5.240784     0.000000      5.24078   83.68795    0.01037    4
   3    1   -8   1.804045   -46.657090    -0.000000      46.6571   83.81709    0.82041    4
   0    5    7   1.802451   -14.969850     0.000000      14.9698   83.90808    0.08437    4
   3    7    0   1.799863    -7.625988    -0.000000      7.62599   84.05627    0.02186    4
   3    7   -4   1.799016   -47.752890     0.000000      47.7529   84.10491    0.85654    4
   2    0    6   1.792923    21.595842    -0.000000      21.5958   84.45668    0.08724    2
   0    2    8   1.791451    33.651378    -0.000000      33.6514   84.54219    0.42325    4
   2    8    2   1.784695    51.271345    -0.000000      51.2713   84.93712    0.97819    4
   2    1    6   1.783896    33.701732    -0.000000      33.7017   84.98407    0.42243    4
   0   10    0   1.780000    79.099909    -0.000000      79.0999   85.21407    1.16057    2
   3    2    4   1.779326   -15.582717     0.000000      15.5827   85.25399    0.09004    4
   4    2    1   1.779042    25.423826    -0.000000      25.4238   85.27081    0.23964    4
   1    6   -7   1.778340     1.031934     0.000000      1.03193   85.31246    0.00039    4
   2    9   -1   1.777871   -15.594107     0.000000      15.5941   85.34035    0.09009    4
   3    2   -8   1.776874   -10.500289     0.000000      10.5003   85.39961    0.04082    4
   2    7   -6   1.776583   -25.452960     0.000000       25.453   85.41694    0.23981    4
   1    4   -8   1.776253    75.478695     0.000000      75.4787   85.43658    2.10836    4
   4    4   -5   1.775998   -42.172216    -0.000000      42.1722   85.45180    0.65808    4
   1    3    7   1.773736    52.091969    -0.000000       52.092   85.58686    1.00261    4
   2    9   -2   1.773377   -61.590730     0.000000      61.5907   85.60834    1.40127    4
   2    4   -8   1.771478    17.851923    -0.000000      17.8519   85.72213    0.11758    4
   1    8    4   1.771453    36.193107    -0.000000      36.1931   85.72365    0.48329    4
   0    8    5   1.771147     5.093484     0.000000      5.09348   85.74204    0.00957    4
   1    7    5   1.768944   -24.963918    -0.000000      24.9639   85.87455    0.22955    4
   0   10    1   1.766972   -46.133899    -0.000000      46.1339   85.99364    0.78297    4
   4    5   -3   1.766833   -26.463870     0.000000      26.4639   86.00200    0.25762    4
   4    3   -6   1.763595    28.583398     0.000000      28.5834   86.19840    0.29991    4
   4    5   -2   1.762820    13.292627    -0.000000      13.2926   86.24553    0.06483    4
   1    9   -4   1.760383    -6.883270     0.000000      6.88327   86.39418    0.01736    4
   0    7    6   1.760021    36.894832    -0.000000      36.8948   86.41633    0.49855    4
   3    6    2   1.757987    41.275440    -0.000000      41.2754   86.54093    0.62317    4
   2    2    6   1.757613   -20.434016     0.000000       20.434   86.56388    0.15269    4
   2    9    0   1.756522    10.358119     0.000000      10.3581   86.63094    0.03921    4
   2    6   -7   1.756492    15.742131     0.000000      15.7421   86.63279    0.09056    4
   3    6   -6   1.756409    40.890939     0.000000      40.8909   86.63786    0.61100    4
   4    4    0   1.755895   -11.684593     0.000000      11.6846   86.66953    0.04987    4
   2    8   -5   1.753583    13.894203    -0.000000      13.8942   86.81214    0.07042    4
   2    5    5   1.750904   -17.192884     0.000000      17.1929   86.97808    0.10764    4
   0    3    8   1.747740    21.516551    -0.000000      21.5166   87.17506    0.16825    4
   4    5   -4   1.745488    -5.661815     0.000000      5.66182   87.31585    0.01163    4
   2    9   -3   1.743613    14.077621     0.000000      14.0776   87.43349    0.07184    4
   0    9    4   1.739743    39.057297     0.000000      39.0573   87.67747    0.55164    4
   3    5    3   1.738611    28.185731    -0.000000      28.1857   87.74914    0.28708    4
   1   10   -1   1.737623   -27.391301    -0.000000      27.3913   87.81183    0.27096    4
   3    5   -7   1.736704     5.341479     0.000000      5.34148   87.87018    0.01030    4
   3    3    4   1.736476   -11.076422     0.000000      11.0764   87.88470    0.04428    4
   4    3    1   1.736212    59.560844    -0.000000      59.5608   87.90148    1.28005    4
   3    7    1   1.735595    21.518997    -0.000000       21.519   87.94076    0.16703    4
   4    1   -7   1.735061    46.737613     0.000000      46.7376   87.97477    0.78765    4
   3    7   -5   1.734456   -50.610222     0.000000      50.6102   88.01338    0.92324    4
   3    3   -8   1.734197    48.856802     0.000000      48.8568   88.02993    0.86024    4
   4    5   -1   1.733955    37.026315     0.000000      37.0263   88.04535    0.49400    4
   1   10    0   1.733615    20.061705     0.000000      20.0617   88.06706    0.14499    4
   1    9    3   1.731825    -2.250803    -0.000000       2.2508   88.18167    0.00182    4
   0   10    2   1.729539    30.616954     0.000000       30.617   88.32849    0.33686    4
   1    6    6   1.724820    61.909371    -0.000000      61.9094   88.63334    1.37339    4
   3    8   -2   1.721348    49.215503    -0.000000      49.2155   88.85925    0.86611    4
   2    1   -9   1.719230   -28.844393    -0.000000      28.8444   88.99775    0.29712    4
   1   10   -2   1.717491    43.131617    -0.000000      43.1316   89.11182    0.66367    4
   2    3    6   1.716276   -28.491095     0.000000      28.4911   89.19168    0.28937    4
   1    4    7   1.715129    33.351103    -0.000000      33.3511   89.26728    0.39625    4
   2    9    1   1.711991   -15.097699     0.000000      15.0977   89.47482    0.08105    4
   4    2   -7   1.710849    -6.252108     0.000000      6.25211   89.55064    0.01389    4
   3    8   -1   1.709739   -13.669397    -0.000000      13.6694   89.62451    0.06635    4
   4    0    2   1.709556   129.926781    -0.000000      129.927   89.63672    2.99689    2
   3    8   -3   1.709376    36.010070    -0.000000      36.0101   89.64869    0.46037    4
   0    6    7   1.708663   -11.967444     0.000000      11.9674   89.69624    0.05082    4
   1    1   -9   1.707926     9.500933    -0.000000      9.50093   89.74543    0.03202    4
   1   10    1   1.705959    -4.932773     0.000000      4.93277   89.87703    0.00862    4
   4    4   -6   1.705956    51.230852     0.000000      51.2309   89.87726    0.92992    4
   4    1    2   1.701725     4.834430    -0.000000      4.83443   90.16188    0.00826    4
   1    5   -8   1.701638    59.003101     0.000000      59.0031   90.16779    1.23036    4
   4    5   -5   1.701413   -22.113268     0.000000      22.1133   90.18297    0.17279    4
   2    5   -8   1.697438   -39.940679    -0.000000      39.9407   90.45250    0.56241    4
   2    7    4   1.696402    29.923591     0.000000      29.9236   90.52304    0.31549    4
   2    2   -9   1.695666    25.935516     0.000000      25.9355   90.57327    0.23690    4
   2    9   -4   1.692199    34.484053    -0.000000      34.4841   90.81063    0.41797    4
   0    4    8   1.691592    55.587632    -0.000000      55.5876   90.85232    1.08571    4
   2    8    3   1.690975    -1.956242    -0.000000      1.95624   90.89478    0.00134    4
   1    8   -6   1.690176    47.798050     0.000000       47.798   90.94981    0.80209    4
   1    2   -9   1.684817    -8.909444     0.000000      8.90944   91.32101    0.02778    4
   4    5    0   1.683713   -15.523495     0.000000      15.5235   91.39793    0.08429    4
   3    4    4   1.681373    16.541774    -0.000000      16.5418   91.56146    0.09559    4
   4    4    1   1.681134    23.789228    -0.000000      23.7892   91.57822    0.19767    4
   3    4   -8   1.679304    38.516175     0.000000      38.5162   91.70665    0.51763    4
   4    2    2   1.678864    46.186453    -0.000000      46.1865   91.73761    0.74414    4
   4    6   -3   1.678230    18.004917    -0.000000      18.0049   91.78223    0.11305    4
   3    8    0   1.675930    37.802958    -0.000000       37.803   91.94461    0.49770    4
   1   10   -3   1.675623    94.306481    -0.000000      94.3065   91.96628    3.09690    4
   3    8   -4   1.675246    10.453926     0.000000      10.4539   91.99302    0.03805    4
   4    6   -2   1.674790    76.837053    -0.000000      76.8371   92.02533    2.05487    4
   1    7   -7   1.673101    14.649312     0.000000      14.6493   92.14520    0.07462    4
   4    3   -7   1.672655    64.113351     0.000000      64.1134   92.17694    1.42899    4
   0   10    3   1.672111   -24.476417    -0.000000      24.4764   92.21566    0.20821    4
   1    9   -5   1.670084   -26.484155     0.000000      26.4842   92.36036    0.24350    4
   2    6    5   1.664561   -42.362045     0.000000       42.362   92.75724    0.62111    4
   2    4    6   1.663017    14.175193    -0.000000      14.1752   92.86899    0.06949    4
   4    6   -4   1.659905    11.514495    -0.000000      11.5145   93.09503    0.04577    4
   2    3   -9   1.658457    59.532885     0.000000      59.5329   93.20069    1.22267    4
   1   10    2   1.657880    12.406772    -0.000000      12.4068   93.24293    0.05309    4
   2    8   -6   1.657087   -11.102617     0.000000      11.1026   93.30097    0.04249    4
   3    7    2   1.656118    41.444449    -0.000000      41.4444   93.37198    0.59182    4
   2    7   -7   1.654868   -70.600523     0.000000      70.6005   93.46384    1.71627    4
   3    7   -6   1.654799   -15.383926     0.000000      15.3839   93.46891    0.08149    4
   3    6    3   1.653988   -27.526875    -0.000000      27.5269   93.52865    0.26078    4
   1    0    8   1.653582     8.130137    -0.000000      8.13014   93.55858    0.01137    2
   3    6   -7   1.652346   -21.734033     0.000000       21.734   93.64983    0.16243    4
   1    8    5   1.650883    59.573285     0.000000      59.5733   93.75812    1.21946    4
   3    1    5   1.650599    38.227725    -0.000000      38.2277   93.77917    0.50206    4
   4    6   -1   1.649978   -42.607368    -0.000000      42.6074   93.82527    0.62349    4
   2    9    2   1.649318   -14.814360     0.000000      14.8144   93.87427    0.07535    4
   3    1   -9   1.648315     2.794737    -0.000000      2.79474   93.94888    0.00268    4
   1    3   -9   1.648303     3.163009     0.000000      3.16301   93.94979    0.00343    4
   1    5    7   1.647671   -16.350149     0.000000      16.3501   93.99693    0.09170    4
   1    1    8   1.646492    -0.121577     0.000000     0.121577   94.08491    0.00001    4
   0    8    6   1.643622    35.721003    -0.000000       35.721   94.30002    0.43680    4
   4    3    2   1.642727    -3.525071    -0.000000      3.52507   94.36734    0.00425    4
   4    5   -6   1.639533     6.617290     0.000000      6.61729   94.60862    0.01496    4
   1    9    4   1.638850     7.264944     0.000000      7.26494   94.66037    0.01802    4
   0    9    5   1.638607    -5.244089     0.000000      5.24409   94.67878    0.00939    4
   4    0   -8   1.634573   155.369260     0.000000      155.369   94.98611    4.11304    2
   2   10   -1   1.630083    22.756570    -0.000000      22.7566   95.33110    0.17608    4
   3    2    5   1.629712     6.195660    -0.000000      6.19566   95.35971    0.01305    4
   1    7    6   1.628302    -7.304041    -0.000000      7.30404   95.46878    0.01812    4
   4    1   -8   1.627725   -12.906258     0.000000      12.9063   95.51348    0.05657    4
   3    2   -9   1.627514    -2.779753     0.000000      2.77975   95.52980    0.00262    4
   0    5    8   1.626770    -8.625312     0.000000      8.62531   95.58752    0.02526    4
   2   10   -2   1.626616    23.899828    -0.000000      23.8998   95.59948    0.19389    4
   1    2    8   1.625759   -15.288671     0.000000      15.2887   95.66614    0.07931    4
   5    0   -4   1.625348    38.949164     0.000000      38.9492   95.69818    0.25732    2
   2    9   -5   1.624669    -9.381946    -0.000000      9.38195   95.75106    0.02985    4
   3    8    1   1.623676    -5.514011    -0.000000      5.51401   95.82857    0.01031    4
   4    4   -7   1.623240   -53.388460     0.000000      53.3885   95.86272    0.96598    4
   3    8   -5   1.622744   -36.318691     0.000000      36.3187   95.90152    0.44692    4
   5    1   -3   1.622184    16.611698    -0.000000      16.6117   95.94536    0.09347    4
   1    6   -8   1.622059    29.666978     0.000000       29.667   95.95520    0.29811    4
   4    6   -5   1.621864   -13.832843    -0.000000      13.8328   95.97046    0.06481    4
   0    1    9   1.618936    -3.958390     0.000000      3.95839   96.20075    0.00530    4
   5    1   -4   1.618614   -20.315973    -0.000000       20.316   96.22620    0.13957    4
   2    6   -8   1.618420    11.751229    -0.000000      11.7512   96.24152    0.04669    4
   3    5    4   1.617675    -9.552311     0.000000      9.55231   96.30034    0.03084    4
   4    5    1   1.617462    -0.752223    -0.000000     0.752223   96.31720    0.00019    4
   1   10   -4   1.616572     0.873620    -0.000000      0.87362   96.38771    0.00026    4
   3    5   -8   1.615832    42.595260     0.000000      42.5953   96.44638    0.61275    4
   0    7    7   1.614687   -22.787957    -0.000000       22.788   96.53742    0.17528    4
   2   10    0   1.613580    -1.742331    -0.000000      1.74233   96.62557    0.00102    4
   5    0   -2   1.612646    52.521443     0.000000      52.5214   96.70011    0.46513    2
   2    4   -9   1.610254    19.240089     0.000000      19.2401   96.89171    0.12470    4
   0   11    1   1.608375   -17.311487     0.000000      17.3115   97.04286    0.10087    4
   4    2   -8   1.607684   122.279222     0.000000      122.279   97.09858    5.03106    4
   2    1    7   1.606695   -63.684506     0.000000      63.6845   97.17849    1.36405    4
   4    6    0   1.606511    15.494756     0.000000      15.4948   97.19337    0.08074    4
   5    1   -2   1.606068   -21.100220    -0.000000      21.1002   97.22917    0.14970    4
   2   10   -3   1.603556     1.864174    -0.000000      1.86417   97.43311    0.00117    4
   5    2   -3   1.602345     5.539253     0.000000      5.53925   97.53184    0.01030    4
   2    5    6   1.601307    22.513932    -0.000000      22.5139   97.61659    0.17007    4
   1    4   -9   1.600955   -18.846537    -0.000000      18.8465   97.64541    0.11916    4
   0   10    4   1.600544    12.142712     0.000000      12.1427   97.67900    0.04946    4
   0    2    9   1.599214   -67.240927     0.000000      67.2409   97.78807    1.51569    4
   3    9   -2   1.598934   -11.516664    -0.000000      11.5167   97.81112    0.04446    4
   5    2   -4   1.598904    34.684524     0.000000      34.6845   97.81361    0.40323    4
   3    3    5   1.596596    45.846248    -0.000000      45.8462   98.00367    0.70383    4
   4    4    2   1.595844    34.578763    -0.000000      34.5788   98.06580    0.40026    4
   5    1   -5   1.595740   -45.824997    -0.000000       45.825   98.07445    0.70292    4
   3    3   -9   1.594529    22.178936     0.000000      22.1789   98.17470    0.16457    4
   1   10    3   1.594372   -15.834708     0.000000      15.8347   98.18774    0.08388    4
   4    1    3   1.594157   -21.840014     0.000000        21.84   98.20561    0.15956    4
   1    3    8   1.592879   -11.273912     0.000000      11.2739   98.31181    0.04249    4
   2    8    4   1.591452    16.879486    -0.000000      16.8795   98.43073    0.09520    4
   3    9   -1   1.589617    -9.618916     0.000000      9.61892   98.58421    0.03089    4
   3    9   -3   1.589325    13.556715    -0.000000      13.5567   98.60867    0.06136    4
   4    7   -3   1.588931   -47.010351     0.000000      47.0104   98.64167    0.73767    4
   2    2    7   1.587412   -31.098277     0.000000      31.0983   98.76938    0.32261    4
   5    2   -2   1.586808     0.420364     0.000000     0.420364   98.82026    0.00006    4
   1   11   -1   1.586146    -9.022408     0.000000      9.02241   98.87606    0.02714    4
   4    7   -2   1.586010    62.088551    -0.000000      62.0886   98.88751    1.28525    4
   1   11    0   1.583096   -22.024792     0.000000      22.0248   99.13430    0.16154    4
   0   11    2   1.579990   -41.312098    -0.000000      41.3121   99.39906    0.56766    4
   2   10    1   1.578856   -10.190406     0.000000      10.1904   99.49617    0.03452    4
   2    7    5   1.577316   -46.830874     0.000000      46.8309   99.62843    0.72871    4
   5    2   -5   1.576844    25.085154     0.000000      25.0852   99.66904    0.20905    4
   4    3   -8   1.575867   -11.051681     0.000000      11.0517   99.75324    0.04056    4
   4    2    3   1.575316   -19.727617     0.000000      19.7276   99.80078    0.12922    4
   1    6    7   1.575113   -36.454844    -0.000000      36.4548   99.81837    0.44121    4
   2    9    3   1.574503   -12.865848    -0.000000      12.8658   99.87113    0.05494    4
   1    9   -6   1.573858   -40.243827     0.000000      40.2438   99.92698    0.53744    4
   4    7   -4   1.573352     0.972148     0.000000     0.972148   99.97078    0.00031    4
   1    8   -7   1.572166    -3.666300    -0.000000       3.6663  100.07383    0.00446    4
   5    1   -1   1.571958    32.454040     0.000000       32.454  100.09195    0.34927    4
   5    3   -3   1.570838    37.378756     0.000000      37.3788  100.18956    0.46312    4
   1   11   -2   1.570789    24.387279    -0.000000      24.3873  100.19378    0.19714    4
   3    7    3   1.568310    39.573823    -0.000000      39.5738  100.41061    0.51864    4
   4    6   -6   1.567998    36.828498     0.000000      36.8285  100.43799    0.44913    4
   0    3    9   1.567888    36.377469    -0.000000      36.3775  100.44768    0.43818    4
   5    3   -4   1.567595    26.910142     0.000000      26.9101  100.47341    0.23976    4
   3    7   -7   1.566910     5.554823     0.000000      5.55482  100.53360    0.01021    4
   4    5   -7   1.565703    47.098069     0.000000      47.0981  100.63993    0.73394    4
   4    7   -1   1.564890    50.014828    -0.000000      50.0148  100.71172    0.82742    4
   2   10   -4   1.563291    16.493127    -0.000000      16.4931  100.85332    0.08993    4
   3    9    0   1.562335   -22.187118     0.000000      22.1871  100.93818    0.16269    4
   1   11    1   1.561953   -22.948112     0.000000      22.9481  100.97221    0.17401    4
   5    0   -6   1.561888    81.917547     0.000000      81.9175  100.97799    1.10868    2
   3    9   -4   1.561781   -19.063270    -0.000000      19.0633  100.98746    0.12008    4
   2    0  -10   1.558859   -13.273659    -0.000000      13.2737  101.24831    0.02908    2
   3    8    2   1.558050    63.361408    -0.000000      63.3614  101.32087    1.32488    4
   2    8   -7   1.557009     8.616231     0.000000      8.61623  101.41440    0.02449    4
   3    8   -6   1.556952    57.642814    -0.000000      57.6428  101.41956    1.09613    4
   0    6    8   1.556824    45.960627    -0.000000      45.9606  101.43105    0.69683    4
   2    3    7   1.556760     7.441000     0.000000        7.441  101.43675    0.01826    4
   5    3   -2   1.556191    13.752378     0.000000      13.7524  101.48805    0.06238    4
   5    1   -6   1.555909   -22.775607     0.000000      22.7756  101.51343    0.17107    4
   2    5   -9   1.554041    37.489279     0.000000      37.4893  101.68227    0.46321    4
   5    2   -1   1.553885     9.462155    -0.000000      9.46216  101.69638    0.02951    4
   3    4    5   1.553452    35.436444    -0.000000      35.4364  101.73563    0.41379    4
   2    1  -10   1.552916   -64.902067    -0.000000      64.9021  101.78426    1.38780    4
   3    4   -9   1.551548   -33.010130    -0.000000      33.0101  101.90862    0.35886    4
   1    4    8   1.550027     9.629306    -0.000000      9.62931  102.04734    0.03052    4
   3    6    4   1.548847    26.313349     0.000000      26.3133  102.15532    0.22783    4
   4    6    1   1.548660    22.377383    -0.000000      22.3774  102.17247    0.16476    4
   3    6   -8   1.547229    27.185333     0.000000      27.1853  102.30383    0.24307    4
   2    9   -6   1.547036   -24.979962     0.000000        24.98  102.32151    0.20522    4
   5    3   -5   1.546789    -1.648588     0.000000      1.64859  102.34426    0.00089    4
   1   10   -5   1.545804     6.799376    -0.000000      6.79938  102.43502    0.01520    4
   1    5   -9   1.545677   -43.321501    -0.000000      43.3215  102.44679    0.61697    4
   4    3    3   1.545347    -4.969569     0.000000      4.96957  102.47721    0.00812    4
   1    9    5   1.541985    52.841301    -0.000000      52.8413  102.78898    0.91696    4
   4    5    2   1.541076   -13.030407     0.000000      13.0304  102.87362    0.05575    4
   1    7   -8   1.541011    15.934465     0.000000      15.9345  102.87968    0.08336    4
   4    7   -5   1.540844   -41.517828     0.000000      41.5178  102.89526    0.56589    4
   1    0  -10   1.538984    35.883244     0.000000      35.8832  103.06920    0.21125    2
   1   11   -3   1.538569    41.531867    -0.000000      41.5319  103.10818    0.56592    4
   5    2   -6   1.538378    37.621486     0.000000      37.6215  103.12608    0.46435    4
   2    7   -8   1.537890   -57.587500    -0.000000      57.5875  103.17191    1.08786    4
   0    9    6   1.536063     2.354266    -0.000000      2.35427  103.34390    0.00182    4
   0   11    3   1.535848    11.136384    -0.000000      11.1364  103.36419    0.04066    4
   2    2  -10   1.535484    73.171881     0.000000      73.1719  103.39860    1.75522    4
   1    8    6   1.534821    43.627533    -0.000000      43.6275  103.46129    0.62386    4
   2    6    6   1.534462    25.583072    -0.000000      25.5831  103.49531    0.21450    4
   4    4   -8   1.534338    52.257557     0.000000      52.2576  103.50704    0.89498    4
   1    1  -10   1.533264   -35.919659    -0.000000      35.9197  103.60892    0.42273    4
   5    4   -3   1.529695   -27.563131    -0.000000      27.5631  103.94941    0.24870    4
   2   10    2   1.529294     9.876930    -0.000000      9.87693  103.98778    0.03193    4
   5    0    0   1.528759    50.527620     0.000000      50.5276  104.03916    0.41778    2
   4    7    0   1.527661   -31.929184     0.000000      31.9292  104.14473    0.33357    4
   0    4    9   1.526970    23.193007     0.000000       23.193  104.21123    0.17598    4
   5    4   -4   1.526700    44.696655     0.000000      44.6967  104.23733    0.65353    4
   5    3   -1   1.525100    30.141806    -0.000000      30.1418  104.39195    0.29710    4
   1   11    2   1.524798   -14.706568    -0.000000      14.7066  104.42122    0.07072    4
   0    8    7   1.523403    38.912566    -0.000000      38.9126  104.55665    0.49497    4
   5    1    0   1.523152   -18.758873     0.000000      18.7589  104.58113    0.11502    4
   4    1   -9   1.521402   -33.186328    -0.000000      33.1863  104.75175    0.35986    4
   1   10    4   1.520938    47.406823    -0.000000      47.4068  104.79711    0.73426    4
   0   10    5   1.520744   -40.205959     0.000000       40.206  104.81607    0.52812    4
   3    9    1   1.519745   -23.207681     0.000000      23.2077  104.91399    0.17593    4
   3    9   -5   1.518980    32.928490    -0.000000      32.9285  104.98910    0.35411    4
   3    0    6   1.518143    63.459069    -0.000000      63.4591  105.07152    0.65748    2
   2    4    7   1.516686    13.423719    -0.000000      13.4237  105.21523    0.05882    4
   1    2  -10   1.516479    57.004487     0.000000      57.0045  105.23570    1.06073    4
   5    4   -2   1.516159   -13.637363     0.000000      13.6374  105.26735    0.06070    4
   3    0  -10   1.516112     5.066417     0.000000      5.06642  105.27202    0.00419    2
   3    1    6   1.512651    20.799312    -0.000000      20.7993  105.61609    0.14112    4
   3    1  -10   1.510642   -53.772165    -0.000000      53.7722  105.81711    0.94287    4
   5    3   -6   1.510431    -6.628057     0.000000      6.62806  105.83827    0.01432    4
   2   10   -5   1.509583    58.751039    -0.000000       58.751  105.92353    1.12536    4
   2    3  -10   1.507692    52.066633     0.000000      52.0666  106.11418    0.88359    4
   5    4   -5   1.507461   -14.185653     0.000000      14.1857  106.13758    0.06559    4
   5    2    0   1.506693    13.899308    -0.000000      13.8993  106.21531    0.06296    4
   4    4    3   1.506126    -4.001011     0.000000      4.00101  106.27279    0.00522    4
   4    2   -9   1.504999    58.800446     0.000000      58.8004  106.38728    1.12647    4
   2   11   -1   1.503089     2.238614    -0.000000      2.23861  106.58217    0.00163    4
   4    6   -7   1.503048    37.729666     0.000000      37.7297  106.58627    0.46367    4
   5    1   -7   1.502810   -17.029163    -0.000000      17.0292  106.61071    0.09445    4
   3    5    5   1.502798    -0.037179    -0.000000    0.0371792  106.61189    0.00000    4
   4    8   -3   1.501717    16.298827    -0.000000      16.2988  106.72267    0.08651    4
   3    5   -9   1.501074   -37.417926    -0.000000      37.4179  106.78867    0.45592    4
   1    7    7   1.500587   -56.439753     0.000000      56.4398  106.83874    1.03723    4
   2   11   -2   1.500370    10.342346    -0.000000      10.3423  106.86112    0.03483    4
   1    5    8   1.499697    -7.996261    -0.000000      7.99626  106.93046    0.02082    4
   4    8   -2   1.499250    41.735944    -0.000000      41.7359  106.97653    0.56710    4
   3    2    6   1.496527    37.954322    -0.000000      37.9543  107.25874    0.46884    4
   3    2  -10   1.494581    70.639722     0.000000      70.6397  107.46149    1.62375    4
   4    7   -6   1.494432   -41.449880     0.000000      41.4499  107.47712    0.55906    4
   4    0    4   1.494278   -15.369537     0.000000      15.3695  107.49322    0.03843    2
   2    9    4   1.493224    28.334002     0.000000       28.334  107.60361    0.26121    4
   2    6   -9   1.492721   -41.234331     0.000000      41.2343  107.65632    0.55318    4
   1   11   -4   1.492476    32.201345    -0.000000      32.2013  107.68206    0.33735    4
   2    8    5   1.491899   -18.975297     0.000000      18.9753  107.74270    0.11714    4
   2   11    0   1.490121    38.624176    -0.000000      38.6242  107.93028    0.48526    4
   1    3  -10   1.489689   -17.977219    -0.000000      17.9772  107.97601    0.10512    4
   4    1    4   1.489040     5.195131     0.000000      5.19513  108.04468    0.00878    4
   3   10   -2   1.488871    35.134442    -0.000000      35.1344  108.06258    0.40150    4
   4    8   -4   1.488545    28.676750    -0.000000      28.6767  108.09726    0.26747    4
   5    4   -1   1.487363    25.293772    -0.000000      25.2938  108.22283    0.20807    4
   5    2   -7   1.486995    34.620169     0.000000      34.6202  108.26210    0.38978    4
   4    5   -8   1.485473     6.855254     0.000000      6.85525  108.42457    0.01528    4
   1    6   -9   1.485304    23.034349     0.000000      23.0343  108.44265    0.17254    4
   0    7    8   1.484748    17.376675    -0.000000      17.3767  108.50227    0.09819    4
   3    8    3   1.484273   -21.150390    -0.000000      21.1504  108.55327    0.14546    4
   0   12    0   1.483333    -7.603298     0.000000       7.6033  108.65423    0.00940    2
   1    1    9   1.483323   -51.268270     0.000000      51.2683  108.65534    0.85464    4
   3    8   -7   1.483086   -21.538849    -0.000000      21.5388  108.68090    0.15084    4
   2   11   -3   1.482215     2.793717    -0.000000      2.79372  108.77470    0.00254    4
   4    8   -1   1.481372   -18.025181    -0.000000      18.0252  108.86580    0.10564    4
   3   10   -1   1.481340    -5.072624    -0.000000      5.07262  108.86930    0.00837    4
   5    5   -3   1.481259    18.189682    -0.000000      18.1897  108.87812    0.10757    4
   4    6    2   1.481221   -11.385146     0.000000      11.3851  108.88221    0.04214    4
   3   10   -3   1.481104    17.570390    -0.000000      17.5704  108.89487    0.10037    4
   5    3    0   1.480409    -2.270689    -0.000000      2.27069  108.97018    0.00168    4
   0   11    4   1.479836     1.088597    -0.000000       1.0886  109.03235    0.00039    4
   4    3   -9   1.478802   -26.281702    -0.000000      26.2817  109.14481    0.22456    4
   0    5    9   1.478785    30.769133    -0.000000      30.7691  109.14672    0.30780    4
   5    5   -4   1.478539    -1.682233    -0.000000      1.68223  109.17350    0.00092    4
   3    7    4   1.477823   -48.850208     0.000000      48.8502  109.25155    0.77582    4
   4    7    1   1.477661    -4.368808    -0.000000      4.36881  109.26931    0.00621    4
   1    9   -7   1.477259    39.225209    -0.000000      39.2252  109.31329    0.50021    4
   3    7   -8   1.476418    50.424471     0.000000      50.4245  109.40536    0.82662    4
   0   12    1   1.475768   -20.034846    -0.000000      20.0348  109.47662    0.13049    4
   1   11    3   1.474953     9.875607     0.000000      9.87561  109.56623    0.03171    4
   5    4   -6   1.473747    32.372936     0.000000      32.3729  109.69923    0.34071    4
   4    2    4   1.473652   -43.706111     0.000000      43.7061  109.70976    0.62103    4
   2    4  -10   1.471202    43.353823     0.000000      43.3538  109.98122    0.61109    4
   3    3    6   1.470762     0.170035    -0.000000     0.170035  110.03021    0.00001    4
   2    5    7   1.469437    30.214210    -0.000000      30.2142  110.17793    0.29682    4
   2   10    3   1.469086    27.763019     0.000000       27.763  110.21723    0.25062    4
   5    5   -2   1.468958   -26.692731     0.000000      26.6927  110.23151    0.23167    4
   3    3  -10   1.468915    11.986331     0.000000      11.9863  110.23632    0.04671    4
   1   10   -6   1.468562     6.890595     0.000000       6.8906  110.27587    0.01544    4
   1    2    9   1.468109   -17.748743     0.000000      17.7487  110.32663    0.10243    4
   3    9    2   1.465529    44.962568    -0.000000      44.9626  110.61702    0.65744    4
   2    7    6   1.465313    44.832558     0.000000      44.8326  110.64149    0.65365    4
   2    9   -7   1.464663     2.634954     0.000000      2.63495  110.71502    0.00226    4
   3    9   -6   1.464615     3.427635    -0.000000      3.42764  110.72043    0.00382    4
   2    0    8   1.463798    53.789645    -0.000000      53.7896  110.81309    0.47051    2
   5    1    1   1.463752   -84.213803     0.000000      84.2138  110.81826    2.30658    4
   0    0   10   1.463107   -22.734064     0.000000      22.7341  110.89158    0.08405    2
   2   11    1   1.462643     8.691632     0.000000      8.69163  110.94433    0.02457    4
   5    3   -7   1.461711   -55.877255    -0.000000      55.8773  111.05063    1.01564    4
   1    8   -8   1.461068    31.301249     0.000000      31.3012  111.12412    0.31873    4
   5    5   -5   1.461043    21.731952     0.000000       21.732  111.12696    0.15364    4
   4    8   -5   1.460926    -9.979386    -0.000000      9.97939  111.14039    0.03240    4
   4    5    3   1.459828   -44.617759     0.000000      44.6178  111.26622    0.64768    4
   3   10    0   1.459188    12.691333    -0.000000      12.6913  111.33974    0.05241    4
   2    1    8   1.458873     1.735874    -0.000000      1.73587  111.37596    0.00098    4
   3   10   -4   1.458736    21.134140    -0.000000      21.1341  111.39169    0.14533    4
   1   12   -1   1.458541   -77.005757     0.000000      77.0058  111.41423    1.92949    4
   2    8   -8   1.458407    49.533229     0.000000      49.5332  111.42965    0.79836    4
   0    1   10   1.458189    -1.776846     0.000000      1.77685  111.45476    0.00103    4
   1   12    0   1.456168    17.351313     0.000000      17.3513  111.68846    0.09799    4
   1    4  -10   1.454460     5.103547    -0.000000      5.10355  111.88707    0.00848    4
   0   12    2   1.453750     6.753679    -0.000000      6.75368  111.96995    0.01485    4
   2   11   -4   1.450243    24.274227    -0.000000      24.2742  112.38166    0.19194    4
   4    8    0   1.449674    52.113673    -0.000000      52.1137  112.44877    0.88473    4
   5    2    1   1.449127   -18.198647     0.000000      18.1986  112.51355    0.10790    4
   4    3    4   1.449031    -1.219574     0.000000      1.21957  112.52484    0.00048    4
   3    6    5   1.447136    27.939351    -0.000000      27.9394  112.74991    0.25441    4
   2   10   -6   1.446700     0.966125    -0.000000     0.966125  112.80182    0.00030    4
   1   12   -2   1.446573     8.052730     0.000000      8.05273  112.81695    0.02114    4
   1    9    6   1.446148   -27.301920    -0.000000      27.3019  112.86771    0.24297    4
   5    4    0   1.445819    68.878741    -0.000000      68.8787  112.90695    1.54658    4
   3    6   -9   1.445596    -1.155929    -0.000000      1.15593  112.93365    0.00044    4
   5    0   -8   1.445368     0.756435    -0.000000     0.756435  112.96095    0.00009    2
   2    2    8   1.444392    34.154065    -0.000000      34.1541  113.07795    0.38037    4
   1    6    8   1.444366   -28.568046     0.000000       28.568  113.08107    0.26613    4
   4    4   -9   1.444323    -5.036620    -0.000000      5.03662  113.08626    0.00827    4
   1    3    9   1.443761   -53.479706     0.000000      53.4797  113.15375    0.93273    4
   0    2   10   1.443728    -5.350313     0.000000      5.35031  113.15771    0.00934    4
   5    5   -1   1.442724   -20.300407    -0.000000      20.3004  113.27873    0.13443    4
   1   10    5   1.442566    -2.850101    -0.000000       2.8501  113.29770    0.00265    4
   5    1   -8   1.440626   -13.822704    -0.000000      13.8227  113.53251    0.06235    4
   1   12    1   1.439663    54.524511     0.000000      54.5245  113.64967    0.97041    4
   4    7   -7   1.437884    15.122995     0.000000       15.123  113.86684    0.07469    4
   0   10    6   1.437715    29.854538     0.000000      29.8545  113.88756    0.29107    4
   3    4    6   1.436829    40.372487    -0.000000      40.3725  113.99615    0.53241    4
   0    9    7   1.436585    37.389364    -0.000000      37.3894  114.02615    0.45667    4
   1   11   -5   1.436249    35.495704    -0.000000      35.4957  114.06741    0.41162    4
   3    4  -10   1.435107     2.253255    -0.000000      2.25326  114.20814    0.00166    4
   4    6   -8   1.431646     8.592860     0.000000      8.59286  114.63766    0.02415    4
   5    5   -6   1.430287    33.764839     0.000000      33.7648  114.80767    0.37309    4
   2    7   -9   1.428835    35.217122     0.000000      35.2171  114.99002    0.40606    4
   5    4   -7   1.428387   -32.447373    -0.000000      32.4474  115.04642    0.34475    4
   2    5  -10   1.427960    28.467681     0.000000      28.4677  115.10024    0.26541    4
   5    6   -3   1.427872    -8.734368    -0.000000      8.73437  115.11133    0.02499    4
   5    2   -8   1.426677    -2.361932     0.000000      2.36193  115.26252    0.00183    4
   1    8    7   1.426478   -20.138687    -0.000000      20.1387  115.28772    0.13289    4
   5    3    1   1.425696   -32.909992     0.000000        32.91  115.38701    0.35498    4
   0    6    9   1.425656   -28.442022    -0.000000       28.442  115.39211    0.26514    4
   5    6   -4   1.425436    50.951905    -0.000000      50.9519  115.42012    0.85095    4
   4    0  -10   1.424491   -31.667519    -0.000000      31.6675  115.54052    0.16441    2
   3   10    1   1.424308    13.088728    -0.000000      13.0887  115.56383    0.05618    4
   3   10   -5   1.423678    32.083444    -0.000000      32.0834  115.64430    0.33761    4
   2   11    2   1.422978   -24.173696     0.000000      24.1737  115.73402    0.19172    4
   1    7   -9   1.422326   -27.461344     0.000000      27.4613  115.81768    0.24747    4
   1   12   -3   1.421291   -27.891224    -0.000000      27.8912  115.95090    0.25538    4
   4    8   -6   1.421187    62.940455    -0.000000      62.9405  115.96423    1.30056    4
   2    3    8   1.421186     7.104162    -0.000000      7.10416  115.96433    0.01657    4
   0    3   10   1.420554    -9.370268    -0.000000      9.37027  116.04595    0.02883    4
   4    1  -10   1.419951   -31.233480    -0.000000      31.2335  116.12398    0.32042    4
   0   12    3   1.419145    81.583534    -0.000000      81.5835  116.22838    2.18692    4
   4    7    2   1.418739   -32.999098     0.000000      32.9991  116.28122    0.35785    4
   4    9   -3   1.418356    35.944989    -0.000000       35.945  116.33098    0.42467    4
   2    6    7   1.417275   -18.750017     0.000000        18.75  116.47192    0.11560    4
   5    6   -2   1.416845     8.192727     0.000000      8.19273  116.52810    0.02208    4
   4    4    4   1.416548    12.428992    -0.000000       12.429  116.56697    0.05081    4
   4    9   -2   1.416277    26.486921    -0.000000      26.4869  116.60239    0.23079    4
   1   11    4   1.416238   -22.586806     0.000000      22.5868  116.60749    0.16783    4
   0   11    5   1.416082    19.549145    -0.000000      19.5491  116.62800    0.12573    4
   2    1  -11   1.413701   -15.649573    -0.000000      15.6496  116.94134    0.08066    4
   0    8    8   1.412851    72.593557    -0.000000      72.5936  117.05382    1.73633    4
   1    5  -10   1.412636   -47.342590    -0.000000      47.3426  117.08227    0.73856    4
   1    4    9   1.411623    38.703888     0.000000      38.7039  117.21685    0.49386    4
   1   12    2   1.410414   -10.517002    -0.000000       10.517  117.37800    0.03649    4
   2    9    5   1.410076    41.694311    -0.000000      41.6943  117.42321    0.57356    4
   5    6   -5   1.409739    30.875610    -0.000000      30.8756  117.46832    0.31458    4
   4    6    3   1.408647     3.294084     0.000000      3.29408  117.61476    0.00358    4
   4    9   -4   1.407242     9.608535    -0.000000      9.60854  117.80393    0.03051    4
   2   11   -5   1.407057    18.699770    -0.000000      18.6998  117.82893    0.11555    4
   3    8    4   1.406880    33.749795     0.000000      33.7498  117.85278    0.37643    4
   4    8    1   1.406740     5.951431    -0.000000      5.95143  117.87173    0.01171    4
   4    2  -10   1.406588     9.266774     0.000000      9.26677  117.89236    0.02838    4
   3    8   -8   1.405668    23.849065     0.000000      23.8491  118.01705    0.18809    4
   5    5    0   1.404716    -1.748217    -0.000000      1.74822  118.14644    0.00101    4
   5    3   -8   1.404302   -36.246310    -0.000000      36.2463  118.20285    0.43480    4
   3    9    3   1.403631     8.815744    -0.000000      8.81574  118.29443    0.02573    4
   4    5   -9   1.403343   -18.367050     0.000000      18.3671  118.33379    0.11171    4
   3    9   -7   1.402627    37.392555    -0.000000      37.3926  118.43188    0.46318    4
   2   10    4   1.402406    33.214271    -0.000000      33.2143  118.46212    0.36549    4
   5    0    2   1.402194   -21.109043     0.000000       21.109  118.49131    0.07382    2
   4    9   -1   1.401178    12.367993     0.000000       12.368  118.63114    0.05072    4
   2    2  -11   1.400512    39.590367     0.000000      39.5904  118.72296    0.51988    4
   5    1    2   1.397863    -7.429788     0.000000      7.42979  119.09055    0.01834    4
   3    5    6   1.396466    -6.934012     0.000000      6.93401  119.28580    0.01599    4
   2    8    6   1.396073    51.390165    -0.000000      51.3902  119.34087    0.87842    4
   3    5  -10   1.394885   -36.041272    -0.000000      36.0413  119.50791    0.43240    4
   5    4    1   1.394724   -50.575339     0.000000      50.5753  119.53071    0.85156    4
   5    6   -1   1.393261    47.248944    -0.000000      47.2489  119.73748    0.74397    4
   2   12   -1   1.393180     2.564660    -0.000000      2.56466  119.74894    0.00219    4
   3    1    7   1.391599    30.046843    -0.000000      30.0468  119.97362    0.30122    4
   2   12   -2   1.391014     3.751703     0.000000       3.7517  120.05713    0.00470    4
   2    4    8   1.390501    39.072843    -0.000000      39.0728  120.13050    0.50977    4
   1    1  -11   1.390413     1.247465    -0.000000      1.24747  120.14313    0.00052    4
   3   11   -2   1.390240    55.629218    -0.000000      55.6292  120.16783    1.03351    4
   0    4   10   1.389909    -7.953081     0.000000      7.95308  120.21535    0.02113    4
   3    1  -11   1.389839     8.942736    -0.000000      8.94274  120.22526    0.02672    4
   4    1    5   1.389598   -12.114855     0.000000      12.1149  120.25990    0.04904    4
   1   10   -7   1.389156    23.461135    -0.000000      23.4611  120.32346    0.18397    4
   5    5   -7   1.388712   -55.285979    -0.000000       55.286  120.38736    1.02196    4
   3    7    5   1.388703   -34.460155     0.000000      34.4602  120.38867    0.39704    4
   3    7   -9   1.387342   -24.813824    -0.000000      24.8138  120.58516    0.20608    4
   1    7    8   1.386254    10.579224     0.000000      10.5792  120.74292    0.03749    4
   4    3  -10   1.385131   -23.485813    -0.000000      23.4858  120.90662    0.18494    4
   5    2    2   1.385109   -63.636450     0.000000      63.6364  120.90981    1.35779    4
   1   12   -4   1.384717    16.045331     0.000000      16.0453  120.96706    0.08635    4
   3   11   -1   1.384103     9.799059    -0.000000      9.79906  121.05693    0.03222    4
   1    9   -8   1.383958    29.429003    -0.000000       29.429  121.07809    0.29065    4
   3   11   -3   1.383910   -12.819464     0.000000      12.8195  121.08517    0.05515    4
   4    9   -5   1.383837    29.018500    -0.000000      29.0185  121.09581    0.28263    4
   2   12    0   1.382835    17.187983    -0.000000       17.188  121.24307    0.09924    4
   5    6   -6   1.382050   -11.151056     0.000000      11.1511  121.35881    0.04180    4
   2    9   -8   1.381696   -57.397683     0.000000      57.3977  121.41109    1.10773    4
   2    6  -10   1.379950    33.798379     0.000000      33.7984  121.66996    0.38467    4
   3   10    2   1.379389    23.710706    -0.000000      23.7107  121.75360    0.18941    4
   2    3  -11   1.379327   -10.727160    -0.000000      10.7272  121.76276    0.03877    4
   3    2    7   1.379014   -12.644750    -0.000000      12.6447  121.80960    0.05389    4
   2   10   -7   1.378666    20.545134    -0.000000      20.5451  121.86150    0.14230    4
   3   10   -6   1.378626    14.404729    -0.000000      14.4047  121.86746    0.06996    4
   1    2  -11   1.377859    51.543759     0.000000      51.5438  121.98241    0.89632    4
   4    5    4   1.377825    27.732956    -0.000000       27.733  121.98752    0.25949    4
   3    2  -11   1.377301    29.222867     0.000000      29.2229  122.06614    0.28826    4
   4    2    5   1.377066    -4.148796    -0.000000       4.1488  122.10146    0.00581    4
   2   12   -3   1.376510   -46.588321     0.000000      46.5883  122.18522    0.73317    4
   4    7   -8   1.374998    12.148232     0.000000      12.1482  122.41392    0.04992    4
   5    4   -8   1.374674    29.205247    -0.000000      29.2052  122.46296    0.28862    4
   0   12    4   1.374604    -1.740681    -0.000000      1.74068  122.47369    0.00103    4
   4    9    0   1.374263   -25.709063     0.000000      25.7091  122.52541    0.22374    4
   2   11    3   1.374091     7.233568    -0.000000      7.23357  122.55163    0.01772    4
   1   11   -6   1.373662   -27.708927     0.000000      27.7089  122.61693    0.26006    4
   5    1   -9   1.373313    74.480642     0.000000      74.4806  122.67024    1.87959    4
   1    5    9   1.373292   -46.542912     0.000000      46.5429  122.67347    0.73400    4
   4    8   -7   1.372291     7.279167    -0.000000      7.27917  122.82653    0.01797    4
   5    7   -3   1.371653    -6.289618     0.000000      6.28962  122.92441    0.01343    4
   1   12    3   1.370688    -4.900405     0.000000       4.9004  123.07296    0.00816    4
   0    7    9   1.369688    24.813615    -0.000000      24.8136  123.22747    0.20939    4
   5    7   -4   1.369492    -8.477014     0.000000      8.47701  123.25772    0.02444    4
   1    6  -10   1.366106    18.048734    -0.000000      18.0487  123.78595    0.11121    4
   3   11    0   1.365981    12.085502    -0.000000      12.0855  123.80557    0.04987    4
   3   11   -4   1.365611   -36.554753     0.000000      36.5548  123.86381    0.45641    4
   5    3    2   1.364605    13.714467     0.000000      13.7145  124.02237    0.06432    4
   2    8   -9   1.364418   -12.737002     0.000000       12.737  124.05202    0.05549    4
   0   13    1   1.363274   -15.264659     0.000000      15.2647  124.23329    0.07980    4
   1   10    6   1.363192    11.023912     0.000000      11.0239  124.24636    0.04162    4
   2    7    7   1.362251     5.396936    -0.000000      5.39694  124.39623    0.00999    4
   5    7   -2   1.361869   -44.634265     0.000000      44.6343  124.45719    0.68339    4
   5    2   -9   1.361213    25.784270     0.000000      25.7843  124.56218    0.22823    4
   2   12    1   1.360791   -27.131638    -0.000000      27.1316  124.62975    0.25284    4
   5    6    0   1.358939    48.318139    -0.000000      48.3181  124.92817    0.80369    4
   3    3    7   1.358776     2.818385    -0.000000      2.81839  124.95456    0.00273    4
   1    8   -9   1.358747     1.111137     0.000000      1.11114  124.95927    0.00043    4
   6    0   -4   1.358332    13.639312    -0.000000      13.6393  125.02649    0.03204    2
   5    5    1   1.357717   -18.515424     0.000000      18.5154  125.12632    0.11819    4
   4    6   -9   1.357696    48.269564     0.000000      48.2696  125.12974    0.80332    4
   1    3  -11   1.357671    20.703709     0.000000      20.7037  125.13376    0.14779    4
   3    3  -11   1.357138    -6.163551    -0.000000      6.16355  125.22061    0.01311    4
   4    3    5   1.356913    20.217579    -0.000000      20.2176  125.25725    0.14107    4
   4    4  -10   1.356676   -27.422017    -0.000000       27.422  125.29596    0.25960    4
   2   11   -6   1.355721    25.301182    -0.000000      25.3012  125.45223    0.22127    4
   4    8    2   1.355618    19.629554     0.000000      19.6296  125.46900    0.13320    4
   5    7   -5   1.355554    -6.871531    -0.000000      6.87153  125.47951    0.01632    4
   0   10    7   1.355173   -29.486919    -0.000000      29.4869  125.54211    0.30075    4
   4    7    3   1.354583   -40.369564     0.000000      40.3696  125.63912    0.56415    4
   1    9    7   1.354454    20.579584     0.000000      20.5796  125.66044    0.14663    4
   6    1   -4   1.354394    -6.192930    -0.000000      6.19293  125.67034    0.01328    4
   2    5    8   1.353821   -35.428440    -0.000000      35.4284  125.76500    0.43494    4
   0    5   10   1.353274   -71.100786     0.000000      71.1008  125.85546    1.75305    4
   1    0   10   1.352959    24.774085    -0.000000      24.7741  125.90766    0.10646    2
   1   11    5   1.352317    -9.796441    -0.000000      9.79644  126.01434    0.03332    4
   3    6    6   1.351466    28.090786    -0.000000      28.0908  126.15620    0.27432    4
   2    4  -11   1.351222   -34.604438    -0.000000      34.6044  126.19697    0.41642    4
   2   12   -4   1.350788    11.542297     0.000000      11.5423  126.26955    0.04636    4
   3    6  -10   1.350033   -17.528544    -0.000000      17.5285  126.39624    0.10703    4
   4    9   -6   1.349922   -32.520648     0.000000      32.5206  126.41476    0.36845    4
   1   13   -1   1.349658   -16.395760     0.000000      16.3958  126.45916    0.09369    4
   1    1   10   1.349068     0.118191     0.000000     0.118191  126.55872    0.00000    4
   6    1   -3   1.348806    -5.383928    -0.000000      5.38393  126.60283    0.01011    4
   6    1   -5   1.348450    25.492395     0.000000      25.4924  126.66312    0.22689    4
   0   11    6   1.348318   -13.020089     0.000000      13.0201  126.68549    0.05920    4
   1   13    0   1.347778   -22.473923    -0.000000      22.4739  126.77694    0.17651    4
   0   13    2   1.345860   -17.077741     0.000000      17.0777  127.10387    0.10222    4
   5    6   -7   1.344433    -2.338860    -0.000000      2.33886  127.34881    0.00192    4
   6    2   -4   1.342783     7.092799     0.000000       7.0928  127.63418    0.01772    4
   0    9    8   1.342772    24.868194     0.000000      24.8682  127.63605    0.21779    4
   5    3   -9   1.341737    62.292020     0.000000       62.292  127.81606    1.36876    4
   5    7   -1   1.340885   -31.770009    -0.000000        31.77  127.96504    0.35653    4
   1   13   -2   1.340159    -2.680080     0.000000      2.68008  128.09229    0.00254    4
   4   10   -3   1.339839    19.430268    -0.000000      19.4303  128.14863    0.13359    4
   1   12   -5   1.339459   -28.373681     0.000000      28.3737  128.21554    0.28505    4
   5    5   -8   1.339201   -18.321323     0.000000      18.3213  128.26105    0.11890    4
   4   10   -2   1.338086    37.263200    -0.000000      37.2632  128.45824    0.49279    4
   3    9    4   1.337644   -36.207588    -0.000000      36.2076  128.53683    0.46562    4
   1    2   10   1.337592    10.522329     0.000000      10.5223  128.54604    0.03933    4
   4    9    1   1.337523   -23.035310     0.000000      23.0353  128.55826    0.18850    4
   5    4    2   1.337372   -34.739108     0.000000      34.7391  128.58509    0.42882    4
   6    2   -3   1.337337    10.891220     0.000000      10.8912  128.59134    0.04215    4
   3   11    1   1.337241    52.535272    -0.000000      52.5353  128.60849    0.98092    4
   6    2   -5   1.336990     4.655029     0.000000      4.65503  128.65327    0.00770    4
   3   11   -5   1.336720     7.138349    -0.000000      7.13835  128.70141    0.01813    4
   3    9   -8   1.336601    15.560968    -0.000000       15.561  128.72262    0.08616    4
   6    0   -2   1.335852    42.764388     0.000000      42.7644  128.85670    0.32578    2
   6    0   -6   1.335159    19.761332     0.000000      19.7613  128.98106    0.06965    2
   1   13    1   1.334659   -24.538062    -0.000000      24.5381  129.07115    0.21498    4
   4    6    4   1.334548    28.758643    -0.000000      28.7586  129.09122    0.29535    4
   2    1    9   1.334308    37.718853    -0.000000      37.7189  129.13454    0.50829    4
   2   10    5   1.332852   -28.094002    -0.000000       28.094  129.39826    0.28274    4
   6    1   -2   1.332106   -17.977121    -0.000000      17.9771  129.53432    0.11593    4
   3    4    7   1.331884    26.118917    -0.000000      26.1189  129.57489    0.24482    4
   6    1   -6   1.331419    -2.195582    -0.000000      2.19558  129.65989    0.00173    4
   5    7   -6   1.330883    43.574034     0.000000       43.574  129.75824    0.68269    4
   1    4  -11   1.330843    -5.995278     0.000000      5.99528  129.76550    0.01292    4
   4   10   -4   1.330459     3.100914    -0.000000      3.10091  129.83620    0.00346    4
   1    6    9   1.330427   -42.045521     0.000000      42.0455  129.84201    0.63619    4
   3    4  -11   1.330341   -22.487535    -0.000000      22.4875  129.85791    0.18201    4
   4    4    5   1.330129     4.661753    -0.000000      4.66175  129.89691    0.00783    4
   3    8    5   1.329344    17.030094     0.000000      17.0301  130.04195    0.10459    4
   5    1    3   1.329036    11.102171    -0.000000      11.1022  130.09894    0.04448    4
   2    7  -10   1.329008    70.390870     0.000000      70.3909  130.10416    1.78806    4
   2   12    2   1.328674    39.789404    -0.000000      39.7894  130.16601    0.57170    4
   2    9    6   1.328345    18.336382    -0.000000      18.3364  130.22724    0.12149    4
   3    8   -9   1.328150     6.541562     0.000000      6.54156  130.26348    0.01547    4
   3   10    3   1.327406    -1.906870     0.000000      1.90687  130.40229    0.00132    4
   1    8    8   1.327196    10.796305    -0.000000      10.7963  130.44154    0.04222    4
   3   10   -7   1.326556    26.375822    -0.000000      26.3758  130.56130    0.25229    4
   0    1   11   1.326399   -24.631032    -0.000000       24.631  130.59082    0.22009    4
   4    1  -11   1.325405   -13.889034    -0.000000       13.889  130.77805    0.07012    4
   4   10   -1   1.325330   -27.265901    -0.000000      27.2659  130.79213    0.27029    4
   6    3   -4   1.324077     9.692573     0.000000      9.69257  131.02939    0.03425    4
   2    2    9   1.323201   -11.112086    -0.000000      11.1121  131.19628    0.04510    4
   1   12    4   1.323183   -19.779869    -0.000000      19.7799  131.19976    0.14290    4
   0   12    5   1.323055    37.850810     0.000000      37.8508  131.22414    0.52341    4
   4    5  -10   1.322543   -15.063903    -0.000000      15.0639  131.32207    0.08299    4
   6    2   -2   1.321054    17.943117     0.000000      17.9431  131.60852    0.11814    4
   6    2   -6   1.320384    -4.024999     0.000000        4.025  131.73805    0.00595    4
   1   13   -3   1.319981     1.044363    -0.000000      1.04436  131.81614    0.00040    4
   1    3   10   1.319100    18.731280     0.000000      18.7313  131.98775    0.12932    4
   2   11    4   1.319066   -24.245088     0.000000      24.2451  131.99430    0.21668    4
   6    3   -3   1.318855     9.610222     0.000000      9.61022  132.03542    0.03406    4
   6    3   -5   1.318522   -15.861667    -0.000000      15.8617  132.10059    0.09286    4
   0   13    3   1.318262   -26.527072    -0.000000      26.5271  132.15140    0.25987    4
   5    2    3   1.318060    27.509280    -0.000000      27.5093  132.19117    0.27960    4
   2    5  -11   1.317489    -3.028094    -0.000000      3.02809  132.30322    0.00339    4
   4    8   -8   1.317307    25.801640     0.000000      25.8016  132.33909    0.24640    4
   1    7  -10   1.316627   -42.188595    -0.000000      42.1886  132.47321    0.65985    4
   5    6    1   1.316251   -61.651775     0.000000      61.6518  132.54766    1.41040    4
   5    4   -9   1.315825   -45.134429     0.000000      45.1344  132.63210    0.75668    4
   2   12   -5   1.315686   -45.559444     0.000000      45.5594  132.65977    0.77126    4
   0    2   11   1.315487    -3.556247    -0.000000      3.55625  132.69922    0.00470    4
   4    2  -11   1.314517    49.599815     0.000000      49.5998  132.89270    0.91676    4
   5    8   -3   1.314365    -4.245239    -0.000000      4.24524  132.92318    0.00672    4
   2    6    8   1.312700    31.746052     0.000000      31.7461  133.25799    0.37728    4
   0    8    9   1.312636    15.261335     0.000000      15.2613  133.27096    0.08720    4
   5    8   -4   1.312464    53.615708    -0.000000      53.6157  133.30572    1.07678    4
   0    6   10   1.312201     1.374055     0.000000      1.37405  133.35880    0.00071    4
   1   13    2   1.311255    24.189991     0.000000        24.19  133.55105    0.21988    4
   1   10   -8   1.310730    15.309465    -0.000000      15.3095  133.65810    0.08819    4
   4   10   -5   1.310627     1.643843     0.000000      1.64384  133.67909    0.00102    4
   5    7    0   1.310207    24.780296    -0.000000      24.7803  133.76505    0.23138    4
   4    7   -9   1.309093   -20.588497     0.000000      20.5885  133.99404    0.16020    4
   2   10   -8   1.308808    30.573840     0.000000      30.5738  134.05293    0.35354    4
   1   11   -7   1.308022     9.590876     0.000000      9.59088  134.21559    0.03487    4
   4    9   -7   1.307809    20.134041    -0.000000       20.134  134.25987    0.15374    4
   5    0  -10   1.307659     5.018042    -0.000000      5.01804  134.29105    0.00478    2
   2    8    7   1.306085    12.529948    -0.000000      12.5299  134.61970    0.05983    4
   5    8   -2   1.305749    14.431409     0.000000      14.4314  134.69038    0.07945    4
   6    1   -1   1.305491   -33.989011     0.000000       33.989  134.74464    0.44101    4
   2    3    9   1.305291    26.298780    -0.000000      26.2988  134.78665    0.26418    4
   5    5    2   1.304642     8.335454     0.000000      8.33545  134.92392    0.02659    4
   6    1   -7   1.304522     7.018507    -0.000000      7.01851  134.94934    0.01886    4
   5    1  -10   1.304144     8.933826     0.000000      8.93383  135.02937    0.03059    4
   3    7    6   1.303506     5.500366    -0.000000      5.50037  135.16517    0.01162    4
   6    3   -2   1.303230    -8.364945    -0.000000      8.36495  135.22399    0.02689    4
   6    3   -6   1.302587    -5.052428    -0.000000      5.05243  135.36153    0.00983    4
   4   10    0   1.302485    31.955906    -0.000000      31.9559  135.38329    0.39330    4
   3    7  -10   1.302220    -2.246821    -0.000000      2.24682  135.44030    0.00195    4
   3   12   -2   1.301906    -2.661332    -0.000000      2.66133  135.50773    0.00273    4
   2    9   -9   1.300989    47.220539     0.000000      47.2205  135.70566    0.86274    4
   4    0    6   1.300878    75.339758    -0.000000      75.3398  135.72966    1.09846    2
   5    3    3   1.300355    40.780289    -0.000000      40.7803  135.84310    0.64473    4
   5    8   -5   1.300180    18.109270    -0.000000      18.1093  135.88111    0.12721    4
   3   11    2   1.299859   -15.709341     0.000000      15.7093  135.95107    0.09582    4
   3    5    7   1.299545   -28.910514     0.000000      28.9105  136.01959    0.32486    4
   2    0  -12   1.299425    -2.798703    -0.000000       2.7987  136.04583    0.00152    2
   5    6   -8   1.299359    46.474120     0.000000      46.4741  136.06007    0.83997    4
   4    8    3   1.299323     5.934239    -0.000000      5.93424  136.06794    0.01370    4
   2   11   -7   1.299254    10.206587    -0.000000      10.2066  136.08312    0.04053    4
   3   11   -6   1.299221   -10.137911     0.000000      10.1379  136.09041    0.03999    4
   6    4   -4   1.299156    37.535419     0.000000      37.5354  136.10451    0.54829    4
   1    5  -11   1.298578    44.915769     0.000000      44.9158  136.23128    0.78656    4
   3    5  -11   1.298111     2.886766     0.000000      2.88677  136.33399    0.00325    4
   4    5    5   1.297915    19.969713    -0.000000      19.9697  136.37736    0.15582    4
   0    3   11   1.297885   -63.975438     0.000000      63.9754  136.38389    1.59933    4
   4    1    6   1.297418    -3.058310    -0.000000      3.05831  136.48714    0.00366    4
   2   13   -1   1.297372    -4.300440     0.000000      4.30044  136.49732    0.00724    4
   5    7   -7   1.297192   -50.667464     0.000000      50.6675  136.53706    1.00545    4
   4    3  -11   1.296953   -11.732804    -0.000000      11.7328  136.59010    0.05396    4
   3   12   -1   1.296862    18.126705    -0.000000      18.1267  136.61044    0.12883    4
   3   12   -3   1.296703   -48.456455     0.000000      48.4565  136.64566    0.92111    4
   1    9   -9   1.296070    16.121897     0.000000      16.1219  136.78675    0.10218    4
   2    1  -12   1.295976   -13.921854     0.000000      13.9219  136.80772    0.07622    4
   2   13   -2   1.295622   -21.329316     0.000000      21.3293  136.88681    0.17912    4
   6    2   -1   1.295083    12.289056    -0.000000      12.2891  137.00769    0.05957    4
   1    4   10   1.294453     6.285088    -0.000000      6.28509  137.14955    0.01562    4
   6    4   -3   1.294222   -10.286815    -0.000000      10.2868  137.20166    0.04186    4
   6    2   -7   1.294137    18.260300     0.000000      18.2603  137.22096    0.13196    4
   6    4   -5   1.293907   -28.060631    -0.000000      28.0606  137.27291    0.31186    4
   5    2  -10   1.293768    74.077454     0.000000      74.0775  137.30435    2.17443    4
   4    9    2   1.293354   -24.871110     0.000000      24.8711  137.39845    0.24547    4
   1   13   -4   1.290529    31.345909    -0.000000      31.3459  138.04643    0.39393    4
   2   13    0   1.289005    -6.226415    -0.000000      6.22642  138.40116    0.01563    4
   3    0    8   1.288944     7.954104    -0.000000       7.9541  138.41558    0.01276    2
   2   12    3   1.288615    42.634627    -0.000000      42.6346  138.49257    0.73406    4
   4    7    4   1.288306    53.953488    -0.000000      53.9535  138.56532    1.17697    4
   1   12   -6   1.288262    23.215640     0.000000      23.2156  138.57565    0.21795    4
   3    0  -12   1.287390    -0.966195    -0.000000     0.966195  138.78135    0.00019    2
   5    8   -1   1.287219    38.329872    -0.000000      38.3299  138.82181    0.59655    4
   4    2    6   1.287200    50.155867    -0.000000      50.1559  138.82628    1.02152    4
   1   11    6   1.286278    16.060366     0.000000      16.0604  139.04559    0.10513    4
   2    2  -12   1.285792    71.570084     0.000000      71.5701  139.16168    2.09178    4
   1   10    7   1.285584   -56.353807    -0.000000      56.3538  139.21167    1.29798    4
   3    1    8   1.285578    -9.642852     0.000000      9.64285  139.21309    0.03801    4
   5    5   -9   1.284615    86.329806     0.000000      86.3298  139.44474    3.05824    4
   1    7    9   1.284598   -26.604364     0.000000      26.6044  139.44891    0.29046    4
   4    6  -10   1.284128    14.294094     0.000000      14.2941  139.56245    0.08401    4
   3    1  -12   1.284036     6.946527     0.000000      6.94653  139.58478    0.01985    4
   2   13   -3   1.283878   -27.361749     0.000000      27.3617  139.62311    0.30816    4
   0   13    4   1.282331    29.354019     0.000000       29.354  140.00085    0.35702    4
   3   12    0   1.281920    43.669402    -0.000000      43.6694  140.10193    0.79156    4
   4   10   -6   1.281707     3.056392    -0.000000      3.05639  140.15441    0.00388    4
   3   12   -4   1.281614   -23.262784     0.000000      23.2628  140.17742    0.22492    4
   2    4    9   1.281397    60.737293     0.000000      60.7373  140.23090    1.53474    4
   0   11    7   1.279535    21.737462    -0.000000      21.7375  140.69457    0.19823    4
   2    6  -11   1.279500     1.214627     0.000000      1.21463  140.70327    0.00062    4
   6    4   -2   1.279446    50.468737    -0.000000      50.4687  140.71675    1.06898    4
   1   13    3   1.279150   -13.590016     0.000000        13.59  140.79128    0.07762    4
   6    4   -6   1.278838    11.219762    -0.000000      11.2198  140.86982    0.05298    4
   5    8   -6   1.278363     0.756353    -0.000000     0.756353  140.98987    0.00024    4
   6    3   -1   1.278277   -17.805695     0.000000      17.8057  141.01162    0.13378    4
   6    3   -7   1.277367    14.794840     0.000000      14.7948  141.24288    0.09276    4
   5    3  -10   1.277012    34.932868     0.000000      34.9329  141.33337    0.51802    4
   5    4    3   1.276726    54.346036    -0.000000       54.346  141.40680    1.25548    4
   2    8  -10   1.276701    42.753160     0.000000      42.7532  141.41320    0.77707    4
   3    2    8   1.275635    15.286076     0.000000      15.2861  141.68752    0.09986    4
   0   10    8   1.275582    -0.560785     0.000000     0.560785  141.70138    0.00013    4
   1    0  -12   1.274794   -34.187929    -0.000000      34.1879  141.90573    0.25079    2
   0    4   11   1.274388    54.167626     0.000000      54.1676  142.01181    1.26173    4
   3    2  -12   1.274129    31.098171     0.000000      31.0982  142.07939    0.41641    4
   6    0    0   1.273966    47.705806     0.000000      47.7058  142.12224    0.49038    2
   4    4  -11   1.273506   -19.522699    -0.000000      19.5227  142.24308    0.16463    4
   2   12   -6   1.273428     7.654767    -0.000000      7.65477  142.26355    0.02532    4
   6    0   -8   1.272765    -5.728256    -0.000000      5.72826  142.43854    0.00711    2
   5    7    1   1.271823   -11.591862     0.000000      11.5919  142.68899    0.05856    4
   1    1  -12   1.271538    -5.097405    -0.000000      5.09741  142.76519    0.01134    4
   0   14    0   1.271429    73.242028    -0.000000       73.242  142.79441    1.17131    2
   3   10    4   1.271183    16.977182    -0.000000      16.9772  142.86025    0.12603    4
   2   13    1   1.271095   -46.159239     0.000000      46.1592  142.88375    0.93213    4
   4   10    1   1.271079    12.295830    -0.000000      12.2958  142.88802    0.06615    4
   6    1    0   1.270715    -8.919459     0.000000      8.91946  142.98597    0.03488    4
   4    3    6   1.270695    -0.461113    -0.000000     0.461113  142.99141    0.00009    4
   1   12    5   1.270606    46.882011     0.000000       46.882  143.01547    0.96411    4
   3    9    5   1.270476    -4.544013    -0.000000      4.54401  143.05040    0.00906    4
   3   10   -8   1.270288    -9.618386    -0.000000      9.61839  143.10131    0.04065    4
   6    1   -8   1.269524    -1.079364    -0.000000      1.07936  143.30862    0.00051    4
   3    9   -9   1.269434     6.362043     0.000000      6.36204  143.33302    0.01787    4
   2    3  -12   1.269340   -29.140744    -0.000000      29.1407  143.35858    0.37511    4
   6    5   -4   1.269090    38.622617    -0.000000      38.6226  143.42684    0.65986    4
   2    7    8   1.268618   -34.054662     0.000000      34.0547  143.55603    0.51438    4
   1    9    8   1.268601     9.491914     0.000000      9.49191  143.56086    0.03997    4
   0    7   10   1.268169   -73.482196    -0.000000      73.4822  143.67970    2.40111    4
   5    6    2   1.267723   -17.537001     0.000000       17.537  143.80284    0.13711    4
   0   12    6   1.267287    12.298710    -0.000000      12.2987  143.92360    0.06761    4
   0   14    1   1.266655   -75.251391    -0.000000      75.2514  144.09954    2.54051    4
   4   11   -3   1.266604    16.458897    -0.000000      16.4589  144.11377    0.12157    4
   1    8  -10   1.265714    31.141601    -0.000000      31.1416  144.36357    0.43755    4
   4   11   -2   1.265123     0.238752    -0.000000     0.238752  144.53036    0.00003    4
   1    5   10   1.264705    29.209417    -0.000000      29.2094  144.64895    0.38733    4
   6    5   -3   1.264490    16.904431    -0.000000      16.9044  144.71021    0.12990    4
   6    5   -5   1.264196   -37.933959     0.000000       37.934  144.79404    0.65535    4
   2   10    6   1.263194    29.151583    -0.000000      29.1516  145.08164    0.38949    4
   5    0    4   1.263185   140.639858    -0.000000       140.64  145.08420    4.53302    2
   3    6    7   1.263045    -8.631532     0.000000      8.63153  145.12482    0.03418    4
   2   13   -4   1.262931     3.197591    -0.000000      3.19759  145.15758    0.00469    4
   1    6  -11   1.262157    38.017363     0.000000      38.0174  145.38224    0.66691    4
   1    2  -12   1.261915    40.473338     0.000000      40.4733  145.45281    0.75706    4
   3    6  -11   1.261728    30.872663     0.000000      30.8727  145.50739    0.44104    4
   4    6    5   1.261548   -24.396575    -0.000000      24.3966  145.56028    0.27575    4
   6    2    0   1.261111   -19.654081     0.000000      19.6541  145.68849    0.17949    4
   2   11    5   1.260697    20.535285     0.000000      20.5353  145.81076    0.19649    4
   5    1    4   1.260016    -6.202151    -0.000000      6.20215  146.01252    0.01801    4
   5    8    0   1.260007    33.360917    -0.000000      33.3609  146.01539    0.52104    4
   4    9   -8   1.259957   -11.757398    -0.000000      11.7574  146.03031    0.06474    4
   6    2   -8   1.259947     3.024477     0.000000      3.02448  146.03331    0.00428    4
   3    3    8   1.259566    -0.495778    -0.000000     0.495778  146.14701    0.00012    4
   4    8   -9   1.259016    -0.786258    -0.000000     0.786258  146.31181    0.00029    4
   4   11   -4   1.258670    12.964930    -0.000000      12.9649  146.41582    0.07944    4
   3    3  -12   1.258116   -28.306568    -0.000000      28.3066  146.58372    0.38017    4
   3   12    1   1.258076   -11.383025     0.000000       11.383  146.59562    0.06150    4
   3   12   -5   1.257642   -22.110884     0.000000      22.1109  146.72766    0.23276    4
   5    9   -3   1.257382     5.552851     0.000000      5.55285  146.80724    0.01471    4
   5    7   -8   1.256565   -43.388338    -0.000000      43.3883  147.05799    0.90347    4
   3   11    3   1.256085     1.806044     0.000000      1.80604  147.20664    0.00157    4
   0    9    9   1.255867     2.459882    -0.000000      2.45988  147.27402    0.00292    4
   6    4   -1   1.255810   -22.315729     0.000000      22.3157  147.29178    0.24037    4
   5    9   -4   1.255717   -18.006150    -0.000000      18.0061  147.32085    0.15660    4
   1   14   -1   1.255712    -8.619668     0.000000      8.61967  147.32248    0.03589    4
   3   11   -7   1.255365    -9.764929     0.000000      9.76493  147.43062    0.04618    4
   6    4   -7   1.254947   -22.585140     0.000000      22.5851  147.56136    0.24785    4
   5    4  -10   1.254611    46.983773     0.000000      46.9838  147.66702    1.07546    4
   4   11   -1   1.254325    25.588756    -0.000000      25.5888  147.75728    0.31973    4
   1   14    0   1.254197    80.394851    -0.000000      80.3949  147.79797    3.15925    4
   3    8    6   1.254043     7.652859    -0.000000      7.65286  147.84671    0.02866    4
   1   13   -5   1.253657   -22.694230     0.000000      22.6942  147.96922    0.25284    4
   3    8  -10   1.252898    10.335738    -0.000000      10.3357  148.21218    0.05277    4
   0   14    2   1.252651    76.914300    -0.000000      76.9143  148.29170    2.92823    4
   2    5    9   1.252520     5.498703    -0.000000       5.4987  148.33365    0.01498    4
   6    5   -2   1.250699    -3.735150    -0.000000      3.73515  148.92767    0.00702    4
   5    2    4   1.250651    98.887296    -0.000000      98.8873  148.94325    4.92351    4
   6    5   -6   1.250130   -13.315648    -0.000000      13.3156  149.11565    0.08968    4
   2    9    7   1.250127     9.932944    -0.000000      9.93294  149.11666    0.04991    4
   5    9   -2   1.249832   -23.199675     0.000000      23.1997  149.21475    0.27297    4
   5    6   -9   1.249325   -14.146270     0.000000      14.1463  149.38420    0.10196    4
   4    4    6   1.248619    45.735118    -0.000000      45.7351  149.62166    1.07261    4
   5    8   -7   1.248418   -41.054022     0.000000       41.054  149.68966    0.86589    4
   5    5    3   1.248157    16.748967    -0.000000       16.749  149.77844    0.14447    4
   1   14   -2   1.248050    52.611221    -0.000000      52.6112  149.81461    1.42694    4
   2    4  -12   1.247334     8.056996    -0.000000        8.057  150.05970    0.03369    4
   1    3  -12   1.246352     6.454459    -0.000000      6.45446  150.39917    0.02183    4
   0    5   11   1.245972   -57.637333     0.000000      57.6373  150.53178    1.74749    4
   6    3    0   1.245578     8.469272     0.000000      8.46927  150.67006    0.03788    4
   4   10   -7   1.245495    26.752778    -0.000000      26.7528  150.69909    0.37830    4
   4    5  -11   1.245147    38.556007     0.000000       38.556  150.82168    0.78853    4
   5    9   -5   1.244946    16.713765    -0.000000      16.7138  150.89304    0.14848    4
   2   13    2   1.244802    33.233454    -0.000000      33.2335  150.94408    0.58793    4
   6    3   -8   1.244455    18.582438    -0.000000      18.5824  151.06758    0.18448    4
   4    9    3   1.244194    -0.023550     0.000000    0.0235498  151.16109    0.00000    4
   1   14    1   1.243604     6.738638    -0.000000      6.73864  151.37308    0.02448    4
   2   12    4   1.242907   -11.350894     0.000000      11.3509  151.62634    0.06999    4
   4    7  -10   1.242774    -3.195835    -0.000000      3.19583  151.67459    0.00556    4
   1   11   -8   1.241927    33.839985    -0.000000        33.84  151.98596    0.62887    4
   4   11   -5   1.241840   -23.042175     0.000000      23.0422  152.01830    0.29186    4
   4    0  -12   1.241571   -24.296251    -0.000000      24.2963  152.11799    0.16275    2
   4    8    4   1.240491    36.372596    -0.000000      36.3726  152.52294    0.73873    4
   2   11   -8   1.240292   -36.243184     0.000000      36.2432  152.59828    0.73522    4
   1   13    4   1.240283     0.287385    -0.000000     0.287385  152.60157    0.00005    4
   0   13    5   1.240178   -16.204731     0.000000      16.2047  152.64145    0.14718    4
   2   10   -9   1.239600    10.795325    -0.000000      10.7953  152.86186    0.06578    4
   2    7  -11   1.238578    -9.992073    -0.000000      9.99207  153.25651    0.05707    4
   4    1  -12   1.238562    11.080529     0.000000      11.0805  153.26263    0.07020    4
   3    4    8   1.238055    40.291744    -0.000000      40.2917  153.46086    0.93425    4
   1    8    9   1.237179    17.416459     0.000000      17.4165  153.80691    0.17658    4
   1    1   11   1.236776    10.839167    -0.000000      10.8392  153.96814    0.06876    4
   3    4  -12   1.236678   -15.044823    -0.000000      15.0448  154.00746    0.13265    4
   5    1  -11   1.235567   -25.506283    -0.000000      25.5063  154.45768    0.38718    4
   5    3    4   1.235496     8.302866    -0.000000      8.30287  154.48667    0.04107    4
   1   10   -9   1.235343    34.684958    -0.000000       34.685  154.54965    0.71827    4
   6    6   -4   1.235031    35.558060    -0.000000      35.5581  154.67809    0.75827    4
   4   11    0   1.234907    -0.963023    -0.000000     0.963023  154.72920    0.00056    4
   2   13   -5   1.234102   -20.764916     0.000000      20.7649  155.06481    0.26214    4
   1   12   -7   1.233654   -43.229110     0.000000      43.2291  155.25373    1.14382    4
   5    9   -1   1.233554     3.360046    -0.000000      3.36005  155.29640    0.00692    4
   4   10    2   1.232990    -8.780561     0.000000      8.78056  155.53666    0.04768    4
   1   14   -3   1.231705    65.393755    -0.000000      65.3938  156.09456    2.69955    4
   2    0   10   1.231206    47.439205    -0.000000      47.4392  156.31493    0.71627    2
   1    6   10   1.230988    32.958355    -0.000000      32.9584  156.41173    0.69400    4
   6    6   -3   1.230790     2.748290    -0.000000      2.74829  156.50041    0.00484    4
   6    6   -5   1.230519    15.686995     0.000000       15.687  156.62203    0.15849    4
   0   14    3   1.230308   -14.834192     0.000000      14.8342  156.71719    0.14225    4
   6    1    1   1.229797     4.246229     0.000000      4.24623  156.94948    0.01176    4
   4    2  -12   1.229664    37.429176     0.000000      37.4292  157.01031    0.91606    4
   6    5   -1   1.228593   -11.795759     0.000000      11.7958  157.50670    0.09280    4
   6    1   -9   1.228447   -58.217920    -0.000000      58.2179  157.57532    2.26685    4
   2    1   10   1.228271    19.390238    -0.000000      19.3902  157.65825    0.25231    4
   1    2   11   1.227916   -30.415657     0.000000      30.4157  157.82679    0.62512    4
   5    7    2   1.227885    14.237093     0.000000      14.2371  157.84138    0.13705    4
   6    5   -7   1.227785    40.479209     0.000000      40.4792  157.88915    1.11007    4
   5    5  -10   1.227470    67.696494     0.000000      67.6965  158.04000    3.12415    4
   3   12    2   1.226799    25.039882    -0.000000      25.0399  158.36582    0.43331    4
   5    2  -11   1.226733     6.807719     0.000000      6.80772  158.39807    0.03207    4
   2   12   -7   1.226290   -14.344319    -0.000000      14.3443  158.61591    0.14372    4
   3   12   -6   1.226262    25.499982     0.000000         25.5  158.62980    0.45447    4
   5    8    1   1.225756   -43.622436     0.000000      43.6224  158.88226    1.34459    4
   5    9   -6   1.225753     8.074371    -0.000000      8.07437  158.88369    0.04607    4
   1    4  -12   1.225500   -30.588034    -0.000000       30.588  159.01072    0.66483    4
   6    4    0   1.224764   -36.743723     0.000000      36.7437  159.38593    0.97544    4
   1   14    2   1.224606    28.669878    -0.000000      28.6699  159.46754    0.59604    4
   2    9  -10   1.224287    22.338339     0.000000      22.3383  159.63266    0.36456    4
   6    4   -8   1.223697     1.309913     0.000000      1.30991  159.94278    0.00127    4
   3    7    7   1.223633    -6.647373    -0.000000      6.64737  159.97668    0.03280    4
   2    8    8   1.222886    24.668300    -0.000000      24.6683  160.37708    0.46021    4
   1    7  -11   1.222826    15.920270     0.000000      15.9203  160.40966    0.19198    4
   3   13   -2   1.222709    23.406365    -0.000000      23.4064  160.47344    0.41624    4
   0    8   10   1.222483   -23.576751     0.000000      23.5768  160.59670    0.42482    4
   3    7  -11   1.222436   -24.085384     0.000000      24.0854  160.62249    0.44390    4
   4    7    5   1.222272    22.632200    -0.000000      22.6322  160.71289    0.39366    4
   4    5    6   1.221857   -12.395832    -0.000000      12.3958  160.94330    0.11943    4
   6    2    1   1.221085    17.885114    -0.000000      17.8851  161.38000    0.25407    4
   2    5  -12   1.220652    -5.613275     0.000000      5.61328  161.62923    0.02535    4
   1   11    7   1.220474   -12.939063     0.000000      12.9391  161.73318    0.13539    4
   6    2   -9   1.219763    15.112672     0.000000      15.1127  162.15309    0.18879    4
   2    6    9   1.219744    25.838923    -0.000000      25.8389  162.16490    0.55222    4
   2    2   10   1.219591    58.646332    -0.000000      58.6463  162.25643    2.85860    4
   0    0   12   1.219256   -13.199867     0.000000      13.1999  162.45969    0.07320    2
   3   13   -1   1.218527   -40.507105     0.000000      40.5071  162.90946    1.41298    4
   3   13   -3   1.218396     5.299469     0.000000      5.29947  162.99197    0.02430    4
   6    6   -2   1.218061    44.560261    -0.000000      44.5603  163.20382    1.73831    4
   6    6   -6   1.217536    17.051083     0.000000      17.0511  163.54196    0.25950    4
   4   11   -6   1.217155   -25.354288     0.000000      25.3543  163.79165    0.58217    4
   0    1   12   1.216405    22.777091     0.000000      22.7771  164.29557    0.48422    4
   5    6    3   1.215713    25.183287    -0.000000      25.1833  164.77628    0.60981    4
   1   12    6   1.215362     0.850575    -0.000000     0.850575  165.02569    0.00071    4
   4    3  -12   1.215250    -1.480847    -0.000000      1.48085  165.10611    0.00215    4
   5    4    4   1.215176    53.490290    -0.000000      53.4903  165.15999    2.81940    4
   1    9  -10   1.214589   -52.326395    -0.000000      52.3264  165.59163    2.77573    4
   0    6   11   1.213694     6.469257    -0.000000      6.46926  166.27628    0.04447    4
   1    3   11   1.213563    45.718532    -0.000000      45.7185  166.37918    2.23706    4
   2   14   -1   1.213274     7.056015     0.000000      7.05602  166.60974    0.05417    4
   3   10    5   1.213121     0.393754    -0.000000     0.393754  166.73327    0.00017    4
   4    1    7   1.213018     7.216251    -0.000000      7.21625  166.81750    0.05753    4
   4    6  -11   1.212932   -23.030054     0.000000      23.0301  166.88812    0.58897    4
   5    3  -11   1.212421   -34.789343    -0.000000      34.7893  167.31509    1.38786    4
   3   10   -9   1.212214     9.778869    -0.000000      9.77887  167.49248    0.11117    4
   5    8   -8   1.212079    31.468569     0.000000      31.4686  167.60911    1.16174    4
   3    5    8   1.211952     8.967668     0.000000      8.96767  167.72012    0.09517    4
   0   11    8   1.211906    21.530265    -0.000000      21.5303  167.76060    0.55036    4
   2   14   -2   1.211843    53.840458    -0.000000      53.8405  167.81684    3.45713    4
   2   13    3   1.211679   -26.389111    -0.000000      26.3891  167.96254    0.84030    4
   1   10    8   1.211488    -9.143457     0.000000      9.14346  168.13531    0.10231    4
   1   13   -6   1.211385   -27.761930     0.000000      27.7619  168.22926    0.95054    4
   5    7   -9   1.211145    46.525420     0.000000      46.5254  168.45141    2.71974    4
   3    5  -12   1.210660    -2.610660     0.000000      2.61066  168.91474    0.00891    4
   0   12    7   1.209669    31.603321    -0.000000      31.6033  169.92859    1.43488    4
   5    9    0   1.209543    13.957147    -0.000000      13.9571  170.06500    0.28364    4
   4    9   -9   1.208666    11.507811     0.000000      11.5078  171.07227    0.21421    4
   3   11    4   1.208132     4.068327    -0.000000      4.06833  171.74718    0.02893    4
   4   11    1   1.208043    -5.607438    -0.000000      5.60744  171.86477    0.05575    4
   0    2   12   1.207973    51.214261    -0.000000      51.2143  171.95883    4.70415    4
   1   14   -4   1.207672    29.919047    -0.000000       29.919  172.37592    1.69229    4
   3   11   -8   1.207363    10.523578     0.000000      10.5236  172.82872    0.22245    4
   6    3    1   1.206967    25.602173    -0.000000      25.6022  173.45635    1.44181    4
   2   14    0   1.206423    11.372066    -0.000000      11.3721  174.43365    0.33406    4
   3   13    0   1.206108    -3.479637    -0.000000      3.47964  175.08875    0.03543    4
   3   13   -4   1.205853     8.473550     0.000000      8.47355  175.69063    0.23931    4
   6    3   -9   1.205691   -45.674748    -0.000000      45.6747  176.11931    7.71874    4
   2    3   10   1.205525     7.838979     0.000000      7.83898  176.61793    0.26080    4
   4    2    7   1.204655    -7.940913    -0.000000      7.94091   -1.#IND0   -1.#IND0    4
   3    9    6   1.204265    -3.300558     0.000000      3.30056   -1.#IND0   -1.#IND0    4
   4   10   -8   1.203953    24.189495    -0.000000      24.1895   -1.#IND0   -1.#IND0    4
   3    9  -10   1.203250   -24.967991    -0.000000       24.968   -1.#IND0   -1.#IND0    4
   2   14   -3   1.202216    23.545331    -0.000000      23.5453   -1.#IND0   -1.#IND0    4
   5   10   -3   1.201705    -7.409864    -0.000000      7.40986   -1.#IND0   -1.#IND0    4
   2   11    6   1.201268     5.281012     0.000000      5.28101   -1.#IND0   -1.#IND0    4
   0   14    4   1.200946    55.103120    -0.000000      55.1031   -1.#IND0   -1.#IND0    4
   0   10    9   1.200383   -61.272873     0.000000      61.2729   -1.#IND0   -1.#IND0    4
   5   10   -4   1.200252    27.226955    -0.000000       27.227   -1.#IND0   -1.#IND0    4
   1    5  -12   1.200168    39.490571     0.000000      39.4906   -1.#IND0   -1.#IND0    4
   4    8  -10   1.199688    12.167521    -0.000000      12.1675   -1.#IND0   -1.#IND0    4
   6    5    0   1.199476     1.862229     0.000000      1.86223   -1.#IND0   -1.#IND0    4
   5    9   -7   1.199281    13.425805     0.000000      13.4258   -1.#IND0   -1.#IND0    4
   2   13   -6   1.199027    30.290802    -0.000000      30.2908   -1.#IND0   -1.#IND0    4
   4   12   -3   1.198725    27.571980    -0.000000       27.572   -1.#IND0   -1.#IND0    4
   6    5   -8   1.198474    39.206183     0.000000      39.2062   -1.#IND0   -1.#IND0    4
   1   14    3   1.198331   -32.968597     0.000000      32.9686   -1.#IND0   -1.#IND0    4
   6    7   -4   1.198109    31.385101    -0.000000      31.3851   -1.#IND0   -1.#IND0    4
   6    6   -1   1.197614   -38.388914     0.000000      38.3889   -1.#IND0   -1.#IND0    4
   4   12   -2   1.197470    -3.473654     0.000000      3.47365   -1.#IND0   -1.#IND0    4
   6    6   -7   1.196865    15.244003     0.000000       15.244   -1.#IND0   -1.#IND0    4
   1   13    5   1.196670   -14.092908     0.000000      14.0929   -1.#IND0   -1.#IND0    4
   5    6  -10   1.196574    67.569306     0.000000      67.5693   -1.#IND0   -1.#IND0    4
   2    8  -11   1.195911   -20.546646     0.000000      20.5466   -1.#IND0   -1.#IND0    4
   4    4  -12   1.195897    21.937152     0.000000      21.9372   -1.#IND0   -1.#IND0    4
   2    1  -13   1.195422    45.281388     0.000000      45.2814   -1.#IND0   -1.#IND0    4
   2   10    7   1.195368   -19.784169    -0.000000      19.7842   -1.#IND0   -1.#IND0    4
   5   10   -2   1.195110    24.598812    -0.000000      24.5988   -1.#IND0   -1.#IND0    4
   1    7   10   1.194417    47.913902     0.000000      47.9139   -1.#IND0   -1.#IND0    4
   0    3   12   1.194300    35.933762    -0.000000      35.9338   -1.#IND0   -1.#IND0    4
   1    4   11   1.194289     5.940948    -0.000000      5.94095   -1.#IND0   -1.#IND0    4
   6    7   -3   1.194236     2.150410     0.000000      2.15041   -1.#IND0   -1.#IND0    4
   6    7   -5   1.193988   -41.353675     0.000000      41.3537   -1.#IND0   -1.#IND0    4
   0   13    6   1.193896   -49.237801     0.000000      49.2378   -1.#IND0   -1.#IND0    4
   2   12    5   1.193714    -3.761774     0.000000      3.76177   -1.#IND0   -1.#IND0    4
   5    4  -11   1.193200     9.055979    -0.000000      9.05598   -1.#IND0   -1.#IND0    4
   5    1    5   1.192736    -0.928252     0.000000     0.928252   -1.#IND0   -1.#IND0    4
   3    1    9   1.192596     3.211928    -0.000000      3.21193   -1.#IND0   -1.#IND0    4
   4    9    4   1.192248    39.062744     0.000000      39.0627   -1.#IND0   -1.#IND0    4
   4   12   -4   1.191993     9.516050    -0.000000      9.51605   -1.#IND0   -1.#IND0    4
   2   14    1   1.191702   -14.285856    -0.000000      14.2859   -1.#IND0   -1.#IND0    4
   4    6    6   1.191372    58.045619    -0.000000      58.0456   -1.#IND0   -1.#IND0    4
   3    1  -13   1.191242    -7.528118     0.000000      7.52812   -1.#IND0   -1.#IND0    4
   4    3    7   1.191094    26.008774    -0.000000      26.0088   -1.#IND0   -1.#IND0    4
   5   10   -5   1.190836    39.231284    -0.000000      39.2313   -1.#IND0   -1.#IND0    4
   5    5    4   1.190465    -5.713614    -0.000000      5.71361   -1.#IND0   -1.#IND0    4
   2    6  -12   1.190255    34.657061     0.000000      34.6571   -1.#IND0   -1.#IND0    4
   4   10    3   1.190177    -5.761314     0.000000      5.76131   -1.#IND0   -1.#IND0    4
   3   12    3   1.189796   -10.843339    -0.000000      10.8433   -1.#IND0   -1.#IND0    4
   1    9    9   1.189307    -2.876764    -0.000000      2.87676   -1.#IND0   -1.#IND0    4
   3   12   -7   1.189185   -16.984442     0.000000      16.9844   -1.#IND0   -1.#IND0    4
   4   12   -1   1.188301   -37.283843     0.000000      37.2838   -1.#IND0   -1.#IND0    4
   6    4    1   1.188001    38.155642    -0.000000      38.1556   -1.#IND0   -1.#IND0    4
   2    2  -13   1.187416     6.477780     0.000000      6.47778   -1.#IND0   -1.#IND0    4
   6    0    2   1.187380    78.707800    -0.000000      78.7078   -1.#IND0   -1.#IND0    2
   6    4   -9   1.186784    -4.513984    -0.000000      4.51398   -1.#IND0   -1.#IND0    4
   2    4   10   1.186626    42.544083    -0.000000      42.5441   -1.#IND0   -1.#IND0    4
   5    8    2   1.186278    15.455235    -0.000000      15.4552   -1.#IND0   -1.#IND0    4
   3   13    1   1.186186   -12.773963     0.000000       12.774   -1.#IND0   -1.#IND0    4
   4   11   -7   1.186015    -1.949136     0.000000      1.94914   -1.#IND0   -1.#IND0    4
   6    0  -10   1.185922    42.645963     0.000000       42.646   -1.#IND0   -1.#IND0    2
   3   13   -5   1.185822     3.948201    -0.000000       3.9482   -1.#IND0   -1.#IND0    4
   2   14   -4   1.184966    60.364964    -0.000000       60.365   -1.#IND0   -1.#IND0    4
   5    2    5   1.184783   -27.619099     0.000000      27.6191   -1.#IND0   -1.#IND0    4
   6    1    2   1.184747    -7.448104    -0.000000       7.4481   -1.#IND0   -1.#IND0    4
   3    2    9   1.184646   -19.676478    -0.000000      19.6765   -1.#IND0   -1.#IND0    4
   2    7    9   1.184137    -6.947874    -0.000000      6.94787   -1.#IND0   -1.#IND0    4
   3    2  -13   1.183319    33.068885     0.000000      33.0689   -1.#IND0   -1.#IND0    4
   6    1  -10   1.183299   -32.827675     0.000000      32.8277   -1.#IND0   -1.#IND0    4
   0   15    1   1.182783    17.686662     0.000000      17.6867   -1.#IND0   -1.#IND0    4
   6    7   -2   1.182597   -15.259080     0.000000      15.2591   -1.#IND0   -1.#IND0    4
   3    8    7   1.182442    22.128458    -0.000000      22.1285   -1.#IND0   -1.#IND0    4
   3    6    8   1.182185    65.665489    -0.000000      65.6655   -1.#IND0   -1.#IND0    4
   6    7   -6   1.182117   -39.489071     0.000000      39.4891   -1.#IND0   -1.#IND0    4
   1    8  -11   1.181714    -4.494833     0.000000      4.49483   -1.#IND0   -1.#IND0    4
   3    8  -11   1.181362    -1.923388     0.000000      1.92339   -1.#IND0   -1.#IND0    4
   4    8    5   1.181214    10.485375     0.000000      10.4854   -1.#IND0   -1.#IND0    4
   3    6  -12   1.180985    25.899479     0.000000      25.8995   -1.#IND0   -1.#IND0    4
   2   11   -9   1.180922   -23.332685     0.000000      23.3327   -1.#IND0   -1.#IND0    4
   5   10   -1   1.180854    15.029190    -0.000000      15.0292   -1.#IND0   -1.#IND0    4
   5    7    3   1.180448    -0.295422    -0.000000     0.295422   -1.#IND0   -1.#IND0    4
   5    9    1   1.179148    -3.518697     0.000000       3.5187   -1.#IND0   -1.#IND0    4
   0    7   11   1.178599   -46.337654     0.000000      46.3377   -1.#IND0   -1.#IND0    4
   4    7  -11   1.177901     0.648943    -0.000000     0.648943   -1.#IND0   -1.#IND0    4
   1   12   -8   1.177744    42.441196    -0.000000      42.4412   -1.#IND0   -1.#IND0    4
   4   12   -5   1.177669   -44.928024     0.000000       44.928   -1.#IND0   -1.#IND0    4
   1   14   -5   1.177296     0.481930    -0.000000      0.48193   -1.#IND0   -1.#IND0    4
   1   11   -9   1.177239     1.027539     0.000000      1.02754   -1.#IND0   -1.#IND0    4
   6    2    2   1.176952    63.634443    -0.000000      63.6344   -1.#IND0   -1.#IND0    4
   2    9    8   1.176593     0.721855     0.000000     0.721855   -1.#IND0   -1.#IND0    4
   2   12   -8   1.176348    23.050060     0.000000      23.0501   -1.#IND0   -1.#IND0    4
   0    9   10   1.176234   -29.398903     0.000000      29.3989   -1.#IND0   -1.#IND0    4
   0    4   12   1.175916    -4.236209    -0.000000      4.23621   -1.#IND0   -1.#IND0    4
   6    2  -10   1.175532    82.564856     0.000000      82.5649   -1.#IND0   -1.#IND0    4
   4   11    2   1.175203   -13.454761    -0.000000      13.4548   -1.#IND0   -1.#IND0    4
   2    3  -13   1.174422    11.231121    -0.000000      11.2311   -1.#IND0   -1.#IND0    4
   5   10   -6   1.174005   -16.911464    -0.000000      16.9115   -1.#IND0   -1.#IND0    4
   1   15   -1   1.173858     7.660705     0.000000      7.66071   -1.#IND0   -1.#IND0    4
   2   13    4   1.173445   -18.287784    -0.000000      18.2878   -1.#IND0   -1.#IND0    4
   4    4    7   1.172855    13.644205    -0.000000      13.6442   -1.#IND0   -1.#IND0    4
   2   10  -10   1.172717    12.015133     0.000000      12.0151   -1.#IND0   -1.#IND0    4
   1   15    0   1.172620   -20.291522    -0.000000      20.2915   -1.#IND0   -1.#IND0    4
   4    5  -12   1.172321    60.432046     0.000000       60.432   -1.#IND0   -1.#IND0    4
   5    3    5   1.171874    12.987900     0.000000      12.9879   -1.#IND0   -1.#IND0    4
   5    0  -12   1.171773    -0.348252    -0.000000     0.348252   -1.#IND0   -1.#IND0    2
   4   12    0   1.171751    32.624545    -0.000000      32.6245   -1.#IND0   -1.#IND0    4
   3    3    9   1.171742    23.370047    -0.000000        23.37   -1.#IND0   -1.#IND0    4
   0   15    2   1.171356   -22.757669    -0.000000      22.7577   -1.#IND0   -1.#IND0    4
   1    6  -12   1.171239    22.112951     0.000000       22.113   -1.#IND0   -1.#IND0    4
   5    8   -9   1.171162   -47.233460     0.000000      47.2335   -1.#IND0   -1.#IND0    4
   1    1  -13   1.171147   -48.328194    -0.000000      48.3282   -1.#IND0   -1.#IND0    4
   1    5   11   1.170807    67.404079    -0.000000      67.4041   -1.#IND0   -1.#IND0    4
   6    6    0   1.170596   -32.797399     0.000000      32.7974   -1.#IND0   -1.#IND0    4
   3    3  -13   1.170458    -8.417421    -0.000000      8.41742   -1.#IND0   -1.#IND0    4
   2   14    2   1.169953    64.738165    -0.000000      64.7382   -1.#IND0   -1.#IND0    4
   5    5  -11   1.169781   -12.295788     0.000000      12.2958   -1.#IND0   -1.#IND0    4
   6    6   -8   1.169665     4.449090     0.000000      4.44909   -1.#IND0   -1.#IND0    4
   5    1  -12   1.169243   -16.087914    -0.000000      16.0879   -1.#IND0   -1.#IND0    4
   1   15   -2   1.167592    -0.642740    -0.000000      0.64274   -1.#IND0   -1.#IND0    4
   5    9   -8   1.166958   -58.958121     0.000000      58.9581   -1.#IND0   -1.#IND0    4
   1   14    4   1.166199    65.491106    -0.000000      65.4911   -1.#IND0   -1.#IND0    4
   0   14    5   1.166111    -5.125705    -0.000000       5.1257   -1.#IND0   -1.#IND0    4
   1   13   -7   1.165650   -31.891805     0.000000      31.8918   -1.#IND0   -1.#IND0    4
   6    5    1   1.164880     6.965194    -0.000000      6.96519   -1.#IND0   -1.#IND0    4
   6    3    2   1.164295     1.988546    -0.000000      1.98855   -1.#IND0   -1.#IND0    4
   1   10  -10   1.164185    27.837799     0.000000      27.8378   -1.#IND0   -1.#IND0    4
   1   15    1   1.163949    15.252419    -0.000000      15.2524   -1.#IND0   -1.#IND0    4
   6    7   -1   1.163857   -31.832069     0.000000      31.8321   -1.#IND0   -1.#IND0    4
   6    5   -9   1.163733   -18.575124     0.000000      18.5751   -1.#IND0   -1.#IND0    4
   1    2  -13   1.163615    16.845440     0.000000      16.8454   -1.#IND0   -1.#IND0    4
   2    5   10   1.163584   -12.010834    -0.000000      12.0108   -1.#IND0   -1.#IND0    4
   6    7   -7   1.163170     6.239544     0.000000      6.23954   -1.#IND0   -1.#IND0    4
   6    3  -10   1.162921   -57.608925    -0.000000      57.6089   -1.#IND0   -1.#IND0    4
   5    7  -10   1.162903    48.973543     0.000000      48.9735   -1.#IND0   -1.#IND0    4
   7    0   -4   1.162738    61.466696     0.000000      61.4667   -1.#IND0   -1.#IND0    2
   5    6    4   1.162217    40.794411    -0.000000      40.7944   -1.#IND0   -1.#IND0    4
   5    2  -12   1.161748    41.961871     0.000000      41.9619   -1.#IND0   -1.#IND0    4
   7    1   -5   1.161351    15.636775     0.000000      15.6368   -1.#IND0   -1.#IND0    4
   2   14   -5   1.161056     5.386804    -0.000000       5.3868   -1.#IND0   -1.#IND0    4
   7    1   -4   1.160266   -12.291418     0.000000      12.2914   -1.#IND0   -1.#IND0    4
   3   13    2   1.159861   -23.465591     0.000000      23.4656   -1.#IND0   -1.#IND0    4
   5   10    0   1.159740     4.454428     0.000000      4.45443   -1.#IND0   -1.#IND0    4
   4    1  -13   1.159469     0.298161     0.000000     0.298161   -1.#IND0   -1.#IND0    4
   2   13   -7   1.159432    -8.361043    -0.000000      8.36104   -1.#IND0   -1.#IND0    4
   3   13   -6   1.159408    38.903728    -0.000000      38.9037   -1.#IND0   -1.#IND0    4
   1   12    7   1.159400    24.499707    -0.000000      24.4997   -1.#IND0   -1.#IND0    4
   6    8   -4   1.159362    16.553108    -0.000000      16.5531   -1.#IND0   -1.#IND0    4
   4   10   -9   1.158967    62.749734    -0.000000      62.7497   -1.#IND0   -1.#IND0    4
   4    7    6   1.158126    -7.961609     0.000000      7.96161   -1.#IND0   -1.#IND0    4
   3   11    5   1.157960    -0.163944    -0.000000     0.163944   -1.#IND0   -1.#IND0    4
   7    0   -6   1.157610     8.660619     0.000000      8.66062   -1.#IND0   -1.#IND0    2
   3   11   -9   1.157171   -28.977770     0.000000      28.9778   -1.#IND0   -1.#IND0    4
   2    7  -12   1.157100    -0.851224    -0.000000     0.851224   -1.#IND0   -1.#IND0    4
   2    4  -13   1.156927    -5.461523    -0.000000      5.46152   -1.#IND0   -1.#IND0    4
   4   12   -6   1.156554    38.163209     0.000000      38.1632   -1.#IND0   -1.#IND0    4
   1   11    8   1.156540   -38.067920     0.000000      38.0679   -1.#IND0   -1.#IND0    4
   1    8   10   1.156016    31.767508    -0.000000      31.7675   -1.#IND0   -1.#IND0    4
   4    9  -10   1.155887   -33.821346    -0.000000      33.8213   -1.#IND0   -1.#IND0    4
   6    8   -3   1.155852    -1.424182    -0.000000      1.42418   -1.#IND0   -1.#IND0    4
   6    8   -5   1.155627    -1.860683    -0.000000      1.86068   -1.#IND0   -1.#IND0    4
   7    1   -6   1.155170    -6.568235    -0.000000      6.56824   -1.#IND0   -1.#IND0    4
   3   10    6   1.155084    14.613327     0.000000      14.6133   -1.#IND0   -1.#IND0    4
   5    4    5   1.154491   -10.196573    -0.000000      10.1966   -1.#IND0   -1.#IND0    4
   3    4    9   1.154365   -12.800270     0.000000      12.8003   -1.#IND0   -1.#IND0    4
   3   10  -10   1.154189     8.674769     0.000000      8.67477   -1.#IND0   -1.#IND0    4
   1   15   -3   1.154175    -2.980057    -0.000000      2.98006   -1.#IND0   -1.#IND0    4
   7    2   -5   1.154006    17.828954     0.000000       17.829   -1.#IND0   -1.#IND0    4
   0    5   12   1.153481    34.551760     0.000000      34.5518   -1.#IND0   -1.#IND0    4
   3    4  -13   1.153137     0.913925     0.000000     0.913925   -1.#IND0   -1.#IND0    4
   0   15    3   1.153026     1.592556    -0.000000      1.59256   -1.#IND0   -1.#IND0    4
   7    2   -4   1.152941    26.859747     0.000000      26.8597   -1.#IND0   -1.#IND0    4
   2    9  -11   1.152508    20.222496     0.000000      20.2225   -1.#IND0   -1.#IND0    4
   4    2  -13   1.152160   -11.233218     0.000000      11.2332   -1.#IND0   -1.#IND0    4
   0   12    8   1.152047    23.553685    -0.000000      23.5537   -1.#IND0   -1.#IND0    4
   7    1   -3   1.151975    -0.781580    -0.000000      0.78158   -1.#IND0   -1.#IND0    4
   3   14   -2   1.151553    63.493012    -0.000000       63.493   -1.#IND0   -1.#IND0    4
   1    3  -13   1.151379   -31.933133    -0.000000      31.9331   -1.#IND0   -1.#IND0    4
   5   10   -7   1.150684    24.546257    -0.000000      24.5463   -1.#IND0   -1.#IND0    4
   4    5    7   1.150591     3.621700     0.000000       3.6217   -1.#IND0   -1.#IND0    4
   1   13    6   1.150182     0.874013    -0.000000     0.874013   -1.#IND0   -1.#IND0    4
   4   11   -8   1.149979    34.533706    -0.000000      34.5337   -1.#IND0   -1.#IND0    4
   3    7    8   1.149681    33.967118    -0.000000      33.9671   -1.#IND0   -1.#IND0    4
   5    3  -12   1.149570   -57.853965    -0.000000       57.854   -1.#IND0   -1.#IND0    4
   3   12    4   1.148804     7.697913    -0.000000      7.69791   -1.#IND0   -1.#IND0    4
   4   12    1   1.148727     5.558233     0.000000      5.55823   -1.#IND0   -1.#IND0    4
   3    7  -12   1.148578   -20.879975    -0.000000        20.88   -1.#IND0   -1.#IND0    4
   1   15    2   1.148328    -0.239935    -0.000000     0.239935   -1.#IND0   -1.#IND0    4
   3   12   -8   1.148143    22.509202     0.000000      22.5092   -1.#IND0   -1.#IND0    4
   3   14   -1   1.148058    25.445688     0.000000      25.4457   -1.#IND0   -1.#IND0    4
   5   11   -3   1.148020     0.853900     0.000000       0.8539   -1.#IND0   -1.#IND0    4
   3   14   -3   1.147948   -16.897887    -0.000000      16.8979   -1.#IND0   -1.#IND0    4
   7    2   -6   1.147941    13.190575     0.000000      13.1906   -1.#IND0   -1.#IND0    4
   6    4    2   1.147242    56.717946    -0.000000      56.7179   -1.#IND0   -1.#IND0    4
   0   11    9   1.146867   -18.420460     0.000000      18.4205   -1.#IND0   -1.#IND0    4
   5   11   -4   1.146752     4.197382    -0.000000      4.19738   -1.#IND0   -1.#IND0    4
   2    8    9   1.146688    38.708934     0.000000      38.7089   -1.#IND0   -1.#IND0    4
   6    4  -10   1.145927     3.543553    -0.000000      3.54355   -1.#IND0   -1.#IND0    4
   0   13    7   1.145353    20.091137     0.000000      20.0911   -1.#IND0   -1.#IND0    4
   4    6  -12   1.145316    36.567450     0.000000      36.5674   -1.#IND0   -1.#IND0    4
   6    8   -2   1.145290    35.166529    -0.000000      35.1665   -1.#IND0   -1.#IND0    4
   6    8   -6   1.144853    19.227421     0.000000      19.2274   -1.#IND0   -1.#IND0    4
   7    2   -3   1.144805    -1.039226     0.000000      1.03923   -1.#IND0   -1.#IND0    4
   4   10    4   1.144468    16.412185    -0.000000      16.4122   -1.#IND0   -1.#IND0    4
   1    6   11   1.143903    -2.502400     0.000000       2.5024   -1.#IND0   -1.#IND0    4
   1    0   12   1.143885    47.584146    -0.000000      47.5841   -1.#IND0   -1.#IND0    2
   5    9    2   1.143878     9.350631    -0.000000      9.35063   -1.#IND0   -1.#IND0    4
   5    8    3   1.143337    40.758865    -0.000000      40.7589   -1.#IND0   -1.#IND0    4
   5    6  -11   1.142947    43.657558     0.000000      43.6576   -1.#IND0   -1.#IND0    4
   2   12    6   1.142897    -5.331532    -0.000000      5.33153   -1.#IND0   -1.#IND0    4
   2   11    7   1.142490    -9.877972     0.000000      9.87797   -1.#IND0   -1.#IND0    4
   2   14    3   1.142325    26.938662     0.000000      26.9387   -1.#IND0   -1.#IND0    4
   5   11   -2   1.142265     4.906093    -0.000000      4.90609   -1.#IND0   -1.#IND0    4
   1   14   -6   1.142079    33.736904    -0.000000      33.7369   -1.#IND0   -1.#IND0    4
   7    3   -5   1.142067    23.778251     0.000000      23.7783   -1.#IND0   -1.#IND0    4
   7    1   -7   1.142064   -30.387322    -0.000000      30.3873   -1.#IND0   -1.#IND0    4
   1   10    9   1.141866   -19.716343     0.000000      19.7163   -1.#IND0   -1.#IND0    4
   0    8   11   1.141657    42.594615    -0.000000      42.5946   -1.#IND0   -1.#IND0    4
   1    1   12   1.141530    26.027660     0.000000      26.0277   -1.#IND0   -1.#IND0    4
   7    3   -4   1.141035    -8.279542     0.000000      8.27954   -1.#IND0   -1.#IND0    4
   4    8  -11   1.141023   -50.026366    -0.000000      50.0264   -1.#IND0   -1.#IND0    4
   3    9    7   1.140438    25.241159    -0.000000      25.2412   -1.#IND0   -1.#IND0    4
   4    3  -13   1.140278   -34.638166    -0.000000      34.6382   -1.#IND0   -1.#IND0    4
   1    9  -11   1.139785     8.242678     0.000000      8.24268   -1.#IND0   -1.#IND0    4
   1    7  -12   1.139607    29.965267     0.000000      29.9653   -1.#IND0   -1.#IND0    4
   3    9  -11   1.139469     7.868288     0.000000      7.86829   -1.#IND0   -1.#IND0    4
   4    9    5   1.139336     8.322720    -0.000000      8.32272   -1.#IND0   -1.#IND0    4
   7    0   -2   1.139258    11.163532     0.000000      11.1635   -1.#IND0   -1.#IND0    2
   6    7    0   1.139015     0.852393     0.000000     0.852393   -1.#IND0   -1.#IND0    4
   2   15   -1   1.138969    14.871800    -0.000000      14.8718   -1.#IND0   -1.#IND0    4
   4    0    8   1.138607    15.489402    -0.000000      15.4894   -1.#IND0   -1.#IND0    2
   5   11   -5   1.138532    -3.041541    -0.000000      3.04154   -1.#IND0   -1.#IND0    4
   6    6    1   1.138374    56.177255    -0.000000      56.1773   -1.#IND0   -1.#IND0    4
   6    7   -8   1.138156    22.176200    -0.000000      22.1762   -1.#IND0   -1.#IND0    4
   4   11    3   1.137956    14.317615     0.000000      14.3176   -1.#IND0   -1.#IND0    4
   2   15   -2   1.137785    -8.301995    -0.000000      8.30199   -1.#IND0   -1.#IND0    4
   3   14    0   1.137653    41.119788    -0.000000      41.1198   -1.#IND0   -1.#IND0    4
   3   14   -4   1.137439    32.188085    -0.000000      32.1881   -1.#IND0   -1.#IND0    4
   6    1    3   1.137375    -8.938512     0.000000      8.93851   -1.#IND0   -1.#IND0    4
   6    6   -9   1.137304     7.619652     0.000000      7.61965   -1.#IND0   -1.#IND0    4
   2    6   10   1.137164    32.245613    -0.000000      32.2456   -1.#IND0   -1.#IND0    4
   2    1   11   1.137133     9.610775    -0.000000      9.61078   -1.#IND0   -1.#IND0    4
   7    1   -2   1.136932    -7.665462    -0.000000      7.66546   -1.#IND0   -1.#IND0    4
   4    1    8   1.136285     9.946052    -0.000000      9.94605   -1.#IND0   -1.#IND0    4
   7    3   -6   1.136188    13.818340     0.000000      13.8183   -1.#IND0   -1.#IND0    4
   4   13   -3   1.136051    -4.788996    -0.000000        4.789   -1.#IND0   -1.#IND0    4
   6    1  -11   1.135880    58.843358     0.000000      58.8434   -1.#IND0   -1.#IND0    4
   2    5  -13   1.135542    15.866944     0.000000      15.8669   -1.#IND0   -1.#IND0    4
   7    2   -7   1.135077    14.592789     0.000000      14.5928   -1.#IND0   -1.#IND0    4
   4   13   -2   1.134982    -2.954392     0.000000      2.95439   -1.#IND0   -1.#IND0    4
   1    4  -13   1.134880   -10.678521    -0.000000      10.6785   -1.#IND0   -1.#IND0    4
   1    2   12   1.134552    81.452307    -0.000000      81.4523   -1.#IND0   -1.#IND0    4
   1   15   -4   1.134331    17.448021    -0.000000       17.448   -1.#IND0   -1.#IND0    4
   2   15    0   1.133296     1.979671     0.000000      1.97967   -1.#IND0   -1.#IND0    4
   5    5    5   1.133238    -7.612534     0.000000      7.61253   -1.#IND0   -1.#IND0    4
   7    3   -3   1.133147    -8.377601     0.000000       8.3776   -1.#IND0   -1.#IND0    4
   5    4  -12   1.133147   -36.852423    -0.000000      36.8524   -1.#IND0   -1.#IND0    4
   3    5    9   1.133119    23.074720     0.000000      23.0747   -1.#IND0   -1.#IND0    4
   5   10    1   1.132866   -38.432075     0.000000      38.4321   -1.#IND0   -1.#IND0    4
   3    5  -13   1.131957    47.410041     0.000000        47.41   -1.#IND0   -1.#IND0    4
   2   13    5   1.131783    11.029714     0.000000      11.0297   -1.#IND0   -1.#IND0    4
   2   14   -6   1.131705    20.743421    -0.000000      20.7434   -1.#IND0   -1.#IND0    4
   5    7    4   1.131290   -12.137933     0.000000      12.1379   -1.#IND0   -1.#IND0    4
   5    0    6   1.130698   -33.190070     0.000000      33.1901   -1.#IND0   -1.#IND0    2
   2   10    8   1.130599     5.108198     0.000000       5.1082   -1.#IND0   -1.#IND0    4
   6    2    3   1.130472   -26.556774     0.000000      26.5568   -1.#IND0   -1.#IND0    4
   4   13   -4   1.130316    51.278748    -0.000000      51.2787   -1.#IND0   -1.#IND0    4
   5    9   -9   1.130308    43.230247     0.000000      43.2302   -1.#IND0   -1.#IND0    4
   0   10   10   1.130281    -5.536651     0.000000      5.53665   -1.#IND0   -1.#IND0    4
   2    2   11   1.130235   -20.953237     0.000000      20.9532   -1.#IND0   -1.#IND0    4
   7    2   -2   1.130037    -8.975976     0.000000      8.97598   -1.#IND0   -1.#IND0    4
   2   15   -3   1.129806   -19.886393     0.000000      19.8864   -1.#IND0   -1.#IND0    4
   5   11   -1   1.129798    16.015150    -0.000000      16.0152   -1.#IND0   -1.#IND0    4
   4   12   -7   1.129738   -65.126071     0.000000      65.1261   -1.#IND0   -1.#IND0    4
   1   14    5   1.129723     5.903046    -0.000000      5.90305   -1.#IND0   -1.#IND0    4
   4    2    8   1.129402    -0.673134     0.000000     0.673134   -1.#IND0   -1.#IND0    4
   6    2  -11   1.129005    22.765452     0.000000      22.7655   -1.#IND0   -1.#IND0    4
   0   15    4   1.128751    35.920340    -0.000000      35.9203   -1.#IND0   -1.#IND0    4
   3   13    3   1.128442   -16.716564     0.000000      16.7166   -1.#IND0   -1.#IND0    4
   5    1    6   1.128423     3.848561     0.000000      3.84856   -1.#IND0   -1.#IND0    4
   6    8   -1   1.128243   -36.318345     0.000000      36.3183   -1.#IND0   -1.#IND0    4
   3   13   -7   1.127920   -19.994208    -0.000000      19.9942   -1.#IND0   -1.#IND0    4
   0    6   12   1.127728    33.875394    -0.000000      33.8754   -1.#IND0   -1.#IND0    4
   6    8   -7   1.127617     3.796003    -0.000000        3.796   -1.#IND0   -1.#IND0    4
   0   14    6   1.127388    32.530471     0.000000      32.5305   -1.#IND0   -1.#IND0    4
   5    8  -10   1.127374    25.888768     0.000000      25.8888   -1.#IND0   -1.#IND0    4
   4   13   -1   1.127166    -4.515455     0.000000      4.51546   -1.#IND0   -1.#IND0    4
   1   15    3   1.126580     0.731994     0.000000     0.731994   -1.#IND0   -1.#IND0    4
   6    5    2   1.126380    -1.172169    -0.000000      1.17217   -1.#IND0   -1.#IND0    4
   7    4   -5   1.125959    -9.881812     0.000000      9.88181   -1.#IND0   -1.#IND0    4
   2   12   -9   1.125333   -20.302032    -0.000000       20.302   -1.#IND0   -1.#IND0    4
   6    5  -10   1.125135   -28.287673    -0.000000      28.2877   -1.#IND0   -1.#IND0    4
   4    6    7   1.125027   -17.046736     0.000000      17.0467   -1.#IND0   -1.#IND0    4
   7    4   -4   1.124970    19.011026     0.000000       19.011   -1.#IND0   -1.#IND0    4
   7    0   -8   1.124964    31.180446     0.000000      31.1804   -1.#IND0   -1.#IND0    2
   4    4  -13   1.124245    -8.856646    -0.000000      8.85665   -1.#IND0   -1.#IND0    4
   5   11   -6   1.123796    17.555519     0.000000      17.5555   -1.#IND0   -1.#IND0    4
   7    3   -7   1.123710   -29.396678    -0.000000      29.3967   -1.#IND0   -1.#IND0    4
   0    1   13   1.123224    47.193517    -0.000000      47.1935   -1.#IND0   -1.#IND0    4
   1    3   12   1.123202    -7.048656    -0.000000      7.04866   -1.#IND0   -1.#IND0    4
   4    8    6   1.123020    39.548385    -0.000000      39.5484   -1.#IND0   -1.#IND0    4
   7    1   -8   1.122724   -18.214659    -0.000000      18.2147   -1.#IND0   -1.#IND0    4
   2   11  -10   1.122666    13.519940     0.000000      13.5199   -1.#IND0   -1.#IND0    4
   1   12   -9   1.122145   -27.167314    -0.000000      27.1673   -1.#IND0   -1.#IND0    4
   2    8  -12   1.122084     5.252887    -0.000000      5.25289   -1.#IND0   -1.#IND0    4
   5   10   -8   1.122042    30.808856    -0.000000      30.8089   -1.#IND0   -1.#IND0    4
   5    2    6   1.121682   -31.542027     0.000000       31.542   -1.#IND0   -1.#IND0    4
   2   15    1   1.121066     1.645388     0.000000      1.64539   -1.#IND0   -1.#IND0    4
   3   14    1   1.120889    -5.160529    -0.000000      5.16053   -1.#IND0   -1.#IND0    4
   3   14   -5   1.120582    22.756528    -0.000000      22.7565   -1.#IND0   -1.#IND0    4
   4   12    2   1.120381    19.305366    -0.000000      19.3054   -1.#IND0   -1.#IND0    4
   7    4   -6   1.120324    22.881878     0.000000      22.8819   -1.#IND0   -1.#IND0    4
   6    9   -4   1.119690    17.466274    -0.000000      17.4663   -1.#IND0   -1.#IND0    4
   6    3    3   1.119243    16.932378     0.000000      16.9324   -1.#IND0   -1.#IND0    4
   2    3   11   1.119012    -3.973079     0.000000      3.97308   -1.#IND0   -1.#IND0    4
   7    3   -2   1.118821    13.286797    -0.000000      13.2868   -1.#IND0   -1.#IND0    4
   4    3    8   1.118204    -7.850829     0.000000      7.85083   -1.#IND0   -1.#IND0    4
   1   13   -8   1.118144    27.064200    -0.000000      27.0642   -1.#IND0   -1.#IND0    4
   4   13   -5   1.118080   -15.557374    -0.000000      15.5574   -1.#IND0   -1.#IND0    4
   6    3  -11   1.117819    41.361139     0.000000      41.3611   -1.#IND0   -1.#IND0    4
   7    4   -3   1.117409    -8.311897     0.000000       8.3119   -1.#IND0   -1.#IND0    4
   2   13   -8   1.116949     2.143758     0.000000      2.14376   -1.#IND0   -1.#IND0    4
   1    9   10   1.116675    62.108197    -0.000000      62.1082   -1.#IND0   -1.#IND0    4
   0    2   13   1.116574   -14.475690    -0.000000      14.4757   -1.#IND0   -1.#IND0    4
   6    9   -3   1.116526    26.167385    -0.000000      26.1674   -1.#IND0   -1.#IND0    4
   6    9   -5   1.116324     9.370159     0.000000      9.37016   -1.#IND0   -1.#IND0    4
   7    2   -8   1.116084    48.044399     0.000000      48.0444   -1.#IND0   -1.#IND0    4
   7    1   -1   1.115914     4.398871     0.000000      4.39887   -1.#IND0   -1.#IND0    4
   4    7  -12   1.115686    35.615668     0.000000      35.6157   -1.#IND0   -1.#IND0    4
   2   15   -4   1.115453   -20.265024     0.000000       20.265   -1.#IND0   -1.#IND0    4
   3    8    8   1.115315    44.432327    -0.000000      44.4323   -1.#IND0   -1.#IND0    4
   1   11  -10   1.115174    -2.039964     0.000000      2.03996   -1.#IND0   -1.#IND0    4
   1    5  -13   1.114673   -13.953974    -0.000000       13.954   -1.#IND0   -1.#IND0    4
   1    7   11   1.114380    29.542907    -0.000000      29.5429   -1.#IND0   -1.#IND0    4
   3    8  -12   1.114308    20.683545    -0.000000      20.6835   -1.#IND0   -1.#IND0    4
   5    7  -11   1.113495   -31.321435     0.000000      31.3214   -1.#IND0   -1.#IND0    4
   5    5  -12   1.113031   -26.292300    -0.000000      26.2923   -1.#IND0   -1.#IND0    4
   4   13    0   1.113012    14.294681     0.000000      14.2947   -1.#IND0   -1.#IND0    4
   3    0   10   1.112963    -0.557192     0.000000     0.557192   -1.#IND0   -1.#IND0    2
   0   16    0   1.112500   -30.266899     0.000000      30.2669   -1.#IND0   -1.#IND0    2
   4   10  -10   1.112191    26.315464     0.000000      26.3155   -1.#IND0   -1.#IND0    4
   3    0  -14   1.111762    11.224285     0.000000      11.2243   -1.#IND0   -1.#IND0    2
   5   11    0   1.111265   -15.892069     0.000000      15.8921   -1.#IND0   -1.#IND0    4
   2    6  -13   1.110947    11.678643     0.000000      11.6786   -1.#IND0   -1.#IND0    4
   2    0  -14   1.110881   -27.716124    -0.000000      27.7161   -1.#IND0   -1.#IND0    2
   3    1   10   1.110793    10.082847     0.000000      10.0828   -1.#IND0   -1.#IND0    4
   5    3    6   1.110710    -4.559792     0.000000      4.55979   -1.#IND0   -1.#IND0    4
   4   11   -9   1.110585    -3.654846    -0.000000      3.65485   -1.#IND0   -1.#IND0    4
   2   14    4   1.110120    48.340104    -0.000000      48.3401   -1.#IND0   -1.#IND0    4
   3    1  -14   1.109600    13.168467    -0.000000      13.1685   -1.#IND0   -1.#IND0    4
   7    2   -1   1.109393     1.971786    -0.000000      1.97179   -1.#IND0   -1.#IND0    4
   0   16    1   1.109298   -11.665966    -0.000000       11.666   -1.#IND0   -1.#IND0    4
   6    7    1   1.109266    -9.249712    -0.000000      9.24971   -1.#IND0   -1.#IND0    4
   2   10  -11   1.109180     7.921819     0.000000      7.92182   -1.#IND0   -1.#IND0    4
   1   15   -5   1.109048    11.067374     0.000000      11.0674   -1.#IND0   -1.#IND0    4
   5    6    5   1.108790   -21.820736    -0.000000      21.8207   -1.#IND0   -1.#IND0    4
   2    1  -14   1.108723    11.157546    -0.000000      11.1575   -1.#IND0   -1.#IND0    4
   3    6    9   1.108678   -47.370121     0.000000      47.3701   -1.#IND0   -1.#IND0    4
   7    4   -7   1.108357   -15.268041    -0.000000       15.268   -1.#IND0   -1.#IND0    4
   6    7   -9   1.108275   -26.170172    -0.000000      26.1702   -1.#IND0   -1.#IND0    4
   2    9    9   1.108260    15.996237    -0.000000      15.9962   -1.#IND0   -1.#IND0    4
   2    7   10   1.108146   -14.040500    -0.000000      14.0405   -1.#IND0   -1.#IND0    4
   1    4   12   1.107868    22.636781    -0.000000      22.6368   -1.#IND0   -1.#IND0    4
   3    6  -13   1.107590   -10.891257     0.000000      10.8913   -1.#IND0   -1.#IND0    4
   3   11    6   1.107167    -2.872703     0.000000       2.8727   -1.#IND0   -1.#IND0    4
   6    9   -2   1.106998   -14.473025     0.000000       14.473   -1.#IND0   -1.#IND0    4
   6    9   -6   1.106604   -41.188320     0.000000      41.1883   -1.#IND0   -1.#IND0    4
   3   11  -10   1.106378    13.319409     0.000000      13.3194   -1.#IND0   -1.#IND0    4
   7    5   -5   1.106217    34.853268     0.000000      34.8533   -1.#IND0   -1.#IND0    4
   5    1  -13   1.106189    20.104214     0.000000      20.1042   -1.#IND0   -1.#IND0    4
   1    8  -12   1.106110    -0.936461     0.000000     0.936461   -1.#IND0   -1.#IND0    4
   0    3   13   1.105750    49.189059    -0.000000      49.1891   -1.#IND0   -1.#IND0    4
   6    8    0   1.105569    -7.956870     0.000000      7.95687   -1.#IND0   -1.#IND0    4
   3   12    5   1.105411    32.730038     0.000000        32.73   -1.#IND0   -1.#IND0    4
   7    5   -4   1.105279   -17.934544     0.000000      17.9345   -1.#IND0   -1.#IND0    4
   7    3   -8   1.105273   -21.496721    -0.000000      21.4967   -1.#IND0   -1.#IND0    4
   5    9    3   1.105234    -8.834944    -0.000000      8.83494   -1.#IND0   -1.#IND0    4
   6    8   -8   1.104784     4.672785     0.000000      4.67279   -1.#IND0   -1.#IND0    4
   3   12   -9   1.104725   -38.907883     0.000000      38.9079   -1.#IND0   -1.#IND0    4
   4    5  -13   1.104591   -14.226198     0.000000      14.2262   -1.#IND0   -1.#IND0    4
   3    2   10   1.104361     9.935835     0.000000      9.93584   -1.#IND0   -1.#IND0    4
   1   12    8   1.104175    24.167009    -0.000000       24.167   -1.#IND0   -1.#IND0    4
   6    4    3   1.104069   -27.625340     0.000000      27.6253   -1.#IND0   -1.#IND0    4
   2    4   11   1.103848   -10.495500     0.000000      10.4955   -1.#IND0   -1.#IND0    4
   0    9   11   1.103716   -15.375595    -0.000000      15.3756   -1.#IND0   -1.#IND0    4
   7    4   -2   1.103664    11.597823    -0.000000      11.5978   -1.#IND0   -1.#IND0    4
   1   14   -7   1.103513    -4.198071    -0.000000      4.19807   -1.#IND0   -1.#IND0    4
   5   11   -7   1.103290    -3.082028    -0.000000      3.08203   -1.#IND0   -1.#IND0    4
   3    2  -14   1.103188    46.989527     0.000000      46.9895   -1.#IND0   -1.#IND0    4
   4    9  -11   1.103143    15.041706    -0.000000      15.0417   -1.#IND0   -1.#IND0    4
   4    4    8   1.103071   -14.708245     0.000000      14.7082   -1.#IND0   -1.#IND0    4
   2   15    2   1.102903    13.482878     0.000000      13.4829   -1.#IND0   -1.#IND0    4
   6    4  -11   1.102702    -5.769234     0.000000      5.76923   -1.#IND0   -1.#IND0    4
   1   13    7   1.102410   -14.605442     0.000000      14.6054   -1.#IND0   -1.#IND0    4
   6    6    2   1.102363    62.110939    -0.000000      62.1109   -1.#IND0   -1.#IND0    4
   2    2  -14   1.102327    27.479034     0.000000       27.479   -1.#IND0   -1.#IND0    4
   1   16   -1   1.101925   -22.921340     0.000000      22.9213   -1.#IND0   -1.#IND0    4
   5   10    2   1.101481     5.015644    -0.000000      5.01564   -1.#IND0   -1.#IND0    4
   6    6  -10   1.101197    13.138855    -0.000000      13.1389   -1.#IND0   -1.#IND0    4
   1   16    0   1.100901    -3.630126     0.000000      3.63013   -1.#IND0   -1.#IND0    4
   7    5   -6   1.100871    29.544315     0.000000      29.5443   -1.#IND0   -1.#IND0    4
   4   13   -6   1.099962   -11.518492    -0.000000      11.5185   -1.#IND0   -1.#IND0    4
   0   16    2   1.099855    -8.887421     0.000000      8.88742   -1.#IND0   -1.#IND0    4
   5    2  -13   1.099836    11.295840     0.000000      11.2958   -1.#IND0   -1.#IND0    4
   1   15    4   1.099756     8.168069    -0.000000      8.16807   -1.#IND0   -1.#IND0    4
   0   15    5   1.099683    -5.781502    -0.000000       5.7815   -1.#IND0   -1.#IND0    4
   0    7   12   1.099409    53.636459    -0.000000      53.6365   -1.#IND0   -1.#IND0    4
   7    3   -1   1.098774    14.600173    -0.000000      14.6002   -1.#IND0   -1.#IND0    4
   3   14    2   1.098598    19.682570     0.000000      19.6826   -1.#IND0   -1.#IND0    4
   5    8    4   1.098501    25.784182    -0.000000      25.7842   -1.#IND0   -1.#IND0    4
   4   12   -8   1.098461    24.127388    -0.000000      24.1274   -1.#IND0   -1.#IND0    4
   3   10    7   1.098408    -4.604294     0.000000      4.60429   -1.#IND0   -1.#IND0    4
   2   14   -7   1.098233     9.554732    -0.000000      9.55473   -1.#IND0   -1.#IND0    4
   3   14   -6   1.098213    21.947990    -0.000000       21.948   -1.#IND0   -1.#IND0    4
   7    5   -3   1.098105   -19.424109     0.000000      19.4241   -1.#IND0   -1.#IND0    4
   7    1   -9   1.098097    31.931559     0.000000      31.9316   -1.#IND0   -1.#IND0    4
   1   10  -11   1.097824    36.958969     0.000000       36.959   -1.#IND0   -1.#IND0    4
   4   11    4   1.097807     8.169692    -0.000000      8.16969   -1.#IND0   -1.#IND0    4
   3   10  -11   1.097542    19.440278     0.000000      19.4403   -1.#IND0   -1.#IND0    4
   4   10    5   1.097423     8.770669    -0.000000      8.77067   -1.#IND0   -1.#IND0    4
   4    7    7   1.096906    -9.831681     0.000000      9.83168   -1.#IND0   -1.#IND0    4
   5   12   -3   1.096754   -28.729302     0.000000      28.7293   -1.#IND0   -1.#IND0    4
   1   16   -2   1.096737   -18.138828     0.000000      18.1388   -1.#IND0   -1.#IND0    4
   0   13    8   1.096084    11.211287    -0.000000      11.2113   -1.#IND0   -1.#IND0    4
   5    4    6   1.095875   -10.258877     0.000000      10.2589   -1.#IND0   -1.#IND0    4
   0   12    9   1.095748     9.989354     0.000000      9.98935   -1.#IND0   -1.#IND0    4
   5   12   -4   1.095648    11.987997     0.000000       11.988   -1.#IND0   -1.#IND0    4
   1   11    9   1.095510     2.970523     0.000000      2.97052   -1.#IND0   -1.#IND0    4
   2   15   -5   1.095440     5.006717     0.000000      5.00672   -1.#IND0   -1.#IND0    4
   3    3   10   1.093884   -16.552326    -0.000000      16.5523   -1.#IND0   -1.#IND0    4
   1   16    1   1.093716     8.247457    -0.000000      8.24746   -1.#IND0   -1.#IND0    4
   3   13    4   1.093289    15.545655     0.000000      15.5457   -1.#IND0   -1.#IND0    4
   4   13    1   1.093223   -26.124244     0.000000      26.1242   -1.#IND0   -1.#IND0    4
   3    3  -14   1.092745   -16.782717    -0.000000      16.7827   -1.#IND0   -1.#IND0    4
   3   13   -8   1.092720    -3.168138     0.000000      3.16814   -1.#IND0   -1.#IND0    4
   7    0    0   1.091971    40.831240     0.000000      40.8312   -1.#IND0   -1.#IND0    2
   2   12    7   1.091929    37.024765    -0.000000      37.0248   -1.#IND0   -1.#IND0    4
   2    3  -14   1.091908    -9.533212    -0.000000      9.53321   -1.#IND0   -1.#IND0    4
   7    2   -9   1.091882    17.655345     0.000000      17.6553   -1.#IND0   -1.#IND0    4
   5   12   -2   1.091733    20.550601    -0.000000      20.5506   -1.#IND0   -1.#IND0    4
   6    9   -1   1.091582   -12.466720     0.000000      12.4667   -1.#IND0   -1.#IND0    4
   1    6  -13   1.091382   -25.717786    -0.000000      25.7178   -1.#IND0   -1.#IND0    4
   6    0    4   1.091224   -16.774963     0.000000       16.775   -1.#IND0   -1.#IND0    2
   0    4   13   1.091111   -10.991781     0.000000      10.9918   -1.#IND0   -1.#IND0    4
   6    9   -7   1.091015     4.192764     0.000000      4.19276   -1.#IND0   -1.#IND0    4
   5    9  -10   1.090794    40.064090     0.000000      40.0641   -1.#IND0   -1.#IND0    4
   7    4   -8   1.090653    16.878375    -0.000000      16.8784   -1.#IND0   -1.#IND0    4
   1   14    6   1.090362    51.364215    -0.000000      51.3642   -1.#IND0   -1.#IND0    4
   7    1    0   1.089922    -6.893866     0.000000      6.89387   -1.#IND0   -1.#IND0    4
   5    6  -12   1.089841   -14.503221    -0.000000      14.5032   -1.#IND0   -1.#IND0    4
   4    0  -14   1.089794     7.497170     0.000000      7.49717   -1.#IND0   -1.#IND0    2
   6    0  -12   1.089716   -27.802042    -0.000000       27.802   -1.#IND0   -1.#IND0    2
   7    5   -7   1.089510   -17.340068    -0.000000      17.3401   -1.#IND0   -1.#IND0    4
   5    3  -13   1.089487    15.325884    -0.000000      15.3259   -1.#IND0   -1.#IND0    4
   5   10   -9   1.089349    -9.433551    -0.000000      9.43355   -1.#IND0   -1.#IND0    4
   6    1    4   1.089179    -4.508540     0.000000      4.50854   -1.#IND0   -1.#IND0    4
   1    5   12   1.089047   -35.244356    -0.000000      35.2444   -1.#IND0   -1.#IND0    4
   5   12   -5   1.088472   -12.489221    -0.000000      12.4892   -1.#IND0   -1.#IND0    4
   2   13    6   1.088194   -26.987229     0.000000      26.9872   -1.#IND0   -1.#IND0    4
   4   12    3   1.087969   -11.725839    -0.000000      11.7258   -1.#IND0   -1.#IND0    4
   4    1  -14   1.087757     7.051760    -0.000000      7.05176   -1.#IND0   -1.#IND0    4
   6    1  -12   1.087679    13.444657     0.000000      13.4447   -1.#IND0   -1.#IND0    4
   5   11    1   1.087555   -10.901081     0.000000      10.9011   -1.#IND0   -1.#IND0    4
   3   15   -2   1.087449    -2.435476     0.000000      2.43548   -1.#IND0   -1.#IND0    4
   1    0  -14   1.087309    -1.240474     0.000000      1.24047   -1.#IND0   -1.#IND0    2
   4    9    6   1.086849    -9.549619     0.000000      9.54962   -1.#IND0   -1.#IND0    4
   0   14    7   1.086246   -26.419440     0.000000      26.4194   -1.#IND0   -1.#IND0    4
   2    9  -12   1.086001   -10.427312     0.000000      10.4273   -1.#IND0   -1.#IND0    4
   1   16   -3   1.085595    17.017758     0.000000      17.0178   -1.#IND0   -1.#IND0    4
   2   11    8   1.085549     8.480639    -0.000000      8.48064   -1.#IND0   -1.#IND0    4
   6    5    3   1.085437    10.699408     0.000000      10.6994   -1.#IND0   -1.#IND0    4
   1    1  -14   1.085286   -12.853264    -0.000000      12.8533   -1.#IND0   -1.#IND0    4
   0   11   10   1.085267   -43.664104    -0.000000      43.6641   -1.#IND0   -1.#IND0    4
   2    5   11   1.085227    -7.909949     0.000000      7.90995   -1.#IND0   -1.#IND0    4
   7    5   -2   1.085052    17.206659    -0.000000      17.2067   -1.#IND0   -1.#IND0    4
   0   16    3   1.084639     8.998291    -0.000000      8.99829   -1.#IND0   -1.#IND0    4
   3   15   -1   1.084504    -9.212051    -0.000000      9.21205   -1.#IND0   -1.#IND0    4
   4    5    8   1.084489   -21.059103    -0.000000      21.0591   -1.#IND0   -1.#IND0    4
   3   15   -3   1.084411    12.968633     0.000000      12.9686   -1.#IND0   -1.#IND0    4
   7    4   -1   1.084407     2.777027    -0.000000      2.77703   -1.#IND0   -1.#IND0    4
   4    8  -12   1.084197     1.620380     0.000000      1.62038   -1.#IND0   -1.#IND0    4
   6    5  -11   1.084138    25.369146     0.000000      25.3691   -1.#IND0   -1.#IND0    4
   2    7  -13   1.083844   -11.431235     0.000000      11.4312   -1.#IND0   -1.#IND0    4
   7    2    0   1.083843    27.236875    -0.000000      27.2369   -1.#IND0   -1.#IND0    4
   7    6   -5   1.083441    -1.136892    -0.000000      1.13689   -1.#IND0   -1.#IND0    4
   6    2    4   1.083113   -16.275759     0.000000      16.2758   -1.#IND0   -1.#IND0    4
   1    8   11   1.082998    11.795768    -0.000000      11.7958   -1.#IND0   -1.#IND0    4
   7    6   -4   1.082560    13.171955     0.000000       13.172   -1.#IND0   -1.#IND0    4
   5    8  -11   1.082186    42.813667     0.000000      42.8137   -1.#IND0   -1.#IND0    4
   4    6  -13   1.081913     2.266136    -0.000000      2.26614   -1.#IND0   -1.#IND0    4
   5    7    5   1.081840    -2.441515     0.000000      2.44151   -1.#IND0   -1.#IND0    4
   7    3   -9   1.081753    10.345381     0.000000      10.3454   -1.#IND0   -1.#IND0    4
   3    7    9   1.081736     6.498853     0.000000      6.49885   -1.#IND0   -1.#IND0    4
   4    2  -14   1.081715    31.022000     0.000000       31.022   -1.#IND0   -1.#IND0    4
   6    2  -12   1.081638    41.901810     0.000000      41.9018   -1.#IND0   -1.#IND0    4
   5   12   -1   1.080833    -7.537460    -0.000000      7.53746   -1.#IND0   -1.#IND0    4
   1   16    2   1.080725   -28.875333     0.000000      28.8753   -1.#IND0   -1.#IND0    4
   3    7  -13   1.080725     3.556160    -0.000000      3.55616   -1.#IND0   -1.#IND0    4
   3    9    8   1.079861    27.548993     0.000000       27.549   -1.#IND0   -1.#IND0    4
   6   10   -4   1.079834     3.255044    -0.000000      3.25504   -1.#IND0   -1.#IND0    4
   3    4   10   1.079706   -16.531708     0.000000      16.5317   -1.#IND0   -1.#IND0    4
   2   15    3   1.079667     2.463506    -0.000000      2.46351   -1.#IND0   -1.#IND0    4
   1   15   -6   1.079459   -47.158706     0.000000      47.1587   -1.#IND0   -1.#IND0    4
   1    2  -14   1.079285    72.027142     0.000000      72.0271   -1.#IND0   -1.#IND0    4
   3    9  -12   1.078946   -26.633385     0.000000      26.6334   -1.#IND0   -1.#IND0    4
   3    4  -14   1.078610    27.603097     0.000000      27.6031   -1.#IND0   -1.#IND0    4
   7    6   -6   1.078418    28.834170     0.000000      28.8342   -1.#IND0   -1.#IND0    4
   6    8    1   1.078303    57.947958    -0.000000       57.948   -1.#IND0   -1.#IND0    4
   4   14   -3   1.078301    28.437408    -0.000000      28.4374   -1.#IND0   -1.#IND0    4
   5   11   -8   1.077968   -20.743167     0.000000      20.7432   -1.#IND0   -1.#IND0    4
   2    4  -14   1.077805   -11.180487    -0.000000      11.1805   -1.#IND0   -1.#IND0    4
   5    5    6   1.077648    -6.164441     0.000000      6.16444   -1.#IND0   -1.#IND0    4
   6    8   -9   1.077393     0.480728    -0.000000     0.480728   -1.#IND0   -1.#IND0    4
   4   14   -2   1.077387    28.489272    -0.000000      28.4893   -1.#IND0   -1.#IND0    4
   2    8   10   1.077274    19.335144    -0.000000      19.3351   -1.#IND0   -1.#IND0    4
   1   10   10   1.077128    22.200919    -0.000000      22.2009   -1.#IND0   -1.#IND0    4
   6   10   -3   1.076995    15.414865    -0.000000      15.4149   -1.#IND0   -1.#IND0    4
   4   13   -7   1.076818     8.967112     0.000000      8.96711   -1.#IND0   -1.#IND0    4
   6   10   -5   1.076814    16.514388    -0.000000      16.5144   -1.#IND0   -1.#IND0    4
   6    7    2   1.075868    11.228334    -0.000000      11.2283   -1.#IND0   -1.#IND0    4
   7    6   -3   1.075817     4.602468    -0.000000      4.60247   -1.#IND0   -1.#IND0    4
   3   15    0   1.075720    -0.390550    -0.000000      0.39055   -1.#IND0   -1.#IND0    4
   5   12   -6   1.075574     4.792398     0.000000       4.7924   -1.#IND0   -1.#IND0    4
   3   15   -4   1.075539   -42.261075     0.000000      42.2611   -1.#IND0   -1.#IND0    4
   5    4  -13   1.075476     0.155170     0.000000      0.15517   -1.#IND0   -1.#IND0    4
   6    7  -10   1.074783   -28.854830    -0.000000      28.8548   -1.#IND0   -1.#IND0    4
   2   14    5   1.074649   -38.978401    -0.000000      38.9784   -1.#IND0   -1.#IND0    4
   2   12  -10   1.074583    25.962563    -0.000000      25.9626   -1.#IND0   -1.#IND0    4
   7    3    0   1.073935    -1.598060    -0.000000      1.59806   -1.#IND0   -1.#IND0    4
   4   14   -4   1.073393    45.111872    -0.000000      45.1119   -1.#IND0   -1.#IND0    4
   6    3    4   1.073224     1.300595     0.000000       1.3006   -1.#IND0   -1.#IND0    4
   0    5   13   1.073117    41.119121    -0.000000      41.1191   -1.#IND0   -1.#IND0    4
   2   13   -9   1.073001     4.346955    -0.000000      4.34696   -1.#IND0   -1.#IND0    4
   2   16   -1   1.072913     5.070656    -0.000000      5.07066   -1.#IND0   -1.#IND0    4
   7    5   -8   1.072681    -3.376714     0.000000      3.37671   -1.#IND0   -1.#IND0    4
   2   16   -2   1.071923   -14.153076     0.000000      14.1531   -1.#IND0   -1.#IND0    4
   4    3  -14   1.071864   -41.814565    -0.000000      41.8146   -1.#IND0   -1.#IND0    4
   6    3  -12   1.071789    12.990137     0.000000      12.9901   -1.#IND0   -1.#IND0    4
   3   14    3   1.071788    -7.674154     0.000000      7.67415   -1.#IND0   -1.#IND0    4
   1    9  -12   1.071499    16.743734     0.000000      16.7437   -1.#IND0   -1.#IND0    4
   3   14   -7   1.071341    36.719865    -0.000000      36.7199   -1.#IND0   -1.#IND0    4
   7    0  -10   1.071200   -47.860095    -0.000000      47.8601   -1.#IND0   -1.#IND0    2
   6    9    0   1.071007    -1.603451     0.000000      1.60345   -1.#IND0   -1.#IND0    4
   4   14   -1   1.070694   -14.352805     0.000000      14.3528   -1.#IND0   -1.#IND0    4
   2   15   -6   1.070687   -15.684849     0.000000      15.6848   -1.#IND0   -1.#IND0    4
   6    9   -8   1.070293    10.897252    -0.000000      10.8973   -1.#IND0   -1.#IND0    4
   1   13   -9   1.070236    16.522790    -0.000000      16.5228   -1.#IND0   -1.#IND0    4
   2   10    9   1.069571    -5.593255    -0.000000      5.59325   -1.#IND0   -1.#IND0    4
   1    3  -14   1.069499   -28.887150     0.000000      28.8872   -1.#IND0   -1.#IND0    4
   7    1  -10   1.069265     3.215374    -0.000000      3.21537   -1.#IND0   -1.#IND0    4
   0    8   12   1.069242    13.159291    -0.000000      13.1593   -1.#IND0   -1.#IND0    4
   4   11  -10   1.069224    -1.777085     0.000000      1.77708   -1.#IND0   -1.#IND0    4
   1   16   -4   1.069033    -0.706267    -0.000000     0.706267   -1.#IND0   -1.#IND0    4
   1   15    5   1.069008     6.446722    -0.000000      6.44672   -1.#IND0   -1.#IND0    4
   4   13    2   1.068706     0.255242     0.000000     0.255242   -1.#IND0   -1.#IND0    4
   6   10   -2   1.068436    11.875408     0.000000      11.8754   -1.#IND0   -1.#IND0    4
   2   16    0   1.068167   -19.076135     0.000000      19.0761   -1.#IND0   -1.#IND0    4
   6   10   -6   1.068081    13.070557    -0.000000      13.0706   -1.#IND0   -1.#IND0    4
   7    4   -9   1.068035    -4.427699     0.000000       4.4277   -1.#IND0   -1.#IND0    4
   1   12  -10   1.068007    26.043533     0.000000      26.0435   -1.#IND0   -1.#IND0    4
   5    1    7   1.067773   -17.720221     0.000000      17.7202   -1.#IND0   -1.#IND0    4
   7    6   -7   1.067731    -0.831517     0.000000     0.831517   -1.#IND0   -1.#IND0    4
   1    6   12   1.067295    26.424620     0.000000      26.4246   -1.#IND0   -1.#IND0    4
   0   15    6   1.067030     8.242451     0.000000      8.24245   -1.#IND0   -1.#IND0    4
   4    8    7   1.066939   -18.563406     0.000000      18.5634   -1.#IND0   -1.#IND0    4
   5   10    3   1.066850    34.582767     0.000000      34.5828   -1.#IND0   -1.#IND0    4
   4    1    9   1.066768   -40.279075     0.000000      40.2791   -1.#IND0   -1.#IND0    4
   7    5   -1   1.066737    17.678485    -0.000000      17.6785   -1.#IND0   -1.#IND0    4
   2   11  -11   1.066547    -9.627040     0.000000      9.62704   -1.#IND0   -1.#IND0    4
   1    7  -13   1.065653   -14.146385    -0.000000      14.1464   -1.#IND0   -1.#IND0    4
   0   10   11   1.065485    -0.363049     0.000000     0.363049   -1.#IND0   -1.#IND0    4
   2   16   -3   1.065243     3.645621    -0.000000      3.64562   -1.#IND0   -1.#IND0    4
   4   10  -11   1.064969   -12.176122    -0.000000      12.1761   -1.#IND0   -1.#IND0    4
   5    9    4   1.064578    -8.304408    -0.000000      8.30441   -1.#IND0   -1.#IND0    4
   5   12    0   1.064572     1.061459     0.000000      1.06146   -1.#IND0   -1.#IND0    4
   0   16    4   1.064359    -9.535916     0.000000      9.53592   -1.#IND0   -1.#IND0    4
   5    7  -12   1.064218   -43.738765    -0.000000      43.7388   -1.#IND0   -1.#IND0    4
   4   12   -9   1.063974    21.294739    -0.000000      21.2947   -1.#IND0   -1.#IND0    4
   6    6    3   1.063896   -43.079003     0.000000       43.079   -1.#IND0   -1.#IND0    4
   2    6   11   1.063698   -19.550857    -0.000000      19.5509   -1.#IND0   -1.#IND0    4
   7    6   -2   1.063534    13.161388    -0.000000      13.1614   -1.#IND0   -1.#IND0    4
   7    2  -10   1.063524     4.428337     0.000000      4.42834   -1.#IND0   -1.#IND0    4
   4    6    8   1.063004   -13.226306     0.000000      13.2263   -1.#IND0   -1.#IND0    4
   1   14   -8   1.062952    30.210269    -0.000000      30.2103   -1.#IND0   -1.#IND0    4
   4   14   -5   1.062897    15.528695    -0.000000      15.5287   -1.#IND0   -1.#IND0    4
   6    6  -11   1.062673   -24.935822     0.000000      24.9358   -1.#IND0   -1.#IND0    4
   1   16    3   1.062538   -13.772197     0.000000      13.7722   -1.#IND0   -1.#IND0    4
   3    5   10   1.062261   -13.060834     0.000000      13.0608   -1.#IND0   -1.#IND0    4
   5    2    7   1.062055    -1.556358     0.000000      1.55636   -1.#IND0   -1.#IND0    4
   2   14   -8   1.061926    15.917127    -0.000000      15.9171   -1.#IND0   -1.#IND0    4
   3   15    1   1.061514    18.673645    -0.000000      18.6736   -1.#IND0   -1.#IND0    4
   3   15   -5   1.061254    -0.951655     0.000000     0.951655   -1.#IND0   -1.#IND0    4
   3    5  -14   1.061217    42.928939     0.000000      42.9289   -1.#IND0   -1.#IND0    4
   4    2    9   1.061067    -9.344980     0.000000      9.34498   -1.#IND0   -1.#IND0    4
   3   12    6   1.060968    17.170953    -0.000000       17.171   -1.#IND0   -1.#IND0    4
   7    4    0   1.060508    47.187210    -0.000000      47.1872   -1.#IND0   -1.#IND0    4
   2    5  -14   1.060450    11.788341     0.000000      11.7883   -1.#IND0   -1.#IND0    4
   3   12  -10   1.060274    20.718579    -0.000000      20.7186   -1.#IND0   -1.#IND0    4
   7    1    1   1.060056     7.445045    -0.000000      7.44505   -1.#IND0   -1.#IND0    4
   2    0   12   1.059970   -41.062400     0.000000      41.0624   -1.#IND0   -1.#IND0    2
   6    4    4   1.059824    -9.732112     0.000000      9.73211   -1.#IND0   -1.#IND0    4
   1    1   13   1.059762   -18.349374     0.000000      18.3494   -1.#IND0   -1.#IND0    4
   5   11    2   1.059697    16.899096     0.000000      16.8991   -1.#IND0   -1.#IND0    4
   4   14    0   1.058541    39.909756    -0.000000      39.9098   -1.#IND0   -1.#IND0    4
   4    4  -14   1.058514     2.637743    -0.000000      2.63774   -1.#IND0   -1.#IND0    4
   6    4  -12   1.058442    23.146608     0.000000      23.1466   -1.#IND0   -1.#IND0    4
   7    7   -5   1.058257    12.762525    -0.000000      12.7625   -1.#IND0   -1.#IND0    4
   5    5  -13   1.058233    14.699467     0.000000      14.6995   -1.#IND0   -1.#IND0    4
   2    1   12   1.058095    10.420803    -0.000000      10.4208   -1.#IND0   -1.#IND0    4
   2   16    1   1.057908     4.090352    -0.000000      4.09035   -1.#IND0   -1.#IND0    4
   5   12   -7   1.057555   -14.646256    -0.000000      14.6463   -1.#IND0   -1.#IND0    4
   7    7   -4   1.057435   -36.799014     0.000000       36.799   -1.#IND0   -1.#IND0    4
   3   11    7   1.056960    36.322758    -0.000000      36.3228   -1.#IND0   -1.#IND0    4
   4    7  -13   1.056833   -33.696250    -0.000000      33.6962   -1.#IND0   -1.#IND0    4
   5    6    6   1.056559    13.283920    -0.000000      13.2839   -1.#IND0   -1.#IND0    4
   1   11  -11   1.056440   -14.244132     0.000000      14.2441   -1.#IND0   -1.#IND0    4
   1    4  -14   1.056237    18.797824     0.000000      18.7978   -1.#IND0   -1.#IND0    4
   3   11  -11   1.056189   -17.650878     0.000000      17.6509   -1.#IND0   -1.#IND0    4
   4   11    5   1.056083    10.747609    -0.000000      10.7476   -1.#IND0   -1.#IND0    4
   3   13    5   1.055690   -15.625925     0.000000      15.6259   -1.#IND0   -1.#IND0    4
   3   13   -9   1.055091    -4.587240     0.000000      4.58724   -1.#IND0   -1.#IND0    4
   2    8  -13   1.054907     8.022786     0.000000      8.02279   -1.#IND0   -1.#IND0    4
   1   13    8   1.054613   -31.459867    -0.000000      31.4599   -1.#IND0   -1.#IND0    4
   6   10   -1   1.054556   -23.901419     0.000000      23.9014   -1.#IND0   -1.#IND0    4
   7    2    1   1.054461     3.770778    -0.000000      3.77078   -1.#IND0   -1.#IND0    4
   1    2   13   1.054172    -9.677757    -0.000000      9.67776   -1.#IND0   -1.#IND0    4
   7    3  -10   1.054157     8.821562    -0.000000      8.82156   -1.#IND0   -1.#IND0    4
   6   10   -7   1.054045    17.083080    -0.000000      17.0831   -1.#IND0   -1.#IND0    4
   5   10  -10   1.053846    34.605637     0.000000      34.6056   -1.#IND0   -1.#IND0    4
   7    7   -6   1.053574    26.784582    -0.000000      26.7846   -1.#IND0   -1.#IND0    4
   2   16   -4   1.053187    -3.273636    -0.000000      3.27364   -1.#IND0   -1.#IND0    4
   5    8    5   1.053059    -9.989777     0.000000      9.98978   -1.#IND0   -1.#IND0    4
   3    8    9   1.052963   -39.589193    -0.000000      39.5892   -1.#IND0   -1.#IND0    4
   5    3    7   1.052727   -13.127557     0.000000      13.1276   -1.#IND0   -1.#IND0    4
   4   12    4   1.052723    17.193601    -0.000000      17.1936   -1.#IND0   -1.#IND0    4
   2    2   12   1.052531    -0.786319     0.000000     0.786319   -1.#IND0   -1.#IND0    4
   2   15    4   1.052354     9.906859    -0.000000      9.90686   -1.#IND0   -1.#IND0    4
   0    6   13   1.052288    -9.498080    -0.000000      9.49808   -1.#IND0   -1.#IND0    4
   3    8  -13   1.052031   -14.680418     0.000000      14.6804   -1.#IND0   -1.#IND0    4
   7    6   -8   1.051877    19.473927     0.000000      19.4739   -1.#IND0   -1.#IND0    4
   4    3    9   1.051765   -38.972300     0.000000      38.9723   -1.#IND0   -1.#IND0    4
   4    9  -12   1.051544    29.869066     0.000000      29.8691   -1.#IND0   -1.#IND0    4
   7    7   -3   1.051148   -32.463690     0.000000      32.4637   -1.#IND0   -1.#IND0    4
   7    5   -9   1.051141    -0.387753     0.000000     0.387753   -1.#IND0   -1.#IND0    4
   1   12    9   1.050697    28.275014     0.000000       28.275   -1.#IND0   -1.#IND0    4
   1    9   11   1.050450    11.819930    -0.000000      11.8199   -1.#IND0   -1.#IND0    4
   4   10    6   1.050287    11.926565     0.000000      11.9266   -1.#IND0   -1.#IND0    4
   5    9  -11   1.049709    -3.915735     0.000000      3.91574   -1.#IND0   -1.#IND0    4
   4   13   -8   1.049631    14.406961    -0.000000       14.407   -1.#IND0   -1.#IND0    4
   2   10  -12   1.049521    26.200798     0.000000      26.2008   -1.#IND0   -1.#IND0    4
   1   14    7   1.049408   -34.272037    -0.000000       34.272   -1.#IND0   -1.#IND0    4
   5   11   -9   1.048881    -6.667928     0.000000      6.66793   -1.#IND0   -1.#IND0    4
   5    0  -14   1.048761    -7.622344    -0.000000      7.62234   -1.#IND0   -1.#IND0    2
   5   13   -3   1.048141   -10.177399     0.000000      10.1774   -1.#IND0   -1.#IND0    4
   1   16   -5   1.047791     8.946301    -0.000000       8.9463   -1.#IND0   -1.#IND0    4
   6    8    2   1.047549    40.641593    -0.000000      40.6416   -1.#IND0   -1.#IND0    4
   4   14   -6   1.047296    32.085754    -0.000000      32.0858   -1.#IND0   -1.#IND0    4
   0   13    9   1.047263   -23.025526     0.000000      23.0255   -1.#IND0   -1.#IND0    4
   5   13   -4   1.047176    14.014389    -0.000000      14.0144   -1.#IND0   -1.#IND0    4
   5    1  -14   1.046945    14.102814    -0.000000      14.1028   -1.#IND0   -1.#IND0    4
   1   15   -7   1.046721    -1.574805     0.000000       1.5748   -1.#IND0   -1.#IND0    4
   6    8  -10   1.046547     7.372126    -0.000000      7.37213   -1.#IND0   -1.#IND0    4
   7    6   -1   1.046270    14.607751    -0.000000      14.6078   -1.#IND0   -1.#IND0    4
   6    9    1   1.046164     1.516916    -0.000000      1.51692   -1.#IND0   -1.#IND0    4
   6    9   -9   1.045332    -4.559317     0.000000      4.55932   -1.#IND0   -1.#IND0    4
   7    3    1   1.045330    15.492087    -0.000000      15.4921   -1.#IND0   -1.#IND0    4
   2    9   10   1.045224     1.961033    -0.000000      1.96103   -1.#IND0   -1.#IND0    4
   0    0   14   1.045076    -7.121643     0.000000      7.12164   -1.#IND0   -1.#IND0    2
   1    3   13   1.045048   -21.725853     0.000000      21.7259   -1.#IND0   -1.#IND0    4
   0   17    1   1.044388    -2.478286     0.000000      2.47829   -1.#IND0   -1.#IND0    4
   3   10    8   1.043976    21.706564    -0.000000      21.7066   -1.#IND0   -1.#IND0    4
   7    5    0   1.043964    -3.169049    -0.000000      3.16905   -1.#IND0   -1.#IND0    4
   0   14    8   1.043947     7.235246     0.000000      7.23525   -1.#IND0   -1.#IND0    4
   2   13    7   1.043927    -8.280083     0.000000      8.28008   -1.#IND0   -1.#IND0    4
   5   13   -2   1.043756    25.532434    -0.000000      25.5324   -1.#IND0   -1.#IND0    4
   5   12    1   1.043672   -25.727675    -0.000000      25.7277   -1.#IND0   -1.#IND0    4
   7    7   -7   1.043602   -10.247178     0.000000      10.2472   -1.#IND0   -1.#IND0    4
   2    3   12   1.043450    -7.438816     0.000000      7.43882   -1.#IND0   -1.#IND0    4
   6    5    4   1.043311    -2.122131     0.000000      2.12213   -1.#IND0   -1.#IND0    4
   0    1   14   1.043280    -4.252900    -0.000000       4.2529   -1.#IND0   -1.#IND0    4
   1    7   12   1.043195   -40.328919     0.000000      40.3289   -1.#IND0   -1.#IND0    4
   3   10  -12   1.043150    34.381643     0.000000      34.3816   -1.#IND0   -1.#IND0    4
   2   16    2   1.042605     9.229355    -0.000000      9.22935   -1.#IND0   -1.#IND0    4
   3   15    2   1.042523   -12.714173    -0.000000      12.7142   -1.#IND0   -1.#IND0    4
   2   15   -7   1.042211     9.551874     0.000000      9.55187   -1.#IND0   -1.#IND0    4
   3   15   -6   1.042194    -4.984471     0.000000      4.98447   -1.#IND0   -1.#IND0    4
   4    5  -14   1.042061    -7.931165    -0.000000      7.93117   -1.#IND0   -1.#IND0    4
   3    6   10   1.042046    -2.298900     0.000000       2.2989   -1.#IND0   -1.#IND0    4
   6    5  -12   1.041993    39.093708     0.000000      39.0937   -1.#IND0   -1.#IND0    4
   2   12    8   1.041899    13.811392    -0.000000      13.8114   -1.#IND0   -1.#IND0    4
   0   12   10   1.041650    17.890502    -0.000000      17.8905   -1.#IND0   -1.#IND0    4
   5    2  -14   1.041554    36.544180     0.000000      36.5442   -1.#IND0   -1.#IND0    4
   3   14    4   1.041531    43.172286    -0.000000      43.1723   -1.#IND0   -1.#IND0    4
   4   14    1   1.041474    17.133135    -0.000000      17.1331   -1.#IND0   -1.#IND0    4
   7    4  -10   1.041451   -11.769822     0.000000      11.7698   -1.#IND0   -1.#IND0    4
   6    1    5   1.041317     1.417138    -0.000000      1.41714   -1.#IND0   -1.#IND0    4
   3    6  -14   1.041060    26.980450     0.000000      26.9804   -1.#IND0   -1.#IND0    4
   3   14   -8   1.041039    23.386841    -0.000000      23.3868   -1.#IND0   -1.#IND0    4
   5   13   -5   1.040905     7.632175    -0.000000      7.63217   -1.#IND0   -1.#IND0    4
   4   13    3   1.040465    -7.971643     0.000000      7.97164   -1.#IND0   -1.#IND0    4
   6   11   -4   1.040379    18.316251    -0.000000      18.3163   -1.#IND0   -1.#IND0    4
   2    6  -14   1.040336    18.582530     0.000000      18.5825   -1.#IND0   -1.#IND0    4
   5    4    7   1.040072     2.061760     0.000000      2.06176   -1.#IND0   -1.#IND0    4
   6    7    3   1.040020    17.464826     0.000000      17.4648   -1.#IND0   -1.#IND0    4
   1   16    4   1.039945   -12.789865     0.000000      12.7899   -1.#IND0   -1.#IND0    4
   1    5  -14   1.039888    -0.761811     0.000000     0.761811   -1.#IND0   -1.#IND0    4
   0   16    5   1.039883    -7.580735    -0.000000      7.58074   -1.#IND0   -1.#IND0    4
   6    1  -13   1.039843   -29.012932    -0.000000      29.0129   -1.#IND0   -1.#IND0    4
   2    7   11   1.039836    -0.438092     0.000000     0.438092   -1.#IND0   -1.#IND0    4
   7    7   -2   1.039682    15.656047     0.000000       15.656   -1.#IND0   -1.#IND0    4
   4    7    8   1.039187   -20.336993     0.000000       20.337   -1.#IND0   -1.#IND0    4
   4    4    9   1.039143    14.163910    -0.000000      14.1639   -1.#IND0   -1.#IND0    4
   6    7  -11   1.038878    20.597464     0.000000      20.5975   -1.#IND0   -1.#IND0    4
   3    1   11   1.038530   -32.114511     0.000000      32.1145   -1.#IND0   -1.#IND0    4
   5    6  -13   1.038242   -26.094260     0.000000      26.0943   -1.#IND0   -1.#IND0    4
   1   17   -1   1.038228     0.537966     0.000000     0.537966   -1.#IND0   -1.#IND0    4
   1    8  -13   1.038112   -20.760910    -0.000000      20.7609   -1.#IND0   -1.#IND0    4
   1   11   10   1.037959    21.906118     0.000000      21.9061   -1.#IND0   -1.#IND0    4
   0    2   14   1.037945    44.868262    -0.000000      44.8683   -1.#IND0   -1.#IND0    4
   0    9   12   1.037883    39.374862     0.000000      39.3749   -1.#IND0   -1.#IND0    4
   6   11   -3   1.037840     8.321265    -0.000000      8.32127   -1.#IND0   -1.#IND0    4
   6   11   -5   1.037678     1.822095    -0.000000       1.8221   -1.#IND0   -1.#IND0    4
   3    1  -15   1.037473     3.689182     0.000000      3.68918   -1.#IND0   -1.#IND0    4
   1   17    0   1.037371   -14.376130    -0.000000      14.3761   -1.#IND0   -1.#IND0    4
   7    1  -11   1.037337   -33.011759    -0.000000      33.0118   -1.#IND0   -1.#IND0    4
   2   14    6   1.037123    31.358202    -0.000000      31.3582   -1.#IND0   -1.#IND0    4
   5    8  -12   1.036785    -3.446017    -0.000000      3.44602   -1.#IND0   -1.#IND0    4
   0   17    2   1.036496     3.576948    -0.000000      3.57695   -1.#IND0   -1.#IND0    4
   1   10  -12   1.036415    17.572729     0.000000      17.5727   -1.#IND0   -1.#IND0    4
   2   16   -5   1.036293    19.135721    -0.000000      19.1357   -1.#IND0   -1.#IND0    4
   6    2    5   1.036013    10.941501    -0.000000      10.9415   -1.#IND0   -1.#IND0    4
   6   10    0   1.035970     5.940094    -0.000000      5.94009   -1.#IND0   -1.#IND0    4
   4    9    7   1.035776    -8.211579     0.000000      8.21158   -1.#IND0   -1.#IND0    4
   1   15    6   1.035478    30.787694     0.000000      30.7877   -1.#IND0   -1.#IND0    4
   6   10   -8   1.035324    12.050934    -0.000000      12.0509   -1.#IND0   -1.#IND0    4
   5   12   -8   1.035191    35.448294     0.000000      35.4483   -1.#IND0   -1.#IND0    4
   6    2  -13   1.034561    11.538396     0.000000      11.5384   -1.#IND0   -1.#IND0    4
   5   13   -1   1.034218   -12.622852    -0.000000      12.6229   -1.#IND0   -1.#IND0    4
   1   17   -2   1.033885   -12.144695     0.000000      12.1447   -1.#IND0   -1.#IND0    4
   2    1  -15   1.033317   -12.906208    -0.000000      12.9062   -1.#IND0   -1.#IND0    4
   3    2   11   1.033267     1.558327     0.000000      1.55833   -1.#IND0   -1.#IND0    4
   5    7    6   1.033163    -0.598078    -0.000000     0.598078   -1.#IND0   -1.#IND0    4
   7    4    1   1.032936   -13.175591    -0.000000      13.1756   -1.#IND0   -1.#IND0    4
   5    3  -14   1.032752     0.353129     0.000000     0.353129   -1.#IND0   -1.#IND0    4
   1    4   13   1.032664     6.203118    -0.000000      6.20312   -1.#IND0   -1.#IND0    4
   3    2  -15   1.032226    -8.933835    -0.000000      8.93383   -1.#IND0   -1.#IND0    4
   7    2  -11   1.032092     9.769518     0.000000      9.76952   -1.#IND0   -1.#IND0    4
   0   15    7   1.031950    14.668496    -0.000000      14.6685   -1.#IND0   -1.#IND0    4
   7    6   -9   1.031542    -1.805171     0.000000      1.80517   -1.#IND0   -1.#IND0    4
   1   17    1   1.031354     6.934870    -0.000000      6.93487   -1.#IND0   -1.#IND0    4
   7    8   -5   1.031271     0.762737    -0.000000     0.762737   -1.#IND0   -1.#IND0    4
   2   11    9   1.031191    11.475403    -0.000000      11.4754   -1.#IND0   -1.#IND0    4
   2    4   12   1.031122    -5.118815    -0.000000      5.11882   -1.#IND0   -1.#IND0    4
   7    8   -4   1.030511    20.299102     0.000000      20.2991   -1.#IND0   -1.#IND0    4
   6   11   -2   1.030174   -18.401970     0.000000       18.402   -1.#IND0   -1.#IND0    4
   5   10    4   1.030148    16.690927    -0.000000      16.6909   -1.#IND0   -1.#IND0    4
   4    8  -13   1.029953    11.439371     0.000000      11.4394   -1.#IND0   -1.#IND0    4
   6   11   -6   1.029856     9.540921    -0.000000      9.54092   -1.#IND0   -1.#IND0    4
   5   13   -6   1.029608     4.920701     0.000000       4.9207   -1.#IND0   -1.#IND0    4
   3   16   -2   1.029520    -5.370815    -0.000000      5.37082   -1.#IND0   -1.#IND0    4
   0    3   14   1.029233   -11.501839    -0.000000      11.5018   -1.#IND0   -1.#IND0    4
   0    7   13   1.029168    25.540291    -0.000000      25.5403   -1.#IND0   -1.#IND0    4
   7    0    2   1.029130    32.227580    -0.000000      32.2276   -1.#IND0   -1.#IND0    2
   7    7   -8   1.028784    -0.713177     0.000000     0.713177   -1.#IND0   -1.#IND0    4
   5   11    3   1.028752    -2.166407    -0.000000      2.16641   -1.#IND0   -1.#IND0    4
   2   13  -10   1.028739    -0.190055    -0.000000     0.190055   -1.#IND0   -1.#IND0    4
   2    2  -15   1.028133     7.378100    -0.000000       7.3781   -1.#IND0   -1.#IND0    4
   0   11   11   1.027528    -6.081630    -0.000000      6.08163   -1.#IND0   -1.#IND0    4
   4   12  -10   1.027440    21.191784     0.000000      21.1918   -1.#IND0   -1.#IND0    4
   7    1    2   1.027414    -3.763126     0.000000      3.76313   -1.#IND0   -1.#IND0    4
   6    3    5   1.027349    10.898210    -0.000000      10.8982   -1.#IND0   -1.#IND0    4
   4   14   -7   1.027260    -7.823007    -0.000000      7.82301   -1.#IND0   -1.#IND0    4
   4   11  -11   1.027065   -26.547728     0.000000      26.5477   -1.#IND0   -1.#IND0    4
   3   16   -1   1.027020    28.160261    -0.000000      28.1603   -1.#IND0   -1.#IND0    4
   3   16   -3   1.026941     9.632804     0.000000       9.6328   -1.#IND0   -1.#IND0    4
   7    8   -6   1.026936    17.448192    -0.000000      17.4482   -1.#IND0   -1.#IND0    4
   6    3  -13   1.025933   -21.310350    -0.000000      21.3103   -1.#IND0   -1.#IND0    4
   7    5  -10   1.025769    15.630196     0.000000      15.6302   -1.#IND0   -1.#IND0    4
   4   15   -3   1.025131     1.688799     0.000000       1.6888   -1.#IND0   -1.#IND0    4
   2   12  -11   1.025065   -14.917280    -0.000000      14.9173   -1.#IND0   -1.#IND0    4
   2    9  -13   1.024757     5.668434     0.000000      5.66843   -1.#IND0   -1.#IND0    4
   7    6    0   1.024756    54.027825    -0.000000      54.0278   -1.#IND0   -1.#IND0    4
   7    8   -3   1.024689     7.267511    -0.000000      7.26751   -1.#IND0   -1.#IND0    4
   3    3   11   1.024671   -12.811327    -0.000000      12.8113   -1.#IND0   -1.#IND0    4
   1   17   -3   1.024536    11.686970    -0.000000       11.687   -1.#IND0   -1.#IND0    4
   5    5    7   1.024451   -19.108032     0.000000       19.108   -1.#IND0   -1.#IND0    4
   4   15   -2   1.024345   -27.928004    -0.000000       27.928   -1.#IND0   -1.#IND0    4
   6    6    4   1.024139    19.103062    -0.000000      19.1031   -1.#IND0   -1.#IND0    4
   2   14   -9   1.023945    15.914868    -0.000000      15.9149   -1.#IND0   -1.#IND0    4
   0   17    3   1.023731    18.376242    -0.000000      18.3762   -1.#IND0   -1.#IND0    4
   3    3  -15   1.023656    -9.643390    -0.000000      9.64339   -1.#IND0   -1.#IND0    4
   4    5    9   1.023564   -37.334746     0.000000      37.3347   -1.#IND0   -1.#IND0    4
   7    7   -1   1.023536     5.106758    -0.000000      5.10676   -1.#IND0   -1.#IND0    4
   7    3  -11   1.023526   -15.083056    -0.000000      15.0831   -1.#IND0   -1.#IND0    4
   5    9    5   1.023063     8.568478     0.000000      8.56848   -1.#IND0   -1.#IND0    4
   3    9    9   1.022975    -1.866681     0.000000      1.86668   -1.#IND0   -1.#IND0    4
   1   13  -10   1.022965    -4.937897     0.000000       4.9379   -1.#IND0   -1.#IND0    4
   4    6  -14   1.022957    11.158366    -0.000000      11.1584   -1.#IND0   -1.#IND0    4
   2   16    3   1.022910    -4.393392     0.000000      4.39339   -1.#IND0   -1.#IND0    4
   6    6  -12   1.022892    43.789591     0.000000      43.7896   -1.#IND0   -1.#IND0    4
   4    1  -15   1.022857    28.659985     0.000000        28.66   -1.#IND0   -1.#IND0    4
   1   16   -6   1.022733    17.476635    -0.000000      17.4766   -1.#IND0   -1.#IND0    4
   7    2    2   1.022318    11.745904    -0.000000      11.7459   -1.#IND0   -1.#IND0    4
   3    9  -13   1.022120    16.669124     0.000000      16.6691   -1.#IND0   -1.#IND0    4
   2   15    5   1.021991     2.681997    -0.000000        2.682   -1.#IND0   -1.#IND0    4
   1   14   -9   1.021542    22.459297    -0.000000      22.4593   -1.#IND0   -1.#IND0    4
   4   15   -4   1.020911    -8.913974     0.000000      8.91397   -1.#IND0   -1.#IND0    4
   1    6  -14   1.020901    27.615706     0.000000      27.6157   -1.#IND0   -1.#IND0    4
   5    4  -14   1.020795    20.671031     0.000000       20.671   -1.#IND0   -1.#IND0    4
   1   17    2   1.020439    19.179232    -0.000000      19.1792   -1.#IND0   -1.#IND0    4
   4   14    2   1.020210    22.654212    -0.000000      22.6542   -1.#IND0   -1.#IND0    4
   5   13    0   1.019945   -17.937518    -0.000000      17.9375   -1.#IND0   -1.#IND0    4
   2    3  -15   1.019663     5.991600     0.000000       5.9916   -1.#IND0   -1.#IND0    4
   3    7   10   1.019581   -16.225209    -0.000000      16.2252   -1.#IND0   -1.#IND0    4
   3   16    0   1.019551     4.166529    -0.000000      4.16653   -1.#IND0   -1.#IND0    4
   3   15    3   1.019530     7.089683    -0.000000      7.08968   -1.#IND0   -1.#IND0    4
   4   13   -9   1.019419    12.844730    -0.000000      12.8447   -1.#IND0   -1.#IND0    4
   3   16   -4   1.019397    -9.029817     0.000000      9.02982   -1.#IND0   -1.#IND0    4
   3   15   -7   1.019145    -4.518643     0.000000      4.51864   -1.#IND0   -1.#IND0    4
   5   12    2   1.018978    17.156626    -0.000000      17.1566   -1.#IND0   -1.#IND0    4
   3    7  -14   1.018657     9.670887     0.000000      9.67089   -1.#IND0   -1.#IND0    4
   4   15   -1   1.018588    20.842791     0.000000      20.8428   -1.#IND0   -1.#IND0    4
   4   10  -12   1.018324     7.030343     0.000000      7.03034   -1.#IND0   -1.#IND0    4
   6    9    2   1.018008     6.668213    -0.000000      6.66821   -1.#IND0   -1.#IND0    4
   2    7  -14   1.017979   -17.253625    -0.000000      17.2536   -1.#IND0   -1.#IND0    4
   4    2  -15   1.017828     0.766219    -0.000000     0.766219   -1.#IND0   -1.#IND0    4
   6   11   -1   1.017715   -12.373041     0.000000       12.373   -1.#IND0   -1.#IND0    4
   7    8   -7   1.017695    -4.746999     0.000000        4.747   -1.#IND0   -1.#IND0    4
   7    5    1   1.017630     9.841383     0.000000      9.84138   -1.#IND0   -1.#IND0    4
   8    0   -6   1.017585    25.285158     0.000000      25.2852   -1.#IND0   -1.#IND0    2
   0    4   14   1.017396     2.556277     0.000000      2.55628   -1.#IND0   -1.#IND0    4
   1    5   13   1.017370   -16.694547     0.000000      16.6945   -1.#IND0   -1.#IND0    4
   1   10   11   1.017330    -8.982529     0.000000      8.98253   -1.#IND0   -1.#IND0    4
   1    8   12   1.017317    13.998431     0.000000      13.9984   -1.#IND0   -1.#IND0    4
   6   11   -7   1.017256   -23.062463     0.000000      23.0625   -1.#IND0   -1.#IND0    4
   6    9  -10   1.017089   -28.244895    -0.000000      28.2449   -1.#IND0   -1.#IND0    4
   5   11  -10   1.017077    44.476237    -0.000000      44.4762   -1.#IND0   -1.#IND0    4
   8    1   -5   1.016845   -14.866425    -0.000000      14.8664   -1.#IND0   -1.#IND0    4
   3   13    6   1.016774    -9.047717     0.000000      9.04772   -1.#IND0   -1.#IND0    4
   5   10  -11   1.016657    35.598037     0.000000       35.598   -1.#IND0   -1.#IND0    4
   3   12    7   1.016544    16.096144    -0.000000      16.0961   -1.#IND0   -1.#IND0    4
   3   13  -10   1.016163     2.961695    -0.000000       2.9617   -1.#IND0   -1.#IND0    4
   1   12  -11   1.016082    -2.240318     0.000000      2.24032   -1.#IND0   -1.#IND0    4
   5    7  -13   1.016017     4.194305    -0.000000      4.19431   -1.#IND0   -1.#IND0    4
   8    1   -6   1.015926   -11.797478    -0.000000      11.7975   -1.#IND0   -1.#IND0    4
   2    5   12   1.015895     9.060741     0.000000      9.06074   -1.#IND0   -1.#IND0    4
   3   12  -11   1.015858    -5.659684    -0.000000      5.65968   -1.#IND0   -1.#IND0    4
   4   12    5   1.015764    37.900834     0.000000      37.9008   -1.#IND0   -1.#IND0    4
   6    4    5   1.015576    19.916306    -0.000000      19.9163   -1.#IND0   -1.#IND0    4
   2   16   -6   1.015263    18.652187    -0.000000      18.6522   -1.#IND0   -1.#IND0    4
   8    0   -4   1.014522    -1.044287    -0.000000      1.04429   -1.#IND0   -1.#IND0    2
   6    8    3   1.014373   -27.141652    -0.000000      27.1417   -1.#IND0   -1.#IND0    4
   6    4  -13   1.014208     7.810965    -0.000000      7.81097   -1.#IND0   -1.#IND0    4
   2    8   11   1.014201   -13.904189    -0.000000      13.9042   -1.#IND0   -1.#IND0    4
   7    8   -2   1.014059    18.661295    -0.000000      18.6613   -1.#IND0   -1.#IND0    4
   7    3    2   1.013990    -3.019172     0.000000      3.01917   -1.#IND0   -1.#IND0    4
   4   11    6   1.013877    -4.716984     0.000000      4.71698   -1.#IND0   -1.#IND0    4
   2   17   -1   1.013855    16.913523    -0.000000      16.9135   -1.#IND0   -1.#IND0    4
   1   16    5   1.013831     7.136330     0.000000      7.13633   -1.#IND0   -1.#IND0    4
   5   13   -7   1.013769     3.592902    -0.000000       3.5929   -1.#IND0   -1.#IND0    4
   4    8    8   1.013599    -6.540212     0.000000      6.54021   -1.#IND0   -1.#IND0    4
   6   10    1   1.013435    32.901372    -0.000000      32.9014   -1.#IND0   -1.#IND0    4
   6    8  -11   1.013312   -15.980741     0.000000      15.9807   -1.#IND0   -1.#IND0    4
   2   11  -12   1.013188     9.024798    -0.000000       9.0248   -1.#IND0   -1.#IND0    4
   2   17   -2   1.013019   -17.972857     0.000000      17.9729   -1.#IND0   -1.#IND0    4
   3    4   11   1.012990    30.701378    -0.000000      30.7014   -1.#IND0   -1.#IND0    4
   8    1   -4   1.012878    -4.062384    -0.000000      4.06238   -1.#IND0   -1.#IND0    4
   5    0    8   1.012727    16.553809    -0.000000      16.5538   -1.#IND0   -1.#IND0    2
   6   10   -9   1.012680     7.413791    -0.000000      7.41379   -1.#IND0   -1.#IND0    4
   2   10   10   1.012581    21.583573     0.000000      21.5836   -1.#IND0   -1.#IND0    4
   0   16    6   1.012143    11.521541    -0.000000      11.5215   -1.#IND0   -1.#IND0    4
   3    4  -15   1.012009    -3.732192    -0.000000      3.73219   -1.#IND0   -1.#IND0    4
   1   15   -8   1.011915    -6.142027    -0.000000      6.14203   -1.#IND0   -1.#IND0    4
   8    2   -5   1.011904     0.730108     0.000000     0.730108   -1.#IND0   -1.#IND0    4
   7    4  -11   1.011883    -3.136025    -0.000000      3.13603   -1.#IND0   -1.#IND0    4
   4   15   -5   1.011868   -14.118516     0.000000      14.1185   -1.#IND0   -1.#IND0    4
   5    1    8   1.011092     8.832787    -0.000000      8.83279   -1.#IND0   -1.#IND0    4
   1    1  -15   1.011043    42.252703     0.000000      42.2527   -1.#IND0   -1.#IND0    4
   2   15   -8   1.011030   -18.253244     0.000000      18.2532   -1.#IND0   -1.#IND0    4
   8    2   -6   1.010998    22.774784     0.000000      22.7748   -1.#IND0   -1.#IND0    4
   1   17   -4   1.010579     5.463653     0.000000      5.46365   -1.#IND0   -1.#IND0    4
   8    1   -7   1.010160    27.437639     0.000000      27.4376   -1.#IND0   -1.#IND0    4
   2   17    0   1.009847     1.597352    -0.000000      1.59735   -1.#IND0   -1.#IND0    4
   7    7   -9   1.009736    -4.103623     0.000000      4.10362   -1.#IND0   -1.#IND0    4
   4    3  -15   1.009608    25.664714     0.000000      25.6647   -1.#IND0   -1.#IND0    4
   4   13    4   1.009510    -5.128549    -0.000000      5.12855   -1.#IND0   -1.#IND0    4
   5   12   -9   1.009350   -39.798769     0.000000      39.7988   -1.#IND0   -1.#IND0    4
   1    9  -13   1.009341    -1.536235    -0.000000      1.53623   -1.#IND0   -1.#IND0    4
   3   14    5   1.008869    -2.729495    -0.000000       2.7295   -1.#IND0   -1.#IND0    4
   3   14   -9   1.008347     0.028482    -0.000000    0.0284823   -1.#IND0   -1.#IND0    4
   3   11    8   1.008196    -3.129365    -0.000000      3.12937   -1.#IND0   -1.#IND0    4
   2    4  -15   1.008150     4.751836     0.000000      4.75184   -1.#IND0   -1.#IND0    4
   5    9  -12   1.008121   -25.652974    -0.000000       25.653   -1.#IND0   -1.#IND0    4
   4   15    0   1.008107    -6.934999    -0.000000        6.935   -1.#IND0   -1.#IND0    4
   5    8    6   1.008008    13.448416    -0.000000      13.4484   -1.#IND0   -1.#IND0    4
   8    2   -4   1.007994     5.142784     0.000000      5.14278   -1.#IND0   -1.#IND0    4
   1   14    8   1.007929    21.047282     0.000000      21.0473   -1.#IND0   -1.#IND0    4
   1   13    9   1.007723     1.021206    -0.000000      1.02121   -1.#IND0   -1.#IND0    4
   7    6  -10   1.007531    11.042587     0.000000      11.0426   -1.#IND0   -1.#IND0    4
   3   11  -12   1.007452    -2.697462    -0.000000      2.69746   -1.#IND0   -1.#IND0    4
   3   16    1   1.007432   -11.409064    -0.000000      11.4091   -1.#IND0   -1.#IND0    4
   2   17   -3   1.007376    -2.288159     0.000000      2.28816   -1.#IND0   -1.#IND0    4
   3   16   -5   1.007209   -13.157217     0.000000      13.1572   -1.#IND0   -1.#IND0    4
   0   17    4   1.006628    15.865646     0.000000      15.8656   -1.#IND0   -1.#IND0    4
   5    6    7   1.006283    -3.087316     0.000000      3.08732   -1.#IND0   -1.#IND0    4
   5    2    8   1.006234    13.164225    -0.000000      13.1642   -1.#IND0   -1.#IND0    4
   1    2  -15   1.006186    -3.550699    -0.000000       3.5507   -1.#IND0   -1.#IND0    4
   5    5  -14   1.006015    30.746260     0.000000      30.7463   -1.#IND0   -1.#IND0    4
   0   10   12   1.005902    23.064714    -0.000000      23.0647   -1.#IND0   -1.#IND0    4
   4    0   10   1.005466    -5.021123     0.000000      5.02112   -1.#IND0   -1.#IND0    2
   4    6    9   1.005442    20.995990    -0.000000       20.996   -1.#IND0   -1.#IND0    4
   8    2   -7   1.005315     9.057751     0.000000      9.05775   -1.#IND0   -1.#IND0    4
   1   17    3   1.005087    -5.855884    -0.000000      5.85588   -1.#IND0   -1.#IND0    4
   7    0  -12   1.004954     2.144337     0.000000      2.14434   -1.#IND0   -1.#IND0    2
   0    8   13   1.004296    -8.444172     0.000000      8.44417   -1.#IND0   -1.#IND0    4
   8    1   -3   1.004192     8.963719    -0.000000      8.96372   -1.#IND0   -1.#IND0    4
   4   10    7   1.003984   -31.548289    -0.000000      31.5483   -1.#IND0   -1.#IND0    4
   7    8   -8   1.003939     4.411303     0.000000       4.4113   -1.#IND0   -1.#IND0    4
   4    1   10   1.003866    13.475668     0.000000      13.4757   -1.#IND0   -1.#IND0    4
   8    3   -5   1.003826   -17.600940    -0.000000      17.6009   -1.#IND0   -1.#IND0    4
   4   14   -8   1.003577     2.197645    -0.000000      2.19765   -1.#IND0   -1.#IND0    4
   7    7    0   1.003368    -0.152769    -0.000000     0.152769   -1.#IND0   -1.#IND0    4
   7    1  -12   1.003356    -1.508913     0.000000      1.50891   -1.#IND0   -1.#IND0    4
   7    9   -5   1.003050     9.742284     0.000000      9.74228   -1.#IND0   -1.#IND0    4
   8    3   -6   1.002942    -5.082889    -0.000000      5.08289   -1.#IND0   -1.#IND0    4
   6    7    4   1.002789   -10.032889     0.000000      10.0329   -1.#IND0   -1.#IND0    4
   0    5   14   1.002761   -23.660184     0.000000      23.6602   -1.#IND0   -1.#IND0    4
   7    4    2   1.002666    -8.928938     0.000000      8.92894   -1.#IND0   -1.#IND0    4
   7    9   -4   1.002350   -35.477421     0.000000      35.4774   -1.#IND0   -1.#IND0    4
   5   14   -3   1.002274     7.006205    -0.000000       7.0062   -1.#IND0   -1.#IND0    4
   4    9  -13   1.001837     0.237094     0.000000     0.237094   -1.#IND0   -1.#IND0    4
   6   12   -4   1.001768    11.489768     0.000000      11.4898   -1.#IND0   -1.#IND0    4
   4    7  -14   1.001679   -46.734651    -0.000000      46.7347   -1.#IND0   -1.#IND0    4
   6    7  -12   1.001618    21.098001     0.000000       21.098   -1.#IND0   -1.#IND0    4
   5   13    1   1.001521   -18.412849     0.000000      18.4128   -1.#IND0   -1.#IND0    4
   0   14    9   1.001507   -27.298838     0.000000      27.2988   -1.#IND0   -1.#IND0    4
   5   14   -4   1.001431    22.152704    -0.000000      22.1527   -1.#IND0   -1.#IND0    4
   1   11  -12   1.001382    15.105627     0.000000      15.1056   -1.#IND0   -1.#IND0    4
   8    0   -8   1.001369     3.269659    -0.000000      3.26966   -1.#IND0   -1.#IND0    2
   2   17    1   1.001165    -1.091392    -0.000000      1.09139   -1.#IND0   -1.#IND0    4
   6    5    5   1.001018    -1.206862    -0.000000      1.20686   -1.#IND0   -1.#IND0    4
   6   11    0   1.000980    18.568726    -0.000000      18.5687   -1.#IND0   -1.#IND0    4
   6   11   -8   1.000397    17.585890    -0.000000      17.5859   -1.#IND0   -1.#IND0    4
   1   15    7   1.000209   -20.603379     0.000000      20.6034   -1.#IND0   -1.#IND0    4
   8    3   -4   1.000009    10.185140     0.000000      10.1851   -1.#IND0   -1.#IND0    4
   2   13    8   0.999954    22.079093     0.000000      22.0791   -1.#IND0   -1.#IND0    4
   7    6    1   0.999816   -27.803106    -0.000000      27.8031   -1.#IND0   -1.#IND0    4
   8    1   -8   0.999789     0.872053    -0.000000     0.872053   -1.#IND0   -1.#IND0    4
   1    7  -14   0.999748   -13.487293    -0.000000      13.4873   -1.#IND0   -1.#IND0    4
   0   13   10   0.999733    -3.182575     0.000000      3.18257   -1.#IND0   -1.#IND0    4
   6    5  -13   0.999709   -14.731719     0.000000      14.7317   -1.#IND0   -1.#IND0    4
   1   12   10   0.999606    15.651291    -0.000000      15.6513   -1.#IND0   -1.#IND0    4
   2   16    4   0.999592   -15.297857     0.000000      15.2979   -1.#IND0   -1.#IND0    4
   1    6   13   0.999569    12.706631    -0.000000      12.7066   -1.#IND0   -1.#IND0    4
   6   12   -3   0.999500   -13.754955     0.000000       13.755   -1.#IND0   -1.#IND0    4
   8    2   -3   0.999432     9.622273     0.000000      9.62227   -1.#IND0   -1.#IND0    4
   6   12   -5   0.999355   -15.180187    -0.000000      15.1802   -1.#IND0   -1.#IND0    4
   4    2   10   0.999110     8.964842    -0.000000      8.96484   -1.#IND0   -1.#IND0    4
   7    8   -1   0.999061    21.052061    -0.000000      21.0521   -1.#IND0   -1.#IND0    4
   7    9   -6   0.999059     4.567444    -0.000000      4.56744   -1.#IND0   -1.#IND0    4
   7    2  -12   0.998608    30.894228     0.000000      30.8942   -1.#IND0   -1.#IND0    4
   2   14    7   0.998588     0.580010     0.000000      0.58001   -1.#IND0   -1.#IND0    4
   3    5   11   0.998541   -12.499975    -0.000000         12.5   -1.#IND0   -1.#IND0    4
   5   14   -2   0.998438    42.110512    -0.000000      42.1105   -1.#IND0   -1.#IND0    4
   4    4  -15   0.998429     5.426360     0.000000      5.42636   -1.#IND0   -1.#IND0    4
   4   15   -6   0.998380   -37.215876     0.000000      37.2159   -1.#IND0   -1.#IND0    4
   5    3    8   0.998290    -0.593417    -0.000000     0.593417   -1.#IND0   -1.#IND0    4
   1    3  -15   0.998243    28.811192     0.000000      28.8112   -1.#IND0   -1.#IND0    4
   2    6   12   0.998170    21.696628    -0.000000      21.6966   -1.#IND0   -1.#IND0    4
   3    5  -15   0.997602   -12.745496     0.000000      12.7455   -1.#IND0   -1.#IND0    4
   7    5  -11   0.997481    -1.999301     0.000000       1.9993   -1.#IND0   -1.#IND0    4
   8    3   -7   0.997392    15.947134     0.000000      15.9471   -1.#IND0   -1.#IND0    4
   2   17   -4   0.997162     3.083023     0.000000      3.08302   -1.#IND0   -1.#IND0    4
   7    9   -3   0.996990     0.456783     0.000000     0.456783   -1.#IND0   -1.#IND0    4
   6    0    6   0.996185    55.879953    -0.000000        55.88   -1.#IND0   -1.#IND0    2
   5   14   -5   0.995942    11.538426    -0.000000      11.5384   -1.#IND0   -1.#IND0    4
   5   11    4   0.995725   -10.234263    -0.000000      10.2343   -1.#IND0   -1.#IND0    4
   4   14    3   0.995557   -26.285685     0.000000      26.2857   -1.#IND0   -1.#IND0    4
   0   15    8   0.995477     6.340564     0.000000      6.34056   -1.#IND0   -1.#IND0    4
   3    8   10   0.995381     0.709593     0.000000     0.709593   -1.#IND0   -1.#IND0    4
   8    2   -8   0.995091    21.314839     0.000000      21.3148   -1.#IND0   -1.#IND0    4
   1   16   -7   0.994760    -8.527302    -0.000000       8.5273   -1.#IND0   -1.#IND0    4
   6    0  -14   0.994751   -28.795780    -0.000000      28.7958   -1.#IND0   -1.#IND0    2
   6    1    6   0.994629     4.999844    -0.000000      4.99984   -1.#IND0   -1.#IND0    4
   3    8  -14   0.994522    11.395338     0.000000      11.3953   -1.#IND0   -1.#IND0    4
   5   13   -8   0.994019   -28.660613     0.000000      28.6606   -1.#IND0   -1.#IND0    4
   2   10  -13   0.993939     8.433878     0.000000      8.43388   -1.#IND0   -1.#IND0    4
   2    5  -15   0.993905     7.080729     0.000000      7.08073   -1.#IND0   -1.#IND0    4
   2    8  -14   0.993891    22.178504     0.000000      22.1785   -1.#IND0   -1.#IND0    4
   2   12    9   0.993557    19.741072     0.000000      19.7411   -1.#IND0   -1.#IND0    4
   3   15    4   0.993382    24.744307    -0.000000      24.7443   -1.#IND0   -1.#IND0    4
   4   15    1   0.993332     0.034000    -0.000000    0.0340002   -1.#IND0   -1.#IND0    4
   6    1  -14   0.993201     6.785054     0.000000      6.78505   -1.#IND0   -1.#IND0    4
   7    1    3   0.993007    -8.772072     0.000000      8.77207   -1.#IND0   -1.#IND0    4
   3   15   -8   0.992955   -16.459297     0.000000      16.4593   -1.#IND0   -1.#IND0    4
   8    4   -5   0.992836    -8.859111     0.000000      8.85911   -1.#IND0   -1.#IND0    4
   8    0   -2   0.992686    43.470004     0.000000        43.47   -1.#IND0   -1.#IND0    2
   6   12   -2   0.992647     1.406979     0.000000      1.40698   -1.#IND0   -1.#IND0    4
   1   17   -5   0.992578     3.030177    -0.000000      3.03018   -1.#IND0   -1.#IND0    4
   5   10    5   0.992393   -28.047346     0.000000      28.0473   -1.#IND0   -1.#IND0    4
   6   12   -6   0.992363    20.238079    -0.000000      20.2381   -1.#IND0   -1.#IND0    4
   3   10    9   0.992312   -31.554105     0.000000      31.5541   -1.#IND0   -1.#IND0    4
   5    8  -13   0.992064    -9.533052     0.000000      9.53305   -1.#IND0   -1.#IND0    4
   8    4   -6   0.991980    11.978531    -0.000000      11.9785   -1.#IND0   -1.#IND0    4
   5    1  -15   0.991714   -11.094549    -0.000000      11.0945   -1.#IND0   -1.#IND0    4
   8    3   -3   0.991647    14.417419     0.000000      14.4174   -1.#IND0   -1.#IND0    4
   3   10  -13   0.991532     1.348049     0.000000      1.34805   -1.#IND0   -1.#IND0    4
   5   12    3   0.991375    47.499759    -0.000000      47.4998   -1.#IND0   -1.#IND0    4
   4    3   10   0.991333     6.271388     0.000000      6.27139   -1.#IND0   -1.#IND0    4
   3   16    2   0.991155    -6.757461     0.000000      6.75746   -1.#IND0   -1.#IND0    4
   8    1   -2   0.991146    -7.247090     0.000000      7.24709   -1.#IND0   -1.#IND0    4
   2   16   -7   0.990887    -9.408235    -0.000000      9.40823   -1.#IND0   -1.#IND0    4
   3   16   -6   0.990872     7.918418    -0.000000      7.91842   -1.#IND0   -1.#IND0    4
   7    3  -12   0.990842   -15.003311    -0.000000      15.0033   -1.#IND0   -1.#IND0    4
   7    9   -7   0.990545     6.402037     0.000000      6.40204   -1.#IND0   -1.#IND0    4
   1    0   14   0.990355   -12.392742     0.000000      12.3927   -1.#IND0   -1.#IND0    2
   0   12   11   0.990279    32.178924    -0.000000      32.1789   -1.#IND0   -1.#IND0    4
   1    9   12   0.990196   -25.474018    -0.000000       25.474   -1.#IND0   -1.#IND0    4
   5   14   -1   0.990080     5.275545     0.000000      5.27555   -1.#IND0   -1.#IND0    4
   6    2    6   0.990003    37.961219    -0.000000      37.9612   -1.#IND0   -1.#IND0    4
   4   12  -11   0.989865   -21.505595     0.000000      21.5056   -1.#IND0   -1.#IND0    4
   2   15    6   0.989555     4.630428    -0.000000      4.63043   -1.#IND0   -1.#IND0    4
   8    4   -4   0.989141    24.303012     0.000000       24.303   -1.#IND0   -1.#IND0    4
   2    1   13   0.988986    16.286030    -0.000000       16.286   -1.#IND0   -1.#IND0    4
   0   18    0   0.988889    21.067841    -0.000000      21.0678   -1.#IND0   -1.#IND0    2
   1    1   14   0.988826     9.356541     0.000000      9.35654   -1.#IND0   -1.#IND0    4
   5    6  -14   0.988793    25.693440     0.000000      25.6934   -1.#IND0   -1.#IND0    4
   7    5    2   0.988649     1.091611     0.000000      1.09161   -1.#IND0   -1.#IND0    4
   6    2  -14   0.988595     1.880106     0.000000      1.88011   -1.#IND0   -1.#IND0    4
   7    2    3   0.988403     6.322465    -0.000000      6.32246   -1.#IND0   -1.#IND0    4
   2   17    2   0.988165     8.014158    -0.000000      8.01416   -1.#IND0   -1.#IND0    4
   6   10    2   0.987777    25.969539    -0.000000      25.9695   -1.#IND0   -1.#IND0    4
   6    9    3   0.987480    10.408175     0.000000      10.4082   -1.#IND0   -1.#IND0    4
   5    4    8   0.987478    20.141028    -0.000000       20.141   -1.#IND0   -1.#IND0    4
   1    4  -15   0.987433    -4.784565     0.000000      4.78456   -1.#IND0   -1.#IND0    4
   8    3   -8   0.987406    -0.737270    -0.000000      0.73727   -1.#IND0   -1.#IND0    4
   2    9   11   0.987322    18.562552    -0.000000      18.5626   -1.#IND0   -1.#IND0    4
   7    9   -2   0.987191    15.432523    -0.000000      15.4325   -1.#IND0   -1.#IND0    4
   7    7  -10   0.987183     0.865198    -0.000000     0.865198   -1.#IND0   -1.#IND0    4
   4   13  -10   0.987150   -12.240120     0.000000      12.2401   -1.#IND0   -1.#IND0    4
   5    2  -15   0.987129     5.022993    -0.000000      5.02299   -1.#IND0   -1.#IND0    4
   6   10  -10   0.986937    17.039147     0.000000      17.0391   -1.#IND0   -1.#IND0    4
   4    9    8   0.986767   -11.459074    -0.000000      11.4591   -1.#IND0   -1.#IND0    4
   0   18    1   0.986638   -24.345807    -0.000000      24.3458   -1.#IND0   -1.#IND0    4
   8    4   -7   0.986609    -9.921318     0.000000      9.92132   -1.#IND0   -1.#IND0    4
   8    2   -2   0.986568    32.326286     0.000000      32.3263   -1.#IND0   -1.#IND0    4
   6    9  -11   0.986502    20.711899     0.000000      20.7119   -1.#IND0   -1.#IND0    4
   7    8   -9   0.986214     8.050912     0.000000      8.05091   -1.#IND0   -1.#IND0    4
   5   14   -6   0.986033     4.226492    -0.000000      4.22649   -1.#IND0   -1.#IND0    4
   5    7    7   0.986008   -14.027854     0.000000      14.0279   -1.#IND0   -1.#IND0    4
   1   17    4   0.985900     4.126671     0.000000      4.12667   -1.#IND0   -1.#IND0    4
   0   17    5   0.985847   -13.406491     0.000000      13.4065   -1.#IND0   -1.#IND0    4
   0    6   14   0.985703    25.491636    -0.000000      25.4916   -1.#IND0   -1.#IND0    4
   2   14  -10   0.985270    16.206067    -0.000000      16.2061   -1.#IND0   -1.#IND0    4
   8    1   -9   0.985232    -7.842339    -0.000000      7.84234   -1.#IND0   -1.#IND0    4
   4    7    9   0.985217   -22.534833     0.000000      22.5348   -1.#IND0   -1.#IND0    4
   1   16    6   0.985095     1.694791    -0.000000      1.69479   -1.#IND0   -1.#IND0    4
   2   13  -11   0.985043    11.125414    -0.000000      11.1254   -1.#IND0   -1.#IND0    4
   4   11  -12   0.985035    20.350383    -0.000000      20.3504   -1.#IND0   -1.#IND0    4
   4    5  -15   0.984586    18.713017     0.000000       18.713   -1.#IND0   -1.#IND0    4
   2    2   13   0.984438    -3.574427    -0.000000      3.57443   -1.#IND0   -1.#IND0    4
   1    2   14   0.984280    18.298080    -0.000000      18.2981   -1.#IND0   -1.#IND0    4
   1   11   11   0.984136    -6.590839     0.000000      6.59084   -1.#IND0   -1.#IND0    4
   6    6    5   0.984048     7.298861    -0.000000      7.29886   -1.#IND0   -1.#IND0    4
   5   11  -11   0.983526    -8.783837     0.000000      8.78384   -1.#IND0   -1.#IND0    4
   6    6  -13   0.982804     5.503168     0.000000      5.50317   -1.#IND0   -1.#IND0    4
   2   17   -5   0.982787    -2.458515    -0.000000      2.45852   -1.#IND0   -1.#IND0    4
   6    3    6   0.982434    -0.409335    -0.000000     0.409335   -1.#IND0   -1.#IND0    4
   0   16    7   0.982056     3.603313    -0.000000      3.60331   -1.#IND0   -1.#IND0    4
   3    6   11   0.981694    28.323705     0.000000      28.3237   -1.#IND0   -1.#IND0    4
   5    9    6   0.981605     1.503357     0.000000      1.50336   -1.#IND0   -1.#IND0    4
   6   12   -1   0.981487   -18.978360     0.000000      18.9784   -1.#IND0   -1.#IND0    4
   1   18   -1   0.981440    -2.265190     0.000000      2.26519   -1.#IND0   -1.#IND0    4
   6   12   -7   0.981075   -15.045396     0.000000      15.0454   -1.#IND0   -1.#IND0    4
   6    3  -14   0.981059    -5.874202    -0.000000       5.8742   -1.#IND0   -1.#IND0    4
   8    4   -3   0.981047    -4.207241    -0.000000      4.20724   -1.#IND0   -1.#IND0    4
   4   15   -7   0.980977    -5.182234     0.000000      5.18223   -1.#IND0   -1.#IND0    4
   5   12  -10   0.980914    14.911646    -0.000000      14.9116   -1.#IND0   -1.#IND0    4
   7    3    3   0.980871     6.340745    -0.000000      6.34075   -1.#IND0   -1.#IND0    4
   3    6  -15   0.980801    -7.866757    -0.000000      7.86676   -1.#IND0   -1.#IND0    4
   4    4   10   0.980743    17.152198    -0.000000      17.1522   -1.#IND0   -1.#IND0    4
   8    2   -9   0.980736    12.991979     0.000000       12.992   -1.#IND0   -1.#IND0    4
   1   18    0   0.980716    27.512707    -0.000000      27.5127   -1.#IND0   -1.#IND0    4
   7    6  -11   0.980687    -8.258523     0.000000      8.25852   -1.#IND0   -1.#IND0    4
   6   11    1   0.980609    10.472144    -0.000000      10.4721   -1.#IND0   -1.#IND0    4
   7    8    0   0.980279    35.809855    -0.000000      35.8099   -1.#IND0   -1.#IND0    4
   7    4  -12   0.980268     7.586472     0.000000      7.58647   -1.#IND0   -1.#IND0    4
   1   14  -10   0.980193    13.207121    -0.000000      13.2071   -1.#IND0   -1.#IND0    4
   0   18    2   0.979976    34.133798    -0.000000      34.1338   -1.#IND0   -1.#IND0    4
   6   11   -9   0.979924    -8.847000     0.000000        8.847   -1.#IND0   -1.#IND0    4
   7    7    1   0.979922     3.125247     0.000000      3.12525   -1.#IND0   -1.#IND0    4
   1   10  -13   0.979854    -9.544887     0.000000      9.54489   -1.#IND0   -1.#IND0    4
   2   11   10   0.979835   -15.776427    -0.000000      15.7764   -1.#IND0   -1.#IND0    4
   6    8    4   0.979739    14.122655    -0.000000      14.1227   -1.#IND0   -1.#IND0    4
   1    7   13   0.979690    -7.962408     0.000000      7.96241   -1.#IND0   -1.#IND0    4
   5   13    2   0.979639    25.304511    -0.000000      25.3045   -1.#IND0   -1.#IND0    4
   5    3  -15   0.979626    -5.520204    -0.000000       5.5202   -1.#IND0   -1.#IND0    4
   8    5   -5   0.979221   -14.516292     0.000000      14.5163   -1.#IND0   -1.#IND0    4
   8    3   -2   0.979078    -1.341213    -0.000000      1.34121   -1.#IND0   -1.#IND0    4
   5   10  -12   0.978738    17.075866    -0.000000      17.0759   -1.#IND0   -1.#IND0    4
   4    8  -14   0.978704    18.373592     0.000000      18.3736   -1.#IND0   -1.#IND0    4
   6    8  -12   0.978647    30.288073     0.000000      30.2881   -1.#IND0   -1.#IND0    4
   8    5   -6   0.978400    -3.171714     0.000000      3.17171   -1.#IND0   -1.#IND0    4
   2    7   12   0.978373    13.432017    -0.000000       13.432   -1.#IND0   -1.#IND0    4
   0    9   13   0.978177    15.127122    -0.000000      15.1271   -1.#IND0   -1.#IND0    4
   2   15   -9   0.978089    -8.394208     0.000000      8.39421   -1.#IND0   -1.#IND0    4
   4   12    6   0.978042     6.356621    -0.000000      6.35662   -1.#IND0   -1.#IND0    4
   7    9   -8   0.977847   -10.016826     0.000000      10.0168   -1.#IND0   -1.#IND0    4
   1   18   -2   0.977769    22.839972    -0.000000        22.84   -1.#IND0   -1.#IND0    4
   5   14    0   0.977536    11.921394     0.000000      11.9214   -1.#IND0   -1.#IND0    4
   3   13    7   0.977475     1.958198     0.000000       1.9582   -1.#IND0   -1.#IND0    4
   2   12  -12   0.977424    17.921815     0.000000      17.9218   -1.#IND0   -1.#IND0    4
   2    6  -15   0.977288    -8.752843     0.000000      8.75284   -1.#IND0   -1.#IND0    4
   4   14   -9   0.977073    39.300936    -0.000000      39.3009   -1.#IND0   -1.#IND0    4
   1   13  -11   0.977064    -4.738312    -0.000000      4.73831   -1.#IND0   -1.#IND0    4
   3   17   -2   0.977004     8.405654    -0.000000      8.40565   -1.#IND0   -1.#IND0    4
   2    3   13   0.976995    21.772411    -0.000000      21.7724   -1.#IND0   -1.#IND0    4
   8    4   -8   0.976940     6.192780     0.000000      6.19278   -1.#IND0   -1.#IND0    4
   1    8  -14   0.976903    16.100613     0.000000      16.1006   -1.#IND0   -1.#IND0    4
   3   13  -11   0.976865     9.922584    -0.000000      9.92258   -1.#IND0   -1.#IND0    4
   1    3   14   0.976841    16.065115     0.000000      16.0651   -1.#IND0   -1.#IND0    4
   4   13    5   0.976781   -11.402403    -0.000000      11.4024   -1.#IND0   -1.#IND0    4
   4   16   -3   0.976173    16.700180     0.000000      16.7002   -1.#IND0   -1.#IND0    4
   1   15   -9   0.975994    -0.374153     0.000000     0.374153   -1.#IND0   -1.#IND0    4
   3    0   12   0.975865    36.364333    -0.000000      36.3643   -1.#IND0   -1.#IND0    2
   8    5   -4   0.975676    18.095412    -0.000000      18.0954   -1.#IND0   -1.#IND0    4
   1   18    1   0.975626    -6.483173    -0.000000      6.48317   -1.#IND0   -1.#IND0    4
   4   16   -2   0.975495    -8.782028     0.000000      8.78203   -1.#IND0   -1.#IND0    4
   3    0  -16   0.974921   -10.520244    -0.000000      10.5202   -1.#IND0   -1.#IND0    2
   3   17   -1   0.974866    -4.817755    -0.000000      4.81775   -1.#IND0   -1.#IND0    4
   4   15    2   0.974832    -3.902561    -0.000000      3.90256   -1.#IND0   -1.#IND0    4
   3   17   -3   0.974799     7.370818    -0.000000      7.37082   -1.#IND0   -1.#IND0    4
   3   14    6   0.974743    35.304059    -0.000000      35.3041   -1.#IND0   -1.#IND0    4
   3    1   12   0.974402    14.132905     0.000000      14.1329   -1.#IND0   -1.#IND0    4
   8    1   -1   0.974247    14.813703     0.000000      14.8137   -1.#IND0   -1.#IND0    4
   3   14  -10   0.974205     3.350667    -0.000000      3.35067   -1.#IND0   -1.#IND0    4
   7   10   -5   0.974095    12.054210    -0.000000      12.0542   -1.#IND0   -1.#IND0    4
   5    5    8   0.974080    11.606255     0.000000      11.6063   -1.#IND0   -1.#IND0    4
   1    5  -15   0.974036     8.548311     0.000000      8.54831   -1.#IND0   -1.#IND0    4
   0    1   15   0.973943   -27.118323     0.000000      27.1183   -1.#IND0   -1.#IND0    4
   0   11   12   0.973779    22.616243    -0.000000      22.6162   -1.#IND0   -1.#IND0    4
   3    1  -16   0.973462     0.631581    -0.000000     0.631581   -1.#IND0   -1.#IND0    4
   2   16    5   0.973461   -18.158051    -0.000000      18.1581   -1.#IND0   -1.#IND0    4
   7   10   -4   0.973454    10.687247     0.000000      10.6872   -1.#IND0   -1.#IND0    4
   8    3   -9   0.973376     3.613000    -0.000000        3.613   -1.#IND0   -1.#IND0    4
   7    9   -1   0.973338    17.319290    -0.000000      17.3193   -1.#IND0   -1.#IND0    4
   8    5   -7   0.973246    10.034046     0.000000       10.034   -1.#IND0   -1.#IND0    4
   4   10  -13   0.972984     2.205753     0.000000      2.20575   -1.#IND0   -1.#IND0    4
   3   12    8   0.972940    14.129645    -0.000000      14.1296   -1.#IND0   -1.#IND0    4
   4   16   -4   0.972527     6.612789    -0.000000      6.61279   -1.#IND0   -1.#IND0    4
   7    6    2   0.972289     1.591856     0.000000      1.59186   -1.#IND0   -1.#IND0    4
   3   12  -12   0.972271    20.333367     0.000000      20.3334   -1.#IND0   -1.#IND0    4
   6    4    6   0.972124    21.700789    -0.000000      21.7008   -1.#IND0   -1.#IND0    4
   5   14   -7   0.972095    12.914896    -0.000000      12.9149   -1.#IND0   -1.#IND0    4
   4   11    7   0.972038     5.642093     0.000000      5.64209   -1.#IND0   -1.#IND0    4
   2   17    3   0.971349     4.397648    -0.000000      4.39765   -1.#IND0   -1.#IND0    4
   3   16    3   0.971333    -5.011830     0.000000      5.01183   -1.#IND0   -1.#IND0    4
   1   17   -6   0.971198     1.303808     0.000000      1.30381   -1.#IND0   -1.#IND0    4
   5   13   -9   0.971074    -8.920187     0.000000      8.92019   -1.#IND0   -1.#IND0    4
   3   16   -7   0.971000     5.023109    -0.000000      5.02311   -1.#IND0   -1.#IND0    4
   6    4  -14   0.970792    -3.671702    -0.000000       3.6717   -1.#IND0   -1.#IND0    4
   7    4    3   0.970610    16.199030    -0.000000       16.199   -1.#IND0   -1.#IND0    4
   4   16   -1   0.970519     0.445583    -0.000000     0.445583   -1.#IND0   -1.#IND0    4
   7   10   -6   0.970439    14.812857    -0.000000      14.8129   -1.#IND0   -1.#IND0    4
   3    2   12   0.970051    48.354621    -0.000000      48.3546   -1.#IND0   -1.#IND0    4
   3    9   10   0.969934    -4.829112     0.000000      4.82911   -1.#IND0   -1.#IND0    4
   8    2   -1   0.969899     6.187203    -0.000000       6.1872   -1.#IND0   -1.#IND0    4
   1   18   -3   0.969849    10.786194    -0.000000      10.7862   -1.#IND0   -1.#IND0    4
   0    2   15   0.969599   -10.875101    -0.000000      10.8751   -1.#IND0   -1.#IND0    4
   5    7  -14   0.969538     0.024065     0.000000    0.0240647   -1.#IND0   -1.#IND0    4
   5    4  -15   0.969403     0.665279     0.000000     0.665279   -1.#IND0   -1.#IND0    4
   0   18    3   0.969167     1.144288     0.000000      1.14429   -1.#IND0   -1.#IND0    4
   3    9  -14   0.969139    16.919702     0.000000      16.9197   -1.#IND0   -1.#IND0    4
   3    2  -16   0.969124    18.918373     0.000000      18.9184   -1.#IND0   -1.#IND0    4
   8    4   -2   0.968872    18.927005    -0.000000       18.927   -1.#IND0   -1.#IND0    4
   2    0  -16   0.968638    15.562075     0.000000      15.5621   -1.#IND0   -1.#IND0    2
   2    9  -14   0.968555    -3.114011     0.000000      3.11401   -1.#IND0   -1.#IND0    4
   7   10   -3   0.968542     0.646137    -0.000000     0.646137   -1.#IND0   -1.#IND0    4
   8    0  -10   0.968472    27.300444     0.000000      27.3004   -1.#IND0   -1.#IND0    2
   3   17    0   0.968472    -1.299743     0.000000      1.29974   -1.#IND0   -1.#IND0    4
   4    6  -15   0.968424    -2.198816     0.000000      2.19882   -1.#IND0   -1.#IND0    4
   3   17   -4   0.968340     1.952129     0.000000      1.95213   -1.#IND0   -1.#IND0    4
   4   14    4   0.968338    30.011940    -0.000000      30.0119   -1.#IND0   -1.#IND0    4
   7    1  -13   0.968241    16.126765     0.000000      16.1268   -1.#IND0   -1.#IND0    4
   8    5   -3   0.967906    12.239647    -0.000000      12.2396   -1.#IND0   -1.#IND0    4
   4    5   10   0.967614    14.700046    -0.000000         14.7   -1.#IND0   -1.#IND0    4
   2    1  -16   0.967207    -3.401371     0.000000      3.40137   -1.#IND0   -1.#IND0    4
   7    5  -12   0.967157     3.085657     0.000000      3.08566   -1.#IND0   -1.#IND0    4
   8    1  -10   0.967042    -4.469662     0.000000      4.46966   -1.#IND0   -1.#IND0    4
   5    9  -13   0.966864     2.447181    -0.000000      2.44718   -1.#IND0   -1.#IND0    4
   2    4   13   0.966854     8.420534     0.000000      8.42053   -1.#IND0   -1.#IND0    4
   1   12  -12   0.966811     8.532326     0.000000      8.53233   -1.#IND0   -1.#IND0    4
   1   14    9   0.966760    -6.734160    -0.000000      6.73416   -1.#IND0   -1.#IND0    4
   1    4   14   0.966705     4.349677    -0.000000      4.34968   -1.#IND0   -1.#IND0    4
   0    7   14   0.966624   -10.648775    -0.000000      10.6488   -1.#IND0   -1.#IND0    4
   6   12    0   0.966450    13.759210    -0.000000      13.7592   -1.#IND0   -1.#IND0    4
   1   18    2   0.966372    19.555691    -0.000000      19.5557   -1.#IND0   -1.#IND0    4
   6   12   -8   0.965925    11.469389    -0.000000      11.4694   -1.#IND0   -1.#IND0    4
   4    0  -16   0.965543    -7.560339    -0.000000      7.56034   -1.#IND0   -1.#IND0    2
   7    8  -10   0.965169    11.501318     0.000000      11.5013   -1.#IND0   -1.#IND0    4
   6    7    5   0.965063   -10.574311     0.000000      10.5743   -1.#IND0   -1.#IND0    4
   3   15    5   0.964924    -1.999600    -0.000000       1.9996   -1.#IND0   -1.#IND0    4
   2   17   -6   0.964794    19.742738    -0.000000      19.7427   -1.#IND0   -1.#IND0    4
   1   16   -8   0.964742    30.360011    -0.000000        30.36   -1.#IND0   -1.#IND0    4
   4   16   -5   0.964701    -2.449908    -0.000000      2.44991   -1.#IND0   -1.#IND0    4
   3   15   -9   0.964467   -14.048966     0.000000       14.049   -1.#IND0   -1.#IND0    4
   6   13   -4   0.964316     6.206034    -0.000000      6.20603   -1.#IND0   -1.#IND0    4
   4    1  -16   0.964125     5.689013     0.000000      5.68901   -1.#IND0   -1.#IND0    4
   1   15    8   0.964101   -11.171435     0.000000      11.1714   -1.#IND0   -1.#IND0    4
   5    8    7   0.964071     2.218508    -0.000000      2.21851   -1.#IND0   -1.#IND0    4
   2   16   -8   0.963974    19.533217    -0.000000      19.5332   -1.#IND0   -1.#IND0    4
   7    2  -13   0.963972     1.747815     0.000000      1.74782   -1.#IND0   -1.#IND0    4
   8    5   -8   0.963961     5.074737     0.000000      5.07474   -1.#IND0   -1.#IND0    4
   6    7  -13   0.963889    -5.269989     0.000000      5.26999   -1.#IND0   -1.#IND0    4
   1   17    5   0.963565     5.234510    -0.000000      5.23451   -1.#IND0   -1.#IND0    4
   8    4   -9   0.963346    -5.682160     0.000000      5.68216   -1.#IND0   -1.#IND0    4
   4    8    9   0.963331    16.829833     0.000000      16.8298   -1.#IND0   -1.#IND0    4
   8    6   -5   0.963318     0.120064    -0.000000     0.120064   -1.#IND0   -1.#IND0    4
   2    2  -16   0.962951    41.328704     0.000000      41.3287   -1.#IND0   -1.#IND0    4
   3    3   12   0.962928    12.565790    -0.000000      12.5658   -1.#IND0   -1.#IND0    4
   2   11  -13   0.962914    -7.917255    -0.000000      7.91726   -1.#IND0   -1.#IND0    4
   3    7   11   0.962843   -12.993511    -0.000000      12.9935   -1.#IND0   -1.#IND0    4
   8    2  -10   0.962789    41.473858     0.000000      41.4739   -1.#IND0   -1.#IND0    4
   8    3   -1   0.962779    13.893800    -0.000000      13.8938   -1.#IND0   -1.#IND0    4
   7   10   -7   0.962630     5.327509    -0.000000      5.32751   -1.#IND0   -1.#IND0    4
   8    6   -6   0.962536    15.661581     0.000000      15.6616   -1.#IND0   -1.#IND0    4
   0    3   15   0.962485   -14.367721     0.000000      14.3677   -1.#IND0   -1.#IND0    4
   1   13   10   0.962388    27.124603    -0.000000      27.1246   -1.#IND0   -1.#IND0    4
   1   10   12   0.962310    18.036121     0.000000      18.0361   -1.#IND0   -1.#IND0    4
   6   13   -3   0.962293    -2.515315    -0.000000      2.51532   -1.#IND0   -1.#IND0    4
   6   13   -5   0.962163    -5.104758     0.000000      5.10476   -1.#IND0   -1.#IND0    4
   0   17    6   0.962115   -13.243555     0.000000      13.2436   -1.#IND0   -1.#IND0    4
   3    3  -16   0.962021    -3.551482     0.000000      3.55148   -1.#IND0   -1.#IND0    4
   3    7  -15   0.962000    -6.813027    -0.000000      6.81303   -1.#IND0   -1.#IND0    4
   7    7  -11   0.961892    -1.291135    -0.000000      1.29113   -1.#IND0   -1.#IND0    4
   5   12    4   0.961718    14.429545    -0.000000      14.4295   -1.#IND0   -1.#IND0    4
   5   11    5   0.961508    23.761172     0.000000      23.7612   -1.#IND0   -1.#IND0    4
   7    9   -9   0.961447     2.126532     0.000000      2.12653   -1.#IND0   -1.#IND0    4
   4   16    0   0.961440     8.538784    -0.000000      8.53878   -1.#IND0   -1.#IND0    4
   3   11    9   0.961435    -6.784216     0.000000      6.78422   -1.#IND0   -1.#IND0    4
   5   14    1   0.961280   -13.690987    -0.000000       13.691   -1.#IND0   -1.#IND0    4
   2   18   -1   0.960774    -6.491285     0.000000      6.49128   -1.#IND0   -1.#IND0    4
   3   11  -13   0.960725    -9.147583    -0.000000      9.14758   -1.#IND0   -1.#IND0    4
   4   15   -8   0.960291    14.300309     0.000000      14.3003   -1.#IND0   -1.#IND0    4
   2   18   -2   0.960063    31.608076    -0.000000      31.6081   -1.#IND0   -1.#IND0    4
   8    6   -4   0.959943    29.591131    -0.000000      29.5911   -1.#IND0   -1.#IND0    4
   4    2  -16   0.959910    24.326544     0.000000      24.3265   -1.#IND0   -1.#IND0    4
   2   14    8   0.959894    24.734063    -0.000000      24.7341   -1.#IND0   -1.#IND0    4
   6   10    3   0.959816   -27.547902    -0.000000      27.5479   -1.#IND0   -1.#IND0    4
   0   14   10   0.959699    13.220762     0.000000      13.2208   -1.#IND0   -1.#IND0    4
   2   10   11   0.959671   -19.324459     0.000000      19.3245   -1.#IND0   -1.#IND0    4
   7   10   -2   0.959550     4.973912    -0.000000      4.97391   -1.#IND0   -1.#IND0    4
   6    5    6   0.959334     6.443295    -0.000000       6.4433   -1.#IND0   -1.#IND0    4
   4   10    8   0.959161    -2.025096     0.000000       2.0251   -1.#IND0   -1.#IND0    4
   5   15   -3   0.959149     1.258091     0.000000      1.25809   -1.#IND0   -1.#IND0    4
   7    0    4   0.959099    35.912313    -0.000000      35.9123   -1.#IND0   -1.#IND0    2
   6   10  -11   0.958918    -3.663492     0.000000      3.66349   -1.#IND0   -1.#IND0    4
   2    7  -15   0.958684     7.336880    -0.000000      7.33688   -1.#IND0   -1.#IND0    4
   0   15    9   0.958476   -18.391724     0.000000      18.3917   -1.#IND0   -1.#IND0    4
   5    1    9   0.958436    20.777072    -0.000000      20.7771   -1.#IND0   -1.#IND0    4
   5    6    8   0.958422    24.327031    -0.000000       24.327   -1.#IND0   -1.#IND0    4
   5   15   -4   0.958409    -8.245264     0.000000      8.24526   -1.#IND0   -1.#IND0    4
   1    6  -15   0.958381    -8.294077     0.000000      8.29408   -1.#IND0   -1.#IND0    4
   7    8    1   0.958380   -26.818658     0.000000      26.8187   -1.#IND0   -1.#IND0    4
   1    8   13   0.958163     2.257588     0.000000      2.25759   -1.#IND0   -1.#IND0    4
   3   17    1   0.958066    13.207129    -0.000000      13.2071   -1.#IND0   -1.#IND0    4
   6    5  -14   0.958053     6.724289    -0.000000      6.72429   -1.#IND0   -1.#IND0    4
   1   18   -4   0.957985    32.796498    -0.000000      32.7965   -1.#IND0   -1.#IND0    4
   7    5    3   0.957878    -2.674639    -0.000000      2.67464   -1.#IND0   -1.#IND0    4
   3   17   -5   0.957875    -7.425093     0.000000      7.42509   -1.#IND0   -1.#IND0    4
   7    1    4   0.957710     0.489474    -0.000000     0.489474   -1.#IND0   -1.#IND0    4
   8    6   -7   0.957628     1.101397     0.000000       1.1014   -1.#IND0   -1.#IND0    4
   2   18    0   0.957361    10.996662    -0.000000      10.9967   -1.#IND0   -1.#IND0    4
   6   11    2   0.957308     1.001501     0.000000       1.0015   -1.#IND0   -1.#IND0    4
   2   13    9   0.956986    -1.891413    -0.000000      1.89141   -1.#IND0   -1.#IND0    4
   7    3  -13   0.956981     7.790804    -0.000000       7.7908   -1.#IND0   -1.#IND0    4
   2    8   12   0.956930    18.056136    -0.000000      18.0561   -1.#IND0   -1.#IND0    4
   5    5  -15   0.956718    -4.140360     0.000000      4.14036   -1.#IND0   -1.#IND0    4
   6   11  -10   0.956544   -27.685308     0.000000      27.6853   -1.#IND0   -1.#IND0    4
   8    5   -2   0.956208    -0.807247    -0.000000     0.807247   -1.#IND0   -1.#IND0    4
   6   13   -2   0.956173    -7.403834     0.000000      7.40383   -1.#IND0   -1.#IND0    4
   2    3  -16   0.955982    -6.188982    -0.000000      6.18898   -1.#IND0   -1.#IND0    4
   7    9    0   0.955945    -5.586557    -0.000000      5.58656   -1.#IND0   -1.#IND0    4
   6   13   -6   0.955919     7.922417    -0.000000      7.92242   -1.#IND0   -1.#IND0    4
   2   15    7   0.955917     1.571574    -0.000000      1.57157   -1.#IND0   -1.#IND0    4
   8    3  -10   0.955823   -11.888103     0.000000      11.8881   -1.#IND0   -1.#IND0    4
   5   15   -2   0.955785   -13.169452     0.000000      13.1695   -1.#IND0   -1.#IND0    4
   8    0    0   0.955474    21.255870     0.000000      21.2559   -1.#IND0   -1.#IND0    2
   6    9    4   0.955444    -3.679594    -0.000000      3.67959   -1.#IND0   -1.#IND0    4
   2   18   -3   0.955255   -12.331047    -0.000000       12.331   -1.#IND0   -1.#IND0    4
   5   13    3   0.955035   -15.339025    -0.000000       15.339   -1.#IND0   -1.#IND0    4
   5   14   -8   0.954641    33.555254    -0.000000      33.5553   -1.#IND0   -1.#IND0    4
   0   18    4   0.954617    24.061990    -0.000000       24.062   -1.#IND0   -1.#IND0    4
   1   16    7   0.954581    -8.912006     0.000000      8.91201   -1.#IND0   -1.#IND0    4
   4    9  -14   0.954484   -17.438981    -0.000000       17.439   -1.#IND0   -1.#IND0    4
   6    9  -12   0.954431    20.459038     0.000000       20.459   -1.#IND0   -1.#IND0    4
   5   10    6   0.954419     5.267065     0.000000      5.26707   -1.#IND0   -1.#IND0    4
   5    2    9   0.954294     2.735333    -0.000000      2.73533   -1.#IND0   -1.#IND0    4
   2    5   13   0.954267    23.567989    -0.000000       23.568   -1.#IND0   -1.#IND0    4
   1    5   14   0.954124     3.933248    -0.000000      3.93325   -1.#IND0   -1.#IND0    4
   8    1    0   0.954101    -4.774317    -0.000000      4.77432   -1.#IND0   -1.#IND0    4
   0   13   11   0.954056    -4.992459    -0.000000      4.99246   -1.#IND0   -1.#IND0    4
   7    7    2   0.953964    -6.200713     0.000000      6.20071   -1.#IND0   -1.#IND0    4
   4   13  -11   0.953685    -8.833029     0.000000      8.83303   -1.#IND0   -1.#IND0    4
   5   15   -5   0.953595     2.121798     0.000000       2.1218   -1.#IND0   -1.#IND0    4
   7    2    4   0.953578    25.914213    -0.000000      25.9142   -1.#IND0   -1.#IND0    4
   1   18    3   0.953303     4.986681     0.000000      4.98668   -1.#IND0   -1.#IND0    4
   4   15    3   0.953257    -1.430755     0.000000      1.43075   -1.#IND0   -1.#IND0    4
   3    4   12   0.953214    14.902341    -0.000000      14.9023   -1.#IND0   -1.#IND0    4
   8    4   -1   0.953069    -0.344467    -0.000000     0.344467   -1.#IND0   -1.#IND0    4
   4    3  -16   0.953006    11.974597    -0.000000      11.9746   -1.#IND0   -1.#IND0    4
   4   16   -6   0.952991    28.718603    -0.000000      28.7186   -1.#IND0   -1.#IND0    4
   1    9  -14   0.952813   -13.225308    -0.000000      13.2253   -1.#IND0   -1.#IND0    4
   0    4   15   0.952785    -3.576049     0.000000      3.57605   -1.#IND0   -1.#IND0    4
   8    6   -3   0.952539   -10.031544    -0.000000      10.0315   -1.#IND0   -1.#IND0    4
   3    4  -16   0.952334     8.778312     0.000000      8.77831   -1.#IND0   -1.#IND0    4
   4    6   10   0.952261    27.428494    -0.000000      27.4285   -1.#IND0   -1.#IND0    4
   4   12  -12   0.952076     0.515097     0.000000     0.515097   -1.#IND0   -1.#IND0    4
   7    6  -12   0.951825    10.601174     0.000000      10.6012   -1.#IND0   -1.#IND0    4
   2   17    4   0.951316    -2.654027    -0.000000      2.65403   -1.#IND0   -1.#IND0    4
   0   10   13   0.951266    -3.468363    -0.000000      3.46836   -1.#IND0   -1.#IND0    4
   1   12   11   0.951264    19.800178    -0.000000      19.8002   -1.#IND0   -1.#IND0    4
   7   10   -8   0.950963     4.799400     0.000000       4.7994   -1.#IND0   -1.#IND0    4
   8    5   -9   0.950894    22.049416     0.000000      22.0494   -1.#IND0   -1.#IND0    4
   5   12  -11   0.950713     3.713300    -0.000000       3.7133   -1.#IND0   -1.#IND0    4
   0   16    8   0.950465    11.348378    -0.000000      11.3484   -1.#IND0   -1.#IND0    4
   4    7  -15   0.950313    12.052925     0.000000      12.0529   -1.#IND0   -1.#IND0    4
   1   11  -13   0.950090    -6.917931    -0.000000      6.91793   -1.#IND0   -1.#IND0    4
   8    2    0   0.950015     8.856662    -0.000000      8.85666   -1.#IND0   -1.#IND0    4
   2   18    1   0.949955     7.998124    -0.000000      7.99812   -1.#IND0   -1.#IND0    4
   6    1    7   0.949678     0.839151    -0.000000     0.839151   -1.#IND0   -1.#IND0    4
   5   11  -12   0.949072   -12.179788    -0.000000      12.1798   -1.#IND0   -1.#IND0    4
   8    6   -8   0.948778    17.830830     0.000000      17.8308   -1.#IND0   -1.#IND0    4
   5    8  -14   0.948659    24.933852     0.000000      24.9339   -1.#IND0   -1.#IND0    4
   3   16    4   0.948641     3.472547    -0.000000      3.47255   -1.#IND0   -1.#IND0    4
   4   16    1   0.948598     0.377799    -0.000000     0.377799   -1.#IND0   -1.#IND0    4
   4   14  -10   0.948551    17.566913    -0.000000      17.5669   -1.#IND0   -1.#IND0    4
   5   15   -1   0.948446    -1.879631     0.000000      1.87963   -1.#IND0   -1.#IND0    4
   6    1  -15   0.948312    16.594316     0.000000      16.5943   -1.#IND0   -1.#IND0    4
   3   16   -8   0.948269    30.221852    -0.000000      30.2219   -1.#IND0   -1.#IND0    4
   6   12    1   0.948077    25.002667     0.000000      25.0027   -1.#IND0   -1.#IND0    4
   1    0  -16   0.947568    -8.635393    -0.000000      8.63539   -1.#IND0   -1.#IND0    2
   5    3    9   0.947510    23.950784    -0.000000      23.9508   -1.#IND0   -1.#IND0    4
   6   12   -9   0.947458   -18.567038    -0.000000       18.567   -1.#IND0   -1.#IND0    4
   7    4  -13   0.947444    -4.932949     0.000000      4.93295   -1.#IND0   -1.#IND0    4
   2   12   10   0.947377    22.425881    -0.000000      22.4259   -1.#IND0   -1.#IND0    4
   1   17   -7   0.947148    -6.306728    -0.000000      6.30673   -1.#IND0   -1.#IND0    4
   4    1   11   0.946930    33.769454    -0.000000      33.7695   -1.#IND0   -1.#IND0    4
   7   10   -1   0.946814    10.916044    -0.000000       10.916   -1.#IND0   -1.#IND0    4
   7    3    4   0.946809     1.295011    -0.000000      1.29501   -1.#IND0   -1.#IND0    4
   2   14  -11   0.946681     7.645661    -0.000000      7.64566   -1.#IND0   -1.#IND0    4
   2   18   -4   0.946532    19.302967    -0.000000       19.303   -1.#IND0   -1.#IND0    4
   2    4  -16   0.946475    21.362742     0.000000      21.3627   -1.#IND0   -1.#IND0    4
   8    4  -10   0.946320    26.731944     0.000000      26.7319   -1.#IND0   -1.#IND0    4
   1    1  -16   0.946229     8.525894     0.000000      8.52589   -1.#IND0   -1.#IND0    4
   6   13   -1   0.946186    -8.756166     0.000000      8.75617   -1.#IND0   -1.#IND0    4
   0    8   14   0.945929    24.632717    -0.000000      24.6327   -1.#IND0   -1.#IND0    4
   8    1  -11   0.945845     5.902751     0.000000      5.90275   -1.#IND0   -1.#IND0    4
   6   13   -7   0.945816   -14.432414     0.000000      14.4324   -1.#IND0   -1.#IND0    4
   5   13  -10   0.945672    20.619108    -0.000000      20.6191   -1.#IND0   -1.#IND0    4
   6    2    7   0.945649    -5.947486    -0.000000      5.94749   -1.#IND0   -1.#IND0    4
   8    7   -5   0.945486   -10.669160     0.000000      10.6692   -1.#IND0   -1.#IND0    4
   2   16    6   0.945307     1.142597     0.000000       1.1426   -1.#IND0   -1.#IND0    4
   5   15   -6   0.944886    -0.468424     0.000000     0.468424   -1.#IND0   -1.#IND0    4
   7   11   -5   0.944837    -2.702495    -0.000000      2.70249   -1.#IND0   -1.#IND0    4
   8    7   -6   0.944747    -9.846002     0.000000        9.846   -1.#IND0   -1.#IND0    4
   6    8    5   0.944466     8.234171     0.000000      8.23417   -1.#IND0   -1.#IND0    4
   6    6    6   0.944365    19.993222    -0.000000      19.9932   -1.#IND0   -1.#IND0    4
   6    2  -15   0.944300   -16.043449    -0.000000      16.0434   -1.#IND0   -1.#IND0    4
   7   11   -4   0.944253    -6.754412     0.000000      6.75441   -1.#IND0   -1.#IND0    4
   2   15  -10   0.944215    -9.707511     0.000000      9.70751   -1.#IND0   -1.#IND0    4
   3   17    2   0.944035    -4.004121     0.000000      4.00412   -1.#IND0   -1.#IND0    4
   4   11  -13   0.943823    -8.508197    -0.000000       8.5082   -1.#IND0   -1.#IND0    4
   2   17   -7   0.943803    -8.710812    -0.000000      8.71081   -1.#IND0   -1.#IND0    4
   3   17   -6   0.943790    21.211356    -0.000000      21.2114   -1.#IND0   -1.#IND0    4
   3   10   10   0.943680     3.170446     0.000000      3.17045   -1.#IND0   -1.#IND0    4
   4    4  -16   0.943587     5.333648     0.000000      5.33365   -1.#IND0   -1.#IND0    4
   6    8  -13   0.943365    14.914610     0.000000      14.9146   -1.#IND0   -1.#IND0    4
   8    3    0   0.943321    -8.060747     0.000000      8.06075   -1.#IND0   -1.#IND0    4
   6    6  -14   0.943143    -0.970692    -0.000000     0.970692   -1.#IND0   -1.#IND0    4
   4   13    6   0.943098     4.044988     0.000000      4.04499   -1.#IND0   -1.#IND0    4
   7    6    3   0.942977    16.504300    -0.000000      16.5043   -1.#IND0   -1.#IND0    4
   3   10  -14   0.942948    14.050645     0.000000      14.0506   -1.#IND0   -1.#IND0    4
   4    2   11   0.942935    -9.207079     0.000000      9.20708   -1.#IND0   -1.#IND0    4
   1   18   -5   0.942609   -17.499074     0.000000      17.4991   -1.#IND0   -1.#IND0    4
   2   13  -12   0.942544    -4.354967    -0.000000      4.35497   -1.#IND0   -1.#IND0    4
   2   10  -14   0.942410    22.409573     0.000000      22.4096   -1.#IND0   -1.#IND0    4
   3    8   11   0.942384    17.921520    -0.000000      17.9215   -1.#IND0   -1.#IND0    4
   8    7   -4   0.942294    15.211991    -0.000000       15.212   -1.#IND0   -1.#IND0    4
   1    2  -16   0.942243    18.037224     0.000000      18.0372   -1.#IND0   -1.#IND0    4
   7    9  -10   0.941916     2.755787     0.000000      2.75579   -1.#IND0   -1.#IND0    4
   0   12   12   0.941901    19.748740    -0.000000      19.7487   -1.#IND0   -1.#IND0    4
   5   14    2   0.941881    30.431039    -0.000000       30.431   -1.#IND0   -1.#IND0    4
   5    6  -15   0.941870    -8.528453     0.000000      8.52845   -1.#IND0   -1.#IND0    4
   8    2  -11   0.941864     9.726917     0.000000      9.72692   -1.#IND0   -1.#IND0    4
   5    0  -16   0.941798    -7.684094    -0.000000      7.68409   -1.#IND0   -1.#IND0    2
   3    8  -15   0.941594    10.824380     0.000000      10.8244   -1.#IND0   -1.#IND0    4
   7   11   -6   0.941500    11.773042    -0.000000       11.773   -1.#IND0   -1.#IND0    4
   7    8  -11   0.941493    -3.256699     0.000000       3.2567   -1.#IND0   -1.#IND0    4
   8    6   -2   0.941383    22.087695    -0.000000      22.0877   -1.#IND0   -1.#IND0    4
   3    5   12   0.941146     1.970879     0.000000      1.97088   -1.#IND0   -1.#IND0    4
   8    5   -1   0.941007     1.863725    -0.000000      1.86372   -1.#IND0   -1.#IND0    4
   5    9    7   0.940896    -5.885457    -0.000000      5.88546   -1.#IND0   -1.#IND0    4
   5    7    8   0.940856    13.218330    -0.000000      13.2183   -1.#IND0   -1.#IND0    4
   5   10  -13   0.940852    -7.329176     0.000000      7.32918   -1.#IND0   -1.#IND0    4
   1    7  -15   0.940817    13.372842     0.000000      13.3728   -1.#IND0   -1.#IND0    4
   0    5   15   0.940733    -5.346131     0.000000      5.34613   -1.#IND0   -1.#IND0    4
   5    1  -16   0.940483     2.530235     0.000000      2.53024   -1.#IND0   -1.#IND0    4
   4   12    7   0.940325    -5.951544    -0.000000      5.95154   -1.#IND0   -1.#IND0    4
   3    5  -16   0.940299     2.632979    -0.000000      2.63298   -1.#IND0   -1.#IND0    4
   4    9    9   0.940208    -1.109470    -0.000000      1.10947   -1.#IND0   -1.#IND0    4
   8    7   -7   0.940104     3.497997     0.000000        3.498   -1.#IND0   -1.#IND0    4
   3   14    7   0.939958   -15.404788     0.000000      15.4048   -1.#IND0   -1.#IND0    4
   7   11   -3   0.939768    -0.840024     0.000000     0.840024   -1.#IND0   -1.#IND0    4
   1   15  -10   0.939744     0.575527     0.000000     0.575527   -1.#IND0   -1.#IND0    4
   1   14  -11   0.939592    21.986755    -0.000000      21.9868   -1.#IND0   -1.#IND0    4
   2    6   13   0.939531     2.178549    -0.000000      2.17855   -1.#IND0   -1.#IND0    4
   3   14  -11   0.939415     7.926808    -0.000000      7.92681   -1.#IND0   -1.#IND0    4
   1    6   14   0.939394    15.499918    -0.000000      15.4999   -1.#IND0   -1.#IND0    4
   4   14    5   0.939340     8.565673    -0.000000      8.56567   -1.#IND0   -1.#IND0    4
   6    3    7   0.939047     7.782509    -0.000000      7.78251   -1.#IND0   -1.#IND0    4
   2   18    2   0.938828    23.422402    -0.000000      23.4224   -1.#IND0   -1.#IND0    4
   1   17    6   0.938794    -8.290546     0.000000      8.29055   -1.#IND0   -1.#IND0    4
   3   13    8   0.938521    -9.774885    -0.000000      9.77488   -1.#IND0   -1.#IND0    4
   2    8  -15   0.938484     8.153789     0.000000      8.15379   -1.#IND0   -1.#IND0    4
   5    4    9   0.938251    12.854880     0.000000      12.8549   -1.#IND0   -1.#IND0    4
   3   13  -12   0.937921    -6.894864    -0.000000      6.89486   -1.#IND0   -1.#IND0    4
   4   16   -7   0.937820   -17.790492     0.000000      17.7905   -1.#IND0   -1.#IND0    4
   6    3  -15   0.937725    10.908308    -0.000000      10.9083   -1.#IND0   -1.#IND0    4
   7    4    4   0.937570    16.810279    -0.000000      16.8103   -1.#IND0   -1.#IND0    4
   5   15    0   0.937401   -33.007874     0.000000      33.0079   -1.#IND0   -1.#IND0    4
   4   15   -9   0.936993     5.635684    -0.000000      5.63568   -1.#IND0   -1.#IND0    4
   1   18    4   0.936884    29.779046    -0.000000       29.779   -1.#IND0   -1.#IND0    4
   0   18    5   0.936839    13.237729    -0.000000      13.2377   -1.#IND0   -1.#IND0    4
   5    2  -16   0.936569    33.356804     0.000000      33.3568   -1.#IND0   -1.#IND0    4
   4    3   11   0.936389    28.612107    -0.000000      28.6121   -1.#IND0   -1.#IND0    4
   8    6   -9   0.936311   -10.688482     0.000000      10.6885   -1.#IND0   -1.#IND0    4
   0   17    7   0.936162     8.819982     0.000000      8.81998   -1.#IND0   -1.#IND0    4
   7   10   -9   0.935858     9.424087    -0.000000      9.42409   -1.#IND0   -1.#IND0    4
   1    3  -16   0.935711    11.813494    -0.000000      11.8135   -1.#IND0   -1.#IND0    4
   7    9    1   0.935603     1.203367     0.000000      1.20337   -1.#IND0   -1.#IND0    4
   7    5  -13   0.935591     7.436188     0.000000      7.43619   -1.#IND0   -1.#IND0    4
   1    9   13   0.935401     6.596195    -0.000000      6.59619   -1.#IND0   -1.#IND0    4
   8    3  -11   0.935340    -6.506182    -0.000000      6.50618   -1.#IND0   -1.#IND0    4
   2   16   -9   0.935296    -5.657676    -0.000000      5.65768   -1.#IND0   -1.#IND0    4
   8    7   -3   0.935289     8.321130     0.000000      8.32113   -1.#IND0   -1.#IND0    4
   4    7   10   0.935025    17.125161     0.000000      17.1252   -1.#IND0   -1.#IND0    4
   3   15    6   0.934938    13.616897     0.000000      13.6169   -1.#IND0   -1.#IND0    4
   0   19    1   0.934927    -3.898728     0.000000      3.89873   -1.#IND0   -1.#IND0    4
   2    5  -16   0.934658     4.802069     0.000000      4.80207   -1.#IND0   -1.#IND0    4
   7    7  -12   0.934613    -4.288950    -0.000000      4.28895   -1.#IND0   -1.#IND0    4
   8    5  -10   0.934509    13.277387     0.000000      13.2774   -1.#IND0   -1.#IND0    4
   3   15  -10   0.934463    -9.400651     0.000000      9.40065   -1.#IND0   -1.#IND0    4
   7   11   -7   0.934364     3.928179    -0.000000      3.92818   -1.#IND0   -1.#IND0    4
   5   14   -9   0.934262     3.569627    -0.000000      3.56963   -1.#IND0   -1.#IND0    4
   2    9   12   0.934254    14.617590     0.000000      14.6176   -1.#IND0   -1.#IND0    4
   2   18   -5   0.934212    -0.786933     0.000000     0.786933   -1.#IND0   -1.#IND0    4
   8    4    0   0.934183    -1.368662     0.000000      1.36866   -1.#IND0   -1.#IND0    4
   1   11   12   0.934071   -15.859703     0.000000      15.8597   -1.#IND0   -1.#IND0    4
   7    8    2   0.934055     3.019050     0.000000      3.01905   -1.#IND0   -1.#IND0    4
   7    0  -14   0.934042    29.621633     0.000000      29.6216   -1.#IND0   -1.#IND0    2
   1   16   -9   0.933463     0.728531    -0.000000     0.728531   -1.#IND0   -1.#IND0    4
   1   13  -12   0.933017     4.523211    -0.000000      4.52321   -1.#IND0   -1.#IND0    4
   7    1  -14   0.932759    -1.721949    -0.000000      1.72195   -1.#IND0   -1.#IND0    4
   6   13    0   0.932692    23.760855     0.000000      23.7609   -1.#IND0   -1.#IND0    4
   5   15   -7   0.932600    -2.718884     0.000000      2.71888   -1.#IND0   -1.#IND0    4
   4   16    2   0.932447    -7.277387     0.000000      7.27739   -1.#IND0   -1.#IND0    4
   6   13   -8   0.932220     7.633602     0.000000       7.6336   -1.#IND0   -1.#IND0    4
   2   12  -13   0.932057    -6.794313     0.000000      6.79431   -1.#IND0   -1.#IND0    4
   4    5  -16   0.931876    18.583720     0.000000      18.5837   -1.#IND0   -1.#IND0    4
   6   11    3   0.931790    13.114306     0.000000      13.1143   -1.#IND0   -1.#IND0    4
   8    7   -8   0.931728    -5.580296     0.000000       5.5803   -1.#IND0   -1.#IND0    4
   2   11   11   0.931658     3.140376     0.000000      3.14038   -1.#IND0   -1.#IND0    4
   7   11   -2   0.931547    18.296906    -0.000000      18.2969   -1.#IND0   -1.#IND0    4
   8    1    1   0.931358   -29.331347     0.000000      29.3313   -1.#IND0   -1.#IND0    4
   4   11    8   0.931191   -17.420931     0.000000      17.4209   -1.#IND0   -1.#IND0    4
   4   17   -3   0.931062     0.107037    -0.000000     0.107037   -1.#IND0   -1.#IND0    4
   6   11  -11   0.930968     1.922154     0.000000      1.92215   -1.#IND0   -1.#IND0    4
   5   12    5   0.930782   -25.865483    -0.000000      25.8655   -1.#IND0   -1.#IND0    4
   7   10    0   0.930782    18.287057    -0.000000      18.2871   -1.#IND0   -1.#IND0    4
   3   12    9   0.930716     0.001800     0.000000   0.00180049   -1.#IND0   -1.#IND0    4
   4    8  -15   0.930627    16.428580     0.000000      16.4286   -1.#IND0   -1.#IND0    4
   1   19   -1   0.930501   -10.719481     0.000000      10.7195   -1.#IND0   -1.#IND0    4
   4   17   -2   0.930473     7.316700    -0.000000       7.3167   -1.#IND0   -1.#IND0    4
   6   10    4   0.930319    10.393488    -0.000000      10.3935   -1.#IND0   -1.#IND0    4
   5    3  -16   0.930154     2.147648    -0.000000      2.14765   -1.#IND0   -1.#IND0    4
   3   12  -13   0.930072    -9.746153    -0.000000      9.74615   -1.#IND0   -1.#IND0    4
   6    4    7   0.930031    -0.598434    -0.000000     0.598434   -1.#IND0   -1.#IND0    4
   1   19    0   0.929884    -9.596928     0.000000      9.59693   -1.#IND0   -1.#IND0    4
   4   10  -14   0.929433    21.320719     0.000000      21.3207   -1.#IND0   -1.#IND0    4
   6   10  -12   0.929384    21.825909     0.000000      21.8259   -1.#IND0   -1.#IND0    4
   2    0   14   0.929367    37.446951    -0.000000       37.447   -1.#IND0   -1.#IND0    2
   4   15    4   0.929281     9.621714    -0.000000      9.62171   -1.#IND0   -1.#IND0    4
   0   19    2   0.929253   -19.884136    -0.000000      19.8841   -1.#IND0   -1.#IND0    4
   3   18   -2   0.929240    22.789913    -0.000000      22.7899   -1.#IND0   -1.#IND0    4
   7    2  -14   0.928940    31.282480     0.000000      31.2825   -1.#IND0   -1.#IND0    4
   6    4  -15   0.928747   -19.960193     0.000000      19.9602   -1.#IND0   -1.#IND0    4
   2   17    5   0.928708    -1.602112     0.000000      1.60211   -1.#IND0   -1.#IND0    4
   5   13    4   0.928436     1.325722    -0.000000      1.32572   -1.#IND0   -1.#IND0    4
   6   14   -4   0.928239    24.286093    -0.000000      24.2861   -1.#IND0   -1.#IND0    4
   2    1   14   0.928103     2.952651    -0.000000      2.95265   -1.#IND0   -1.#IND0    4
   4   17   -4   0.927897    19.241097     0.000000      19.2411   -1.#IND0   -1.#IND0    4
   1   10  -14   0.927890    12.638173    -0.000000      12.6382   -1.#IND0   -1.#IND0    4
   1   15    9   0.927887    -0.035474    -0.000000    0.0354743   -1.#IND0   -1.#IND0    4
   8    2    1   0.927556    -3.382221     0.000000      3.38222   -1.#IND0   -1.#IND0    4
   6    7    6   0.927547     4.043576    -0.000000      4.04358   -1.#IND0   -1.#IND0    4
   4    4   11   0.927449     0.031546    -0.000000    0.0315465   -1.#IND0   -1.#IND0    4
   3   18   -1   0.927401    -0.148929     0.000000     0.148929   -1.#IND0   -1.#IND0    4
   1   19   -2   0.927371    14.730104    -0.000000      14.7301   -1.#IND0   -1.#IND0    4
   3   18   -3   0.927343    -2.446906    -0.000000      2.44691   -1.#IND0   -1.#IND0    4
   3    6   12   0.927001    14.989013    -0.000000       14.989   -1.#IND0   -1.#IND0    4
   6   12    2   0.926970    16.156867    -0.000000      16.1569   -1.#IND0   -1.#IND0    4
   8    6   -1   0.926867    -1.456419    -0.000000      1.45642   -1.#IND0   -1.#IND0    4
   3   17    3   0.926860     5.158877    -0.000000      5.15888   -1.#IND0   -1.#IND0    4
   5   11    6   0.926850   -16.278882    -0.000000      16.2789   -1.#IND0   -1.#IND0    4
   1    4  -16   0.926790    14.187784     0.000000      14.1878   -1.#IND0   -1.#IND0    4
   5    5    9   0.926736    12.571042    -0.000000       12.571   -1.#IND0   -1.#IND0    4
   1    1   15   0.926719    23.427645    -0.000000      23.4276   -1.#IND0   -1.#IND0    4
   0    6   15   0.926606    -5.727791     0.000000      5.72779   -1.#IND0   -1.#IND0    4
   3   17   -7   0.926571     2.517490    -0.000000      2.51749   -1.#IND0   -1.#IND0    4
   5    9  -14   0.926552     2.200001     0.000000          2.2   -1.#IND0   -1.#IND0    4
   1   14   10   0.926519    10.869479    -0.000000      10.8695   -1.#IND0   -1.#IND0    4
   6   14   -3   0.926434     5.203703    -0.000000       5.2037   -1.#IND0   -1.#IND0    4
   8    4  -11   0.926430    10.200080     0.000000      10.2001   -1.#IND0   -1.#IND0    4
   6    7  -14   0.926389    -8.445248    -0.000000      8.44525   -1.#IND0   -1.#IND0    4
   6   14   -5   0.926318     6.445672    -0.000000      6.44567   -1.#IND0   -1.#IND0    4
   6   12  -10   0.926276    17.404601     0.000000      17.4046   -1.#IND0   -1.#IND0    4
   7    7    3   0.926232    -9.007853    -0.000000      9.00785   -1.#IND0   -1.#IND0    4
   3    6  -16   0.926191     8.756469    -0.000000      8.75647   -1.#IND0   -1.#IND0    4
   4   17   -1   0.926152     8.415630    -0.000000      8.41563   -1.#IND0   -1.#IND0    4
   8    8   -5   0.926093     6.876737    -0.000000      6.87674   -1.#IND0   -1.#IND0    4
   7    5    4   0.926080     4.939321    -0.000000      4.93932   -1.#IND0   -1.#IND0    4
   1   19    1   0.925542     1.026350     0.000000      1.02635   -1.#IND0   -1.#IND0    4
   8    8   -6   0.925398     6.288112    -0.000000      6.28811   -1.#IND0   -1.#IND0    4
   5    7  -15   0.925182    10.733040    -0.000000       10.733   -1.#IND0   -1.#IND0    4
   8    7   -2   0.924721    -8.123957     0.000000      8.12396   -1.#IND0   -1.#IND0    4
   2   18    3   0.924371     2.288233     0.000000      2.28823   -1.#IND0   -1.#IND0    4
   2    2   14   0.924341    35.533966    -0.000000       35.534   -1.#IND0   -1.#IND0    4
   1   18   -6   0.924240     2.808081     0.000000      2.80808   -1.#IND0   -1.#IND0    4
   0    9   14   0.924008   -13.007659     0.000000      13.0077   -1.#IND0   -1.#IND0    4
   0   11   13   0.923962    -1.520329     0.000000      1.52033   -1.#IND0   -1.#IND0    4
   3   16    5   0.923764     3.609475     0.000000      3.60947   -1.#IND0   -1.#IND0    4
   7   11   -8   0.923684    -0.454264     0.000000     0.454264   -1.#IND0   -1.#IND0    4
   8    0  -12   0.923537    -1.087787     0.000000      1.08779   -1.#IND0   -1.#IND0    2
   3   16   -9   0.923363    -6.177386    -0.000000      6.17739   -1.#IND0   -1.#IND0    4
   8    8   -4   0.923092    18.499709    -0.000000      18.4997   -1.#IND0   -1.#IND0    4
   1   16    8   0.923042    12.003689    -0.000000      12.0037   -1.#IND0   -1.#IND0    4
   5   15    1   0.923038    -1.726807     0.000000      1.72681   -1.#IND0   -1.#IND0    4
   1    2   15   0.922974    -8.729887     0.000000      8.72989   -1.#IND0   -1.#IND0    4
   2    7   13   0.922966     1.745859     0.000000      1.74586   -1.#IND0   -1.#IND0    4
   1    7   14   0.922836     8.362670     0.000000      8.36267   -1.#IND0   -1.#IND0    4
   8    5    0   0.922815    -2.016665     0.000000      2.01667   -1.#IND0   -1.#IND0    4
   7    3  -14   0.922679   -12.368930    -0.000000      12.3689   -1.#IND0   -1.#IND0    4
   6    9    5   0.922644    -6.386412    -0.000000      6.38641   -1.#IND0   -1.#IND0    4
   8    1  -12   0.922297    -5.530833    -0.000000      5.53083   -1.#IND0   -1.#IND0    4
   7    1    5   0.922242    -3.264028     0.000000      3.26403   -1.#IND0   -1.#IND0    4
   3   18    0   0.921890    17.406536    -0.000000      17.4065   -1.#IND0   -1.#IND0    4
   2   15    8   0.921811    20.464204    -0.000000      20.4642   -1.#IND0   -1.#IND0    4
   3   18   -4   0.921776    27.356360    -0.000000      27.3564   -1.#IND0   -1.#IND0    4
   5    8    8   0.921740    18.141026    -0.000000       18.141   -1.#IND0   -1.#IND0    4
   1    8  -15   0.921703     5.378766     0.000000      5.37877   -1.#IND0   -1.#IND0    4
   2   14    9   0.921696    -2.806189    -0.000000      2.80619   -1.#IND0   -1.#IND0    4
   7    6  -13   0.921691     0.570914     0.000000     0.570914   -1.#IND0   -1.#IND0    4
   0   15   10   0.921638    -7.616905    -0.000000      7.61691   -1.#IND0   -1.#IND0    4
   6    9  -13   0.921619    -6.550946    -0.000000      6.55095   -1.#IND0   -1.#IND0    4
   5    4  -16   0.921389    20.338937     0.000000      20.3389   -1.#IND0   -1.#IND0    4
   8    3    1   0.921323   -12.836981     0.000000       12.837   -1.#IND0   -1.#IND0    4
   1   17   -8   0.921128    14.010219    -0.000000      14.0102   -1.#IND0   -1.#IND0    4
   4   17   -5   0.921092     2.511677    -0.000000      2.51168   -1.#IND0   -1.#IND0    4
   8    8   -7   0.921033     6.917262    -0.000000      6.91726   -1.#IND0   -1.#IND0    4
   6   14   -2   0.920969    12.721350    -0.000000      12.7213   -1.#IND0   -1.#IND0    4
   2    6  -16   0.920799    12.547423     0.000000      12.5474   -1.#IND0   -1.#IND0    4
   6   14   -6   0.920742    18.605155    -0.000000      18.6052   -1.#IND0   -1.#IND0    4
   3    9   11   0.920704    -3.547140    -0.000000      3.54714   -1.#IND0   -1.#IND0    4
   8    6  -10   0.920656    22.217199     0.000000      22.2172   -1.#IND0   -1.#IND0    4
   1   19   -3   0.920605   -14.610727    -0.000000      14.6107   -1.#IND0   -1.#IND0    4
   2   17   -8   0.920460     6.031618    -0.000000      6.03162   -1.#IND0   -1.#IND0    4
   1   12  -13   0.920413   -18.287186     0.000000      18.2872   -1.#IND0   -1.#IND0    4
   0   19    3   0.920022    -3.563305     0.000000       3.5633   -1.#IND0   -1.#IND0    4
   3    9  -15   0.919967     1.330765     0.000000      1.33076   -1.#IND0   -1.#IND0    4
   5   14    3   0.919953    28.135410     0.000000      28.1354   -1.#IND0   -1.#IND0    4
   8    7   -9   0.919913    14.765873     0.000000      14.7659   -1.#IND0   -1.#IND0    4
   7   11   -1   0.919880     8.007702    -0.000000       8.0077   -1.#IND0   -1.#IND0    4
   7    9  -11   0.919872    -7.925440    -0.000000      7.92544   -1.#IND0   -1.#IND0    4
   4   13  -12   0.919752    -3.565910     0.000000      3.56591   -1.#IND0   -1.#IND0    4
   4   16   -8   0.919697     8.673865    -0.000000      8.67386   -1.#IND0   -1.#IND0    4
   5   12  -12   0.919487    12.609577     0.000000      12.6096   -1.#IND0   -1.#IND0    4
   0   14   11   0.919077    -1.544475     0.000000      1.54447   -1.#IND0   -1.#IND0    4
   1   13   11   0.919020    -4.452802    -0.000000       4.4528   -1.#IND0   -1.#IND0    4
   6    5    7   0.918812     3.673491    -0.000000      3.67349   -1.#IND0   -1.#IND0    4
   4   14  -11   0.918746     7.406233    -0.000000      7.40623   -1.#IND0   -1.#IND0    4
   2   18   -6   0.918716    10.827067    -0.000000      10.8271   -1.#IND0   -1.#IND0    4
   5   16   -3   0.918694     7.002197     0.000000       7.0022   -1.#IND0   -1.#IND0    4
   8    2  -12   0.918605     4.762613     0.000000      4.76261   -1.#IND0   -1.#IND0    4
   7    2    5   0.918551   -10.593563    -0.000000      10.5936   -1.#IND0   -1.#IND0    4
   5   13  -11   0.918524    16.166880    -0.000000      16.1669   -1.#IND0   -1.#IND0    4
   4   17    0   0.918253    -1.748441     0.000000      1.74844   -1.#IND0   -1.#IND0    4
   2    3   14   0.918172     5.747575     0.000000      5.74757   -1.#IND0   -1.#IND0    4
   4    6  -16   0.918139     7.591061     0.000000      7.59106   -1.#IND0   -1.#IND0    4
   0   16    9   0.918103    -6.188925     0.000000      6.18893   -1.#IND0   -1.#IND0    4
   5   16   -4   0.918044     5.843713    -0.000000      5.84371   -1.#IND0   -1.#IND0    4
   7   10  -10   0.917817    13.186854     0.000000      13.1869   -1.#IND0   -1.#IND0    4
   1   18    5   0.917655     8.011967    -0.000000      8.01197   -1.#IND0   -1.#IND0    4
   1   19    2   0.917630    -3.181935    -0.000000      3.18194   -1.#IND0   -1.#IND0    4
   6    5  -15   0.917574     5.206827    -0.000000      5.20683   -1.#IND0   -1.#IND0    4
   3    1   13   0.917227     2.266700     0.000000       2.2667   -1.#IND0   -1.#IND0    4
   5   15   -8   0.917155   -18.863659     0.000000      18.8637   -1.#IND0   -1.#IND0    4
   2    9  -15   0.917065     0.686945    -0.000000     0.686945   -1.#IND0   -1.#IND0    4
   3   11   10   0.917005    -8.939991    -0.000000      8.93999   -1.#IND0   -1.#IND0    4
   5   10    7   0.916873     8.145841     0.000000      8.14584   -1.#IND0   -1.#IND0    4
   1    3   15   0.916832     9.708196    -0.000000       9.7082   -1.#IND0   -1.#IND0    4
   8    8   -3   0.916503     1.420289    -0.000000      1.42029   -1.#IND0   -1.#IND0    4
   0   18    6   0.916402    18.077631    -0.000000      18.0776   -1.#IND0   -1.#IND0    4
   3    1  -17   0.916387     9.881587     0.000000      9.88159   -1.#IND0   -1.#IND0    4
   3   11  -14   0.916334     5.647681    -0.000000      5.64768   -1.#IND0   -1.#IND0    4
   4    5   11   0.916322    20.275039    -0.000000       20.275   -1.#IND0   -1.#IND0    4
   4    8   10   0.916255    16.125002    -0.000000       16.125   -1.#IND0   -1.#IND0    4
   4   10    9   0.916237     8.842642    -0.000000      8.84264   -1.#IND0   -1.#IND0    4
   6   13    1   0.916146    -6.351636    -0.000000      6.35164   -1.#IND0   -1.#IND0    4
   7    8  -12   0.915868    11.808950     0.000000       11.809   -1.#IND0   -1.#IND0    4
   2   16    7   0.915853    12.067745    -0.000000      12.0677   -1.#IND0   -1.#IND0    4
   2   11  -14   0.915840     7.830664     0.000000      7.83066   -1.#IND0   -1.#IND0    4
   5   16   -2   0.915737     9.575878    -0.000000      9.57588   -1.#IND0   -1.#IND0    4
   1    5  -16   0.915687    13.989115     0.000000      13.9891   -1.#IND0   -1.#IND0    4
   7   12   -5   0.915635    -7.663048    -0.000000      7.66305   -1.#IND0   -1.#IND0    4
   6   13   -9   0.915587    10.948029    -0.000000       10.948   -1.#IND0   -1.#IND0    4
   2   13   10   0.915514    -8.866188     0.000000      8.86619   -1.#IND0   -1.#IND0    4
   8    5  -11   0.915339    -6.360261     0.000000      6.36026   -1.#IND0   -1.#IND0    4
   7   12   -4   0.915102    12.400458     0.000000      12.4005   -1.#IND0   -1.#IND0    4
   4   12  -13   0.914712   -17.233989    -0.000000       17.234   -1.#IND0   -1.#IND0    4
   0    0   16   0.914442     1.403705    -0.000000       1.4037   -1.#IND0   -1.#IND0    2
   5   11  -13   0.914410   -10.565105    -0.000000      10.5651   -1.#IND0   -1.#IND0    4
   7    4  -14   0.914122    20.051296     0.000000      20.0513   -1.#IND0   -1.#IND0    4
   5   16   -5   0.913810     6.271821    -0.000000      6.27182   -1.#IND0   -1.#IND0    4
   3    2   13   0.913595   -20.904846     0.000000      20.9048   -1.#IND0   -1.#IND0    4
   4   16    3   0.913512    -8.111480     0.000000      8.11148   -1.#IND0   -1.#IND0    4
   0    1   16   0.913237     3.232170     0.000000      3.23217   -1.#IND0   -1.#IND0    4
   5    6    9   0.913221     1.836462    -0.000000      1.83646   -1.#IND0   -1.#IND0    4
   8    8   -8   0.913152    16.222148     0.000000      16.2221   -1.#IND0   -1.#IND0    4
   7    9    2   0.912932    -8.665261     0.000000      8.66526   -1.#IND0   -1.#IND0    4
   3   18    1   0.912902    -3.457272    -0.000000      3.45727   -1.#IND0   -1.#IND0    4
   2   19   -1   0.912833    -1.481541    -0.000000      1.48154   -1.#IND0   -1.#IND0    4
   8    4    1   0.912803    -3.152634     0.000000      3.15263   -1.#IND0   -1.#IND0    4
   3    2  -17   0.912765    -6.601980     0.000000      6.60198   -1.#IND0   -1.#IND0    4
   3   18   -5   0.912736   -12.778998    -0.000000       12.779   -1.#IND0   -1.#IND0    4
   7   12   -6   0.912596    17.762832    -0.000000      17.7628   -1.#IND0   -1.#IND0    4
   7    6    4   0.912593    22.679989    -0.000000        22.68   -1.#IND0   -1.#IND0    4
   8    3  -12   0.912549    -9.726368    -0.000000      9.72637   -1.#IND0   -1.#IND0    4
   7    3    5   0.912496     5.931909     0.000000      5.93191   -1.#IND0   -1.#IND0    4
   1   17    7   0.912272    -2.400527     0.000000      2.40053   -1.#IND0   -1.#IND0    4
   2   19   -2   0.912223    -1.056160    -0.000000      1.05616   -1.#IND0   -1.#IND0    4
   6   14   -1   0.912035     0.759740     0.000000      0.75974   -1.#IND0   -1.#IND0    4
   7   10    1   0.911973   -18.443302     0.000000      18.4433   -1.#IND0   -1.#IND0    4
   1   10   13   0.911786    -9.391022    -0.000000      9.39102   -1.#IND0   -1.#IND0    4
   4   15  -10   0.911751     0.438446    -0.000000     0.438446   -1.#IND0   -1.#IND0    4
   6   14   -7   0.911704    11.744644    -0.000000      11.7446   -1.#IND0   -1.#IND0    4
   5   14  -10   0.911575    13.134163    -0.000000      13.1342   -1.#IND0   -1.#IND0    4
   3    7   12   0.911078     1.327126    -0.000000      1.32713   -1.#IND0   -1.#IND0    4
   7   12   -3   0.911019   -16.763462     0.000000      16.7635   -1.#IND0   -1.#IND0    4
   8    7   -1   0.910952    -5.695398     0.000000       5.6954   -1.#IND0   -1.#IND0    4
   4    1  -17   0.910921   -20.159049    -0.000000       20.159   -1.#IND0   -1.#IND0    4
   5    0   10   0.910886    33.573866    -0.000000      33.5739   -1.#IND0   -1.#IND0    2
   4   17   -6   0.910883    -6.964426    -0.000000      6.96443   -1.#IND0   -1.#IND0    4
   2   10   12   0.910724    16.022302    -0.000000      16.0223   -1.#IND0   -1.#IND0    4
   0    7   15   0.910703    -8.603681     0.000000      8.60368   -1.#IND0   -1.#IND0    4
   0   13   12   0.910569    19.697211     0.000000      19.6972   -1.#IND0   -1.#IND0    4
   5    5  -16   0.910477     8.794224     0.000000      8.79422   -1.#IND0   -1.#IND0    4
   1   19   -4   0.910440     6.780017    -0.000000      6.78002   -1.#IND0   -1.#IND0    4
   3    7  -16   0.910309   -11.094494    -0.000000      11.0945   -1.#IND0   -1.#IND0    4
   2   15  -11   0.910090     2.916478     0.000000      2.91648   -1.#IND0   -1.#IND0    4
   2   19    0   0.909904     5.705527     0.000000      5.70553   -1.#IND0   -1.#IND0    4
   7   11   -9   0.909823   -10.527404     0.000000      10.5274   -1.#IND0   -1.#IND0    4
   2    4   14   0.909739    14.540699    -0.000000      14.5407   -1.#IND0   -1.#IND0    4
   4    9  -15   0.909730     2.584455     0.000000      2.58445   -1.#IND0   -1.#IND0    4
   5    1   10   0.909695     0.315081    -0.000000     0.315081   -1.#IND0   -1.#IND0    4
   0    2   16   0.909653    11.272231    -0.000000      11.2722   -1.#IND0   -1.#IND0    4
   8    6    0   0.909469     9.965702    -0.000000       9.9657   -1.#IND0   -1.#IND0    4
   5   16   -1   0.909276    -4.185204     0.000000       4.1852   -1.#IND0   -1.#IND0    4
   4   14    6   0.909269    15.850973    -0.000000       15.851   -1.#IND0   -1.#IND0    4
   6    8    6   0.909216    13.862021    -0.000000       13.862   -1.#IND0   -1.#IND0    4
   4   13    7   0.909145    -6.370047     0.000000      6.37005   -1.#IND0   -1.#IND0    4
   2    1  -17   0.908825    15.554296     0.000000      15.5543   -1.#IND0   -1.#IND0    4
   2   14  -12   0.908772     7.713201    -0.000000       7.7132   -1.#IND0   -1.#IND0    4
   0   17    8   0.908677   -12.130538    -0.000000      12.1305   -1.#IND0   -1.#IND0    4
   1    4   15   0.908436     0.112290    -0.000000      0.11229   -1.#IND0   -1.#IND0    4
   6    8  -14   0.908125     6.504890     0.000000      6.50489   -1.#IND0   -1.#IND0    4
   2   19   -3   0.908096   -18.159079     0.000000      18.1591   -1.#IND0   -1.#IND0    4
   6    0    8   0.907994     6.839371    -0.000000      6.83937   -1.#IND0   -1.#IND0    2
   7    8    3   0.907976    16.068731    -0.000000      16.0687   -1.#IND0   -1.#IND0    4
   8    0    2   0.907843     1.021838     0.000000      1.02184   -1.#IND0   -1.#IND0    2
   3    3   13   0.907637    -0.370910     0.000000      0.37091   -1.#IND0   -1.#IND0    4
   0   19    4   0.907548    -0.122974     0.000000     0.122974   -1.#IND0   -1.#IND0    4
   4    2  -17   0.907363     2.108698     0.000000       2.1087   -1.#IND0   -1.#IND0    4
   3   17    4   0.907083    -0.196163     0.000000     0.196163   -1.#IND0   -1.#IND0    4
   2   18    4   0.907056    16.406919    -0.000000      16.4069   -1.#IND0   -1.#IND0    4
   4   17    1   0.907045     4.194663    -0.000000      4.19466   -1.#IND0   -1.#IND0    4
   5    8  -15   0.906988     1.689265     0.000000      1.68927   -1.#IND0   -1.#IND0    4
   3    3  -17   0.906823     2.762004     0.000000        2.762   -1.#IND0   -1.#IND0    4
   6    1    8   0.906815     5.352705     0.000000       5.3527   -1.#IND0   -1.#IND0    4
   3   17   -8   0.906757     8.735102    -0.000000       8.7351   -1.#IND0   -1.#IND0    4
   6    0  -16   0.906691    34.708333     0.000000      34.7083   -1.#IND0   -1.#IND0    2
   8    1    2   0.906665     2.622490     0.000000      2.62249   -1.#IND0   -1.#IND0    4
   8    8   -2   0.906553    19.925281    -0.000000      19.9253   -1.#IND0   -1.#IND0    4
   1   19    3   0.906418   -12.568116     0.000000      12.5681   -1.#IND0   -1.#IND0    4
   5    2   10   0.906152    24.213608    -0.000000      24.2136   -1.#IND0   -1.#IND0    4
   5   16   -6   0.906138     4.878230    -0.000000      4.87823   -1.#IND0   -1.#IND0    4
   7   12   -7   0.906093    -9.193745    -0.000000      9.19375   -1.#IND0   -1.#IND0    4
   7    7  -13   0.906036     4.265877     0.000000      4.26588   -1.#IND0   -1.#IND0    4
   1   12   12   0.905826    17.552314    -0.000000      17.5523   -1.#IND0   -1.#IND0    4
   5   15    2   0.905823    16.036467     0.000000      16.0365   -1.#IND0   -1.#IND0    4
   6    6    7   0.905636     2.299222     0.000000      2.29922   -1.#IND0   -1.#IND0    4
   9    0   -6   0.905555     3.577578     0.000000      3.57758   -1.#IND0   -1.#IND0    2
   2   16  -10   0.905545    19.261965    -0.000000       19.262   -1.#IND0   -1.#IND0    4
   6    1  -16   0.905517    -1.043269     0.000000      1.04327   -1.#IND0   -1.#IND0    4
   8    9   -5   0.905493     5.272817     0.000000      5.27282   -1.#IND0   -1.#IND0    4
   2    2  -17   0.905292    -6.191636     0.000000      6.19164   -1.#IND0   -1.#IND0    4
   2    7  -16   0.905188    -9.177561    -0.000000      9.17756   -1.#IND0   -1.#IND0    4
   3   14    8   0.905165    19.075924    -0.000000      19.0759   -1.#IND0   -1.#IND0    4
   7   11    0   0.905157     1.788044    -0.000000      1.78804   -1.#IND0   -1.#IND0    4
   8    7  -10   0.905053    10.155319     0.000000      10.1553   -1.#IND0   -1.#IND0    4
   2    8   13   0.904899     1.113445     0.000000      1.11345   -1.#IND0   -1.#IND0    4
   8    9   -6   0.904844   -13.048284     0.000000      13.0483   -1.#IND0   -1.#IND0    4
   1    8   14   0.904777    12.248603    -0.000000      12.2486   -1.#IND0   -1.#IND0    4
   6   11    4   0.904731    -9.606471     0.000000      9.60647   -1.#IND0   -1.#IND0    4
   3   14  -12   0.904626     6.443067    -0.000000      6.44307   -1.#IND0   -1.#IND0    4
   6    6  -15   0.904451    -8.630357     0.000000      8.63036   -1.#IND0   -1.#IND0    4
   9    1   -6   0.904385    -6.463183    -0.000000      6.46318   -1.#IND0   -1.#IND0    4
   8    4  -12   0.904268     3.231613     0.000000      3.23161   -1.#IND0   -1.#IND0    4
   7    4    5   0.904217    -9.366949    -0.000000      9.36695   -1.#IND0   -1.#IND0    4
   2   17    6   0.904167    -7.946987     0.000000      7.94699   -1.#IND0   -1.#IND0    4
   3   15    7   0.904112     1.122435    -0.000000      1.12244   -1.#IND0   -1.#IND0    4
   4   11  -14   0.903916    -7.528822    -0.000000      7.52882   -1.#IND0   -1.#IND0    4
   6   11  -12   0.903871    27.810207     0.000000      27.8102   -1.#IND0   -1.#IND0    4
   1   15  -11   0.903786    -6.587515     0.000000      6.58752   -1.#IND0   -1.#IND0    4
   0    3   16   0.903771    13.783528    -0.000000      13.7835   -1.#IND0   -1.#IND0    4
   6   12    3   0.903746   -23.654435     0.000000      23.6544   -1.#IND0   -1.#IND0    4
   3   15  -11   0.903629    -5.864526     0.000000      5.86453   -1.#IND0   -1.#IND0    4
   2   12   11   0.903624    -7.888426    -0.000000      7.88843   -1.#IND0   -1.#IND0    4
   5   10  -14   0.903585    17.086777     0.000000      17.0868   -1.#IND0   -1.#IND0    4
   4   15    5   0.903562    -1.857746    -0.000000      1.85775   -1.#IND0   -1.#IND0    4
   2   19    1   0.903538   -14.637447     0.000000      14.6374   -1.#IND0   -1.#IND0    4
   7   12   -2   0.903523    16.365672    -0.000000      16.3657   -1.#IND0   -1.#IND0    4
   7    5  -14   0.903463     1.382200     0.000000       1.3822   -1.#IND0   -1.#IND0    4
   1   18   -7   0.903441   -12.667147     0.000000      12.6671   -1.#IND0   -1.#IND0    4
   6    2    8   0.903305     6.822104    -0.000000       6.8221   -1.#IND0   -1.#IND0    4
   4    6   11   0.903251    -7.487997     0.000000        7.488   -1.#IND0   -1.#IND0    4
   4   12    8   0.903198    10.920834    -0.000000      10.9208   -1.#IND0   -1.#IND0    4
   8    2    2   0.903157     0.323274    -0.000000     0.323274   -1.#IND0   -1.#IND0    4
   6   12  -11   0.902995     0.642714    -0.000000     0.642714   -1.#IND0   -1.#IND0    4
   9    1   -5   0.902742     6.263748     0.000000      6.26375   -1.#IND0   -1.#IND0    4
   8    9   -4   0.902688     4.248849    -0.000000      4.24885   -1.#IND0   -1.#IND0    4
   4    7  -16   0.902661    -0.706938     0.000000     0.706938   -1.#IND0   -1.#IND0    4
   1    6  -16   0.902643    19.935448     0.000000      19.9354   -1.#IND0   -1.#IND0    4
   9    1   -7   0.902582   -19.014681    -0.000000      19.0147   -1.#IND0   -1.#IND0    4
   1   11  -14   0.902496   -15.596083    -0.000000      15.5961   -1.#IND0   -1.#IND0    4
   8    6  -11   0.902310     6.219674     0.000000      6.21967   -1.#IND0   -1.#IND0    4
   8    5    1   0.902189    -9.390681     0.000000      9.39068   -1.#IND0   -1.#IND0    4
   6    2  -16   0.902022    49.678757     0.000000      49.6788   -1.#IND0   -1.#IND0    4
   8    8   -9   0.902021    -7.031898     0.000000       7.0319   -1.#IND0   -1.#IND0    4
   2   13  -13   0.901666     2.689148     0.000000      2.68915   -1.#IND0   -1.#IND0    4
   1   16  -10   0.901599    15.251806    -0.000000      15.2518   -1.#IND0   -1.#IND0    4
   4    3  -17   0.901526   -14.525661    -0.000000      14.5257   -1.#IND0   -1.#IND0    4
   5    9    8   0.901423    14.645351     0.000000      14.6454   -1.#IND0   -1.#IND0    4
   1    9  -15   0.901389    10.235675     0.000000      10.2357   -1.#IND0   -1.#IND0    4
   0   10   14   0.901225    17.444156    -0.000000      17.4442   -1.#IND0   -1.#IND0    4
   9    2   -6   0.900903     2.225657     0.000000      2.22566   -1.#IND0   -1.#IND0    4
   8    9   -7   0.900762     1.962236     0.000000      1.96224   -1.#IND0   -1.#IND0    4
   3   18    2   0.900738    13.264557    -0.000000      13.2646   -1.#IND0   -1.#IND0    4
   2   19   -4   0.900592     2.810559     0.000000      2.81056   -1.#IND0   -1.#IND0    4
   2   18   -7   0.900536   -13.464647     0.000000      13.4646   -1.#IND0   -1.#IND0    4
   3   18   -6   0.900525    -0.836580     0.000000      0.83658   -1.#IND0   -1.#IND0    4
   5   13    5   0.900512    -2.261776     0.000000      2.26178   -1.#IND0   -1.#IND0    4
   3   13    9   0.900452   -13.063548     0.000000      13.0635   -1.#IND0   -1.#IND0    4
   5    3   10   0.900338    -5.400156     0.000000      5.40016   -1.#IND0   -1.#IND0    4
   1   14  -12   0.900223     2.803723    -0.000000      2.80372   -1.#IND0   -1.#IND0    4
   6   10    5   0.899960    15.547066    -0.000000      15.5471   -1.#IND0   -1.#IND0    4
   6   14    0   0.899931    24.161665    -0.000000      24.1617   -1.#IND0   -1.#IND0    4
   3   13  -13   0.899868    10.602779     0.000000      10.6028   -1.#IND0   -1.#IND0    4
   5   16    0   0.899530   -11.536688     0.000000      11.5367   -1.#IND0   -1.#IND0    4
   6   14   -8   0.899508     6.227326    -0.000000      6.22733   -1.#IND0   -1.#IND0    4
   2    3  -17   0.899494     8.512854     0.000000      8.51285   -1.#IND0   -1.#IND0    4
   3    4   13   0.899489    -8.720740    -0.000000      8.72074   -1.#IND0   -1.#IND0    4
   9    2   -5   0.899279     6.047788     0.000000      6.04779   -1.#IND0   -1.#IND0    4
   5   12    6   0.899235    15.598313    -0.000000      15.5983   -1.#IND0   -1.#IND0    4
   2    5   14   0.899230    -9.426201     0.000000       9.4262   -1.#IND0   -1.#IND0    4
   4   16   -9   0.899169    12.070343    -0.000000      12.0703   -1.#IND0   -1.#IND0    4
   9    2   -7   0.899121     6.802492     0.000000      6.80249   -1.#IND0   -1.#IND0    4
   5   15   -9   0.899039   -10.209590     0.000000      10.2096   -1.#IND0   -1.#IND0    4
   6   10  -13   0.899007     0.935184     0.000000     0.935184   -1.#IND0   -1.#IND0    4
   9    0   -4   0.898854    25.114222     0.000000      25.1142   -1.#IND0   -1.#IND0    2
   3    4  -17   0.898696     0.000910    -0.000000  0.000909972   -1.#IND0   -1.#IND0    4
   9    0   -8   0.898537    10.045555     0.000000      10.0456   -1.#IND0   -1.#IND0    2
   3   10   11   0.898158    10.107634     0.000000      10.1076   -1.#IND0   -1.#IND0    4
   5    7    9   0.897986    -0.018825     0.000000    0.0188249   -1.#IND0   -1.#IND0    4
   1    5   15   0.897972    10.734683    -0.000000      10.7347   -1.#IND0   -1.#IND0    4
   9    1   -4   0.897710    -3.926736     0.000000      3.92674   -1.#IND0   -1.#IND0    4
   5    6  -16   0.897651    18.505663     0.000000      18.5057   -1.#IND0   -1.#IND0    4
   4   17   -7   0.897609     2.256836    -0.000000      2.25684   -1.#IND0   -1.#IND0    4
   6    3    8   0.897545    -4.026342     0.000000      4.02634   -1.#IND0   -1.#IND0    4
   7    1  -15   0.897515    -2.830401     0.000000       2.8304   -1.#IND0   -1.#IND0    4
   3   10  -15   0.897474     0.012077     0.000000    0.0120769   -1.#IND0   -1.#IND0    4
   8    3    2   0.897400     1.148729     0.000000      1.14873   -1.#IND0   -1.#IND0    4
   9    1   -8   0.897395    -6.709013    -0.000000      6.70901   -1.#IND0   -1.#IND0    4
   7    7    4   0.897390     4.895680    -0.000000      4.89568   -1.#IND0   -1.#IND0    4
   7   10  -11   0.897386   -14.348269    -0.000000      14.3483   -1.#IND0   -1.#IND0    4
   3   16    6   0.897352     4.649952    -0.000000      4.64995   -1.#IND0   -1.#IND0    4
   1   19   -5   0.897211     0.708648     0.000000     0.708648   -1.#IND0   -1.#IND0    4
   6   13    2   0.897059    -4.225244     0.000000      4.22524   -1.#IND0   -1.#IND0    4
   8    1  -13   0.897033     5.464789     0.000000      5.46479   -1.#IND0   -1.#IND0    4
   3   16  -10   0.896932    14.192790    -0.000000      14.1928   -1.#IND0   -1.#IND0    4
   0   12   13   0.896597    11.088909     0.000000      11.0889   -1.#IND0   -1.#IND0    4
   8    9   -3   0.896523     8.333023    -0.000000      8.33302   -1.#IND0   -1.#IND0    4
   4    0   12   0.896461     9.485789    -0.000000      9.48579   -1.#IND0   -1.#IND0    2
   6   13  -10   0.896430   -24.065590     0.000000      24.0656   -1.#IND0   -1.#IND0    4
   7   12   -8   0.896343    12.417820     0.000000      12.4178   -1.#IND0   -1.#IND0    4
   4    9   10   0.896291    24.212617    -0.000000      24.2126   -1.#IND0   -1.#IND0    4
   6    3  -16   0.896286   -11.206045    -0.000000       11.206   -1.#IND0   -1.#IND0    4
   1   18    6   0.896182    12.696814    -0.000000      12.6968   -1.#IND0   -1.#IND0    4
   5   14    4   0.896107    12.481177    -0.000000      12.4812   -1.#IND0   -1.#IND0    4
   7    9  -12   0.895928   -12.471154    -0.000000      12.4712   -1.#IND0   -1.#IND0    4
   0    4   16   0.895725    -3.180591    -0.000000      3.18059   -1.#IND0   -1.#IND0    4
   2   17   -9   0.895395     3.864387    -0.000000      3.86439   -1.#IND0   -1.#IND0    4
   4    1   12   0.895327    -1.001509    -0.000000      1.00151   -1.#IND0   -1.#IND0    4
   5   16   -7   0.895285   -10.597782    -0.000000      10.5978   -1.#IND0   -1.#IND0    4
   9    3   -6   0.895189     3.526244    -0.000000      3.52624   -1.#IND0   -1.#IND0    4
   2   10  -15   0.894780    -4.278834     0.000000      4.27883   -1.#IND0   -1.#IND0    4
   8    7    0   0.894418    -7.007029     0.000000      7.00703   -1.#IND0   -1.#IND0    4
   9    2   -4   0.894304    22.734693     0.000000      22.7347   -1.#IND0   -1.#IND0    4
   7    2  -15   0.894111     8.679816    -0.000000      8.67982   -1.#IND0   -1.#IND0    4
   9    2   -8   0.893993    16.119565     0.000000      16.1196   -1.#IND0   -1.#IND0    4
   2   19    2   0.893948     0.330959    -0.000000     0.330959   -1.#IND0   -1.#IND0    4
   8    5  -12   0.893946     0.444677    -0.000000     0.444677   -1.#IND0   -1.#IND0    4
   7    5    5   0.893896     7.348682     0.000000      7.34868   -1.#IND0   -1.#IND0    4
   0   18    7   0.893892     4.987410     0.000000      4.98741   -1.#IND0   -1.#IND0    4
   1   17   -9   0.893786    12.007217    -0.000000      12.0072   -1.#IND0   -1.#IND0    4
   3    8   12   0.893688    10.209507    -0.000000      10.2095   -1.#IND0   -1.#IND0    4
   6   15   -4   0.893668    -9.316811     0.000000      9.31681   -1.#IND0   -1.#IND0    4
   8    2  -13   0.893635     0.248423     0.000000     0.248423   -1.#IND0   -1.#IND0    4
   9    3   -5   0.893596     2.859249     0.000000      2.85925   -1.#IND0   -1.#IND0    4
   8    8   -1   0.893568     0.910801    -0.000000     0.910801   -1.#IND0   -1.#IND0    4
   4    4  -17   0.893539     6.415541    -0.000000      6.41554   -1.#IND0   -1.#IND0    4
   9    3   -7   0.893440   -12.954085    -0.000000      12.9541   -1.#IND0   -1.#IND0    4
   8    9   -8   0.893386    -9.215867     0.000000      9.21587   -1.#IND0   -1.#IND0    4
   0    8   15   0.893334   -18.213702     0.000000      18.2137   -1.#IND0   -1.#IND0    4
   7   11  -10   0.893220    15.770302    -0.000000      15.7703   -1.#IND0   -1.#IND0    4
   5    1  -17   0.893104    19.221243     0.000000      19.2212   -1.#IND0   -1.#IND0    4
   3    8  -16   0.892962    15.950264     0.000000      15.9503   -1.#IND0   -1.#IND0    4
   4   17    2   0.892894    -4.965309     0.000000      4.96531   -1.#IND0   -1.#IND0    4
   7   12   -1   0.892866     3.543082    -0.000000      3.54308   -1.#IND0   -1.#IND0    4
   5    4   10   0.892382    11.752320    -0.000000      11.7523   -1.#IND0   -1.#IND0    4
   5   11    7   0.892350    -4.724443    -0.000000      4.72444   -1.#IND0   -1.#IND0    4
   4   16    4   0.892347     7.503078    -0.000000      7.50308   -1.#IND0   -1.#IND0    4
   1   19    4   0.892270     4.983736    -0.000000      4.98374   -1.#IND0   -1.#IND0    4
   0   19    5   0.892231   -11.166430     0.000000      11.1664   -1.#IND0   -1.#IND0    4
   1   15   10   0.892133    17.397864     0.000000      17.3979   -1.#IND0   -1.#IND0    4
   6   15   -3   0.892057    -1.075976     0.000000      1.07598   -1.#IND0   -1.#IND0    4
   6   15   -5   0.891954    -3.534401     0.000000       3.5344   -1.#IND0   -1.#IND0    4
   4    2   12   0.891948    15.474422    -0.000000      15.4744   -1.#IND0   -1.#IND0    4
   4   11    9   0.891763     2.866217    -0.000000      2.86622   -1.#IND0   -1.#IND0    4
   2    4  -17   0.891561    -5.758505    -0.000000      5.75851   -1.#IND0   -1.#IND0    4
   1   16    9   0.891112     4.711455     0.000000      4.71146   -1.#IND0   -1.#IND0    4
   1   13  -13   0.891111     8.530800     0.000000       8.5308   -1.#IND0   -1.#IND0    4
   7   10    2   0.890939     8.426453    -0.000000      8.42645   -1.#IND0   -1.#IND0    4
   7    6  -14   0.890927     7.155323     0.000000      7.15532   -1.#IND0   -1.#IND0    4
   6    7    7   0.890772    -2.497414     0.000000      2.49741   -1.#IND0   -1.#IND0    4
   5   13  -12   0.890272    -7.246862     0.000000      7.24686   -1.#IND0   -1.#IND0    4
   3   12   10   0.890237     9.831099    -0.000000       9.8311   -1.#IND0   -1.#IND0    4
   0   20    0   0.890000     6.416820    -0.000000      6.41682   -1.#IND0   -1.#IND0    2
   2   19   -5   0.889960    -0.256487    -0.000000     0.256487   -1.#IND0   -1.#IND0    4
   5    2  -17   0.889750   -15.884432     0.000000      15.8844   -1.#IND0   -1.#IND0    4
   8    6    1   0.889706     4.374101    -0.000000       4.3741   -1.#IND0   -1.#IND0    4
   6    9    6   0.889698     6.713151    -0.000000      6.71315   -1.#IND0   -1.#IND0    4
   6    4    8   0.889663     8.676885    -0.000000      8.67689   -1.#IND0   -1.#IND0    4
   6    7  -15   0.889644     3.461218    -0.000000      3.46122   -1.#IND0   -1.#IND0    4
   3   12  -14   0.889622     6.354867    -0.000000      6.35487   -1.#IND0   -1.#IND0    4
   8    4    2   0.889521     5.401978    -0.000000      5.40198   -1.#IND0   -1.#IND0    4
   9    1   -3   0.889455    11.707181     0.000000      11.7072   -1.#IND0   -1.#IND0    4
   4   18   -3   0.889449     2.193350    -0.000000      2.19335   -1.#IND0   -1.#IND0    4
   3    5   13   0.889327     8.242082     0.000000      8.24208   -1.#IND0   -1.#IND0    4
   2   12  -14   0.889170    16.489753     0.000000      16.4898   -1.#IND0   -1.#IND0    4
   1    1  -17   0.889166    -8.786398    -0.000000       8.7864   -1.#IND0   -1.#IND0    4
   9    1   -9   0.888995     6.848532     0.000000      6.84853   -1.#IND0   -1.#IND0    4
   4   18   -2   0.888935    15.197573    -0.000000      15.1976   -1.#IND0   -1.#IND0    4
   7    8  -13   0.888928    12.733636     0.000000      12.7336   -1.#IND0   -1.#IND0    4
   9    3   -4   0.888714     4.610389     0.000000      4.61039   -1.#IND0   -1.#IND0    4
   6    9  -14   0.888676   -10.890785    -0.000000      10.8908   -1.#IND0   -1.#IND0    4
   3    5  -17   0.888561    -0.261097     0.000000     0.261097   -1.#IND0   -1.#IND0    4
   7    9    3   0.888537    -1.456777    -0.000000      1.45678   -1.#IND0   -1.#IND0    4
   7    3  -15   0.888524   -15.553388    -0.000000      15.5534   -1.#IND0   -1.#IND0    4
   4    7   11   0.888503     9.152584     0.000000      9.15258   -1.#IND0   -1.#IND0    4
   6    4  -16   0.888437    22.562801     0.000000      22.5628   -1.#IND0   -1.#IND0    4
   9    3   -8   0.888408    -6.958970    -0.000000      6.95897   -1.#IND0   -1.#IND0    4
   0   20    1   0.888358    -5.769300     0.000000       5.7693   -1.#IND0   -1.#IND0    4
   4   14  -12   0.888292    -1.905646    -0.000000      1.90565   -1.#IND0   -1.#IND0    4
   7    0    6   0.888267     1.627531     0.000000      1.62753   -1.#IND0   -1.#IND0    2
   2    8  -16   0.888127    17.764989     0.000000       17.765   -1.#IND0   -1.#IND0    4
   8    3  -13   0.888057    -7.149746    -0.000000      7.14975   -1.#IND0   -1.#IND0    4
   8    8  -10   0.887999    15.693377     0.000000      15.6934   -1.#IND0   -1.#IND0    4
   4   10  -15   0.887962     4.111041     0.000000      4.11104   -1.#IND0   -1.#IND0    4
   1    7  -16   0.887923     4.130030     0.000000      4.13003   -1.#IND0   -1.#IND0    4
   5   12  -13   0.887861    -5.961682    -0.000000      5.96168   -1.#IND0   -1.#IND0    4
   7   11    1   0.887831     3.824501     0.000000       3.8245   -1.#IND0   -1.#IND0    4
   2   15    9   0.887825     2.266179    -0.000000      2.26618   -1.#IND0   -1.#IND0    4
   1   11   13   0.887659     3.536131     0.000000      3.53613   -1.#IND0   -1.#IND0    4
   1   14   11   0.887632     2.408946     0.000000      2.40895   -1.#IND0   -1.#IND0    4
   5    9  -15   0.887611     4.359317    -0.000000      4.35932   -1.#IND0   -1.#IND0    4
   8    7  -11   0.887606    -6.468109     0.000000      6.46811   -1.#IND0   -1.#IND0    4
   2   18    5   0.887396    -3.286826    -0.000000      3.28683   -1.#IND0   -1.#IND0    4
   9    4   -6   0.887368     1.272156    -0.000000      1.27216   -1.#IND0   -1.#IND0    4
   8    9   -2   0.887203    -9.208725     0.000000      9.20872   -1.#IND0   -1.#IND0    4
   5   14  -11   0.887185    14.235409    -0.000000      14.2354   -1.#IND0   -1.#IND0    4
   6   15   -2   0.887175   -17.093855    -0.000000      17.0939   -1.#IND0   -1.#IND0    4
   7    1    6   0.887163     0.726209     0.000000     0.726209   -1.#IND0   -1.#IND0    4
   6   15   -6   0.886972    -0.128727     0.000000     0.128727   -1.#IND0   -1.#IND0    4
   2    6   14   0.886868     9.957657    -0.000000      9.95766   -1.#IND0   -1.#IND0    4
   5   16    1   0.886815    -2.529987    -0.000000      2.52999   -1.#IND0   -1.#IND0    4
   7   13   -5   0.886773    -3.852713    -0.000000      3.85271   -1.#IND0   -1.#IND0    4
   4   18   -4   0.886688    16.167336    -0.000000      16.1673   -1.#IND0   -1.#IND0    4
   2   11   12   0.886678     0.953033     0.000000     0.953033   -1.#IND0   -1.#IND0    4
   4    3   12   0.886401    -4.136017     0.000000      4.13602   -1.#IND0   -1.#IND0    4
   7   13   -4   0.886290    -0.416182     0.000000     0.416182   -1.#IND0   -1.#IND0    4
   5   15    3   0.886267     1.251782    -0.000000      1.25178   -1.#IND0   -1.#IND0    4
   9    2   -3   0.886143    -1.896014     0.000000      1.89601   -1.#IND0   -1.#IND0    4
   4   13  -13   0.885935    13.359563     0.000000      13.3596   -1.#IND0   -1.#IND0    4
   1    2  -17   0.885857     4.546796     0.000000       4.5468   -1.#IND0   -1.#IND0    4
   9    4   -5   0.885816     0.178587     0.000000     0.178587   -1.#IND0   -1.#IND0    4
   3   18    3   0.885783    -1.010728     0.000000      1.01073   -1.#IND0   -1.#IND0    4
   4    8  -16   0.885739    16.873156     0.000000      16.8732   -1.#IND0   -1.#IND0    4
   2   16    8   0.885726    12.404606    -0.000000      12.4046   -1.#IND0   -1.#IND0    4
   0    5   16   0.885690    -2.904581    -0.000000      2.90458   -1.#IND0   -1.#IND0    4
   9    2   -9   0.885688     5.427746     0.000000      5.42775   -1.#IND0   -1.#IND0    4
   9    4   -7   0.885665    -2.850154     0.000000      2.85015   -1.#IND0   -1.#IND0    4
   1    6   15   0.885660     1.667036     0.000000      1.66704   -1.#IND0   -1.#IND0    4
   3   19   -2   0.885659     3.747159    -0.000000      3.74716   -1.#IND0   -1.#IND0    4
   2    9   13   0.885653    -1.263122    -0.000000      1.26312   -1.#IND0   -1.#IND0    4
   0   16   10   0.885573    18.625309     0.000000      18.6253   -1.#IND0   -1.#IND0    4
   1    9   14   0.885538     8.326702    -0.000000       8.3267   -1.#IND0   -1.#IND0    4
   3   18   -7   0.885530     4.235550    -0.000000      4.23555   -1.#IND0   -1.#IND0    4
   0   15   11   0.885484     2.976016     0.000000      2.97602   -1.#IND0   -1.#IND0    4
   3   17    5   0.885261     6.928836    -0.000000      6.92884   -1.#IND0   -1.#IND0    4
   4   15  -11   0.885187    -7.663190     0.000000      7.66319   -1.#IND0   -1.#IND0    4
   4   18   -1   0.885165     0.286684     0.000000     0.286684   -1.#IND0   -1.#IND0    4
   6   14    1   0.885041    12.517440    -0.000000      12.5174   -1.#IND0   -1.#IND0    4
   3   17   -9   0.884908     5.395453    -0.000000      5.39545   -1.#IND0   -1.#IND0    4
   1   17    8   0.884626   -12.894789    -0.000000      12.8948   -1.#IND0   -1.#IND0    4
   1   20   -1   0.884558    -9.159222     0.000000      9.15922   -1.#IND0   -1.#IND0    4
   6   14   -9   0.884538    -4.684063    -0.000000      4.68406   -1.#IND0   -1.#IND0    4
   2   14   10   0.884472    15.938495    -0.000000      15.9385   -1.#IND0   -1.#IND0    4
   5    3  -17   0.884244     9.449963     0.000000      9.44996   -1.#IND0   -1.#IND0    4
   3   19   -1   0.884066   -11.906185     0.000000      11.9062   -1.#IND0   -1.#IND0    4
   1   20    0   0.884028    17.605403    -0.000000      17.6054   -1.#IND0   -1.#IND0    4
   8   10   -5   0.884021     1.908025    -0.000000      1.90802   -1.#IND0   -1.#IND0    4
   3   19   -3   0.884016    -1.815728     0.000000      1.81573   -1.#IND0   -1.#IND0    4
   7   13   -6   0.884012     3.975505    -0.000000      3.97551   -1.#IND0   -1.#IND0    4
   7    2    6   0.883876     0.700926     0.000000     0.700926   -1.#IND0   -1.#IND0    4
   7   12   -9   0.883661     3.981566    -0.000000      3.98157   -1.#IND0   -1.#IND0    4
   4    5  -17   0.883576    -6.812451    -0.000000      6.81245   -1.#IND0   -1.#IND0    4
   0   20    2   0.883486    14.993563    -0.000000      14.9936   -1.#IND0   -1.#IND0    4
   8   10   -6   0.883417     8.373066    -0.000000      8.37307   -1.#IND0   -1.#IND0    4
   5    7  -16   0.883170     1.626094     0.000000      1.62609   -1.#IND0   -1.#IND0    4
   8    9   -9   0.882954     8.274445     0.000000      8.27444   -1.#IND0   -1.#IND0    4
   7   13   -3   0.882578     2.482028     0.000000      2.48203   -1.#IND0   -1.#IND0    4
   5    5   10   0.882457    -9.015640     0.000000      9.01564   -1.#IND0   -1.#IND0    4
   1   20   -2   0.881867     1.969548    -0.000000      1.96955   -1.#IND0   -1.#IND0    4
   8    6  -12   0.881797    -1.786068    -0.000000      1.78607   -1.#IND0   -1.#IND0    4
   7    6    5   0.881749    -9.555358    -0.000000      9.55536   -1.#IND0   -1.#IND0    4
   4   17   -8   0.881679    10.406015    -0.000000       10.406   -1.#IND0   -1.#IND0    4
   2    5  -17   0.881663    12.497028     0.000000       12.497   -1.#IND0   -1.#IND0    4
   5   16   -8   0.881594    21.050033    -0.000000        21.05   -1.#IND0   -1.#IND0    4
   2   19    3   0.881440    -1.300045     0.000000      1.30004   -1.#IND0   -1.#IND0    4
   8   10   -4   0.881410     5.902000    -0.000000        5.902   -1.#IND0   -1.#IND0    4
   1   19   -6   0.881327   -15.224205    -0.000000      15.2242   -1.#IND0   -1.#IND0    4
   5    8    9   0.881321    -5.083726     0.000000      5.08373   -1.#IND0   -1.#IND0    4
   9    4   -4   0.881060     9.724754     0.000000      9.72475   -1.#IND0   -1.#IND0    4
   7    4  -15   0.880875     6.436776     0.000000      6.43678   -1.#IND0   -1.#IND0    4
   5   17   -3   0.880796    -3.996771    -0.000000      3.99677   -1.#IND0   -1.#IND0    4
   1   18   -8   0.880776     0.087009     0.000000     0.087009   -1.#IND0   -1.#IND0    4
   9    4   -8   0.880762    15.313569     0.000000      15.3136   -1.#IND0   -1.#IND0    4
   7    8    4   0.880757    18.111462    -0.000000      18.1115   -1.#IND0   -1.#IND0    4
   4   18   -5   0.880744    -7.110406     0.000000      7.11041   -1.#IND0   -1.#IND0    4
   9    3   -3   0.880703    15.119131     0.000000      15.1191   -1.#IND0   -1.#IND0    4
   8    1    3   0.880630     6.975166    -0.000000      6.97517   -1.#IND0   -1.#IND0    4
   1    3  -17   0.880422   -10.604443     0.000000      10.6044   -1.#IND0   -1.#IND0    4
   8    4  -13   0.880420    -7.271520     0.000000      7.27152   -1.#IND0   -1.#IND0    4
   1   20    1   0.880295    -1.839075     0.000000      1.83908   -1.#IND0   -1.#IND0    4
   0   17    9   0.880275    -0.775927    -0.000000     0.775927   -1.#IND0   -1.#IND0    4
   9    3   -9   0.880256    -5.755382    -0.000000      5.75538   -1.#IND0   -1.#IND0    4
   5   10    8   0.880233    -2.247664    -0.000000      2.24766   -1.#IND0   -1.#IND0    4
   5   17   -4   0.880223    11.254225     0.000000      11.2542   -1.#IND0   -1.#IND0    4
   1   10  -15   0.880200    -5.378466     0.000000      5.37847   -1.#IND0   -1.#IND0    4
   2   18   -8   0.880192    -7.303878     0.000000      7.30388   -1.#IND0   -1.#IND0    4
   5   11  -14   0.880086     2.477601     0.000000       2.4776   -1.#IND0   -1.#IND0    4
   0   14   12   0.880010     7.784201     0.000000       7.7842   -1.#IND0   -1.#IND0    4
   6    5    8   0.879827    -5.998994    -0.000000      5.99899   -1.#IND0   -1.#IND0    4
   8    5    2   0.879690     8.114023    -0.000000      8.11402   -1.#IND0   -1.#IND0    4
   8   10   -7   0.879617     5.109032    -0.000000      5.10903   -1.#IND0   -1.#IND0    4
   7   12    0   0.879384    13.748247    -0.000000      13.7482   -1.#IND0   -1.#IND0    4
   9    0   -2   0.879314     0.516101    -0.000000     0.516101   -1.#IND0   -1.#IND0    2
   3   19    0   0.879288     3.991247     0.000000      3.99125   -1.#IND0   -1.#IND0    4
   3   19   -4   0.879190    -8.538173     0.000000      8.53817   -1.#IND0   -1.#IND0    4
   6   15   -1   0.879181     0.339015     0.000000     0.339015   -1.#IND0   -1.#IND0    4
   6   12    4   0.878993    14.128998    -0.000000       14.129   -1.#IND0   -1.#IND0    4
   6   15   -7   0.878884   -13.505938     0.000000      13.5059   -1.#IND0   -1.#IND0    4
   4    4   12   0.878807     7.331117    -0.000000      7.33112   -1.#IND0   -1.#IND0    4
   5   15  -10   0.878769     6.067382    -0.000000      6.06738   -1.#IND0   -1.#IND0    4
   4   14    7   0.878725   -18.289426     0.000000      18.2894   -1.#IND0   -1.#IND0    4
   9    0  -10   0.878721    16.976581     0.000000      16.9766   -1.#IND0   -1.#IND0    2
   6    5  -16   0.878642   -10.673101    -0.000000      10.6731   -1.#IND0   -1.#IND0    4
   7    3    6   0.878477    -0.303345     0.000000     0.303345   -1.#IND0   -1.#IND0    4
   2   17    7   0.878291     4.201083    -0.000000      4.20108   -1.#IND0   -1.#IND0    4
   4   18    0   0.878261    20.021681    -0.000000      20.0217   -1.#IND0   -1.#IND0    4
   4   12  -14   0.878246    13.830997     0.000000       13.831   -1.#IND0   -1.#IND0    4
   9    1   -2   0.878243    -5.441638    -0.000000      5.44164   -1.#IND0   -1.#IND0    4
   6   12  -12   0.878205    19.611410     0.000000      19.6114   -1.#IND0   -1.#IND0    4
   5   17   -2   0.878189    -0.107342    -0.000000     0.107342   -1.#IND0   -1.#IND0    4
   7   13   -7   0.878097     4.235329    -0.000000      4.23533   -1.#IND0   -1.#IND0    4
   8    8    0   0.877947     7.876939     0.000000      7.87694   -1.#IND0   -1.#IND0    4
   0   11   14   0.877905   -19.115568    -0.000000      19.1156   -1.#IND0   -1.#IND0    4
   1   13   12   0.877854    -8.168320    -0.000000      8.16832   -1.#IND0   -1.#IND0    4
   9    1  -10   0.877652    -2.888427     0.000000      2.88843   -1.#IND0   -1.#IND0    4
   9    5   -6   0.877607     3.710645    -0.000000      3.71065   -1.#IND0   -1.#IND0    4
   8    2    3   0.877415     2.133254    -0.000000      2.13325   -1.#IND0   -1.#IND0    4
   3    6   13   0.877363    -4.799434    -0.000000      4.79943   -1.#IND0   -1.#IND0    4
   1   12  -14   0.876944    16.000846    -0.000000      16.0008   -1.#IND0   -1.#IND0    4
   4   16  -10   0.876792    16.505083    -0.000000      16.5051   -1.#IND0   -1.#IND0    4
   7    7  -14   0.876765     0.724686    -0.000000     0.724686   -1.#IND0   -1.#IND0    4
   6   11    5   0.876735     0.908160    -0.000000      0.90816   -1.#IND0   -1.#IND0    4
   5    4  -17   0.876704    -9.103815    -0.000000      9.10381   -1.#IND0   -1.#IND0    4
   4   15    6   0.876702     9.534657     0.000000      9.53466   -1.#IND0   -1.#IND0    4
   3    6  -17   0.876628    -4.062783     0.000000      4.06278   -1.#IND0   -1.#IND0    4
   2   19   -6   0.876534    -0.263364     0.000000     0.263364   -1.#IND0   -1.#IND0    4
   5   17   -5   0.876489     0.344139    -0.000000     0.344139   -1.#IND0   -1.#IND0    4
   2   15  -12   0.876257    -9.647668     0.000000      9.64767   -1.#IND0   -1.#IND0    4
   4   17    3   0.876226     7.903829    -0.000000      7.90383   -1.#IND0   -1.#IND0    4
   9    5   -5   0.876106    -2.334923     0.000000      2.33492   -1.#IND0   -1.#IND0    4
   1   20   -3   0.876044     7.103291     0.000000      7.10329   -1.#IND0   -1.#IND0    4
   6   13    3   0.875960    -9.856169     0.000000      9.85617   -1.#IND0   -1.#IND0    4
   9    5   -7   0.875960     1.985119     0.000000      1.98512   -1.#IND0   -1.#IND0    4
   6   11  -13   0.875855    -6.216158    -0.000000      6.21616   -1.#IND0   -1.#IND0    4
   2   13   11   0.875850     0.362048     0.000000     0.362048   -1.#IND0   -1.#IND0    4
   7   13   -2   0.875758    10.792257    -0.000000      10.7923   -1.#IND0   -1.#IND0    4
   8   10   -3   0.875669     3.434123    -0.000000      3.43412   -1.#IND0   -1.#IND0    4
   1   19    5   0.875612    -2.462534    -0.000000      2.46253   -1.#IND0   -1.#IND0    4
   8    7    1   0.875601    -7.596464     0.000000      7.59646   -1.#IND0   -1.#IND0    4
   0   20    3   0.875541     0.865862    -0.000000     0.865862   -1.#IND0   -1.#IND0    4
   4   13    8   0.875462   -17.932113    -0.000000      17.9321   -1.#IND0   -1.#IND0    4
   4   10   10   0.875452     6.525013    -0.000000      6.52501   -1.#IND0   -1.#IND0    4
   2   16  -11   0.875314     5.118796    -0.000000       5.1188   -1.#IND0   -1.#IND0    4
   6   13  -11   0.875277     3.404970    -0.000000      3.40497   -1.#IND0   -1.#IND0    4
   3    9   12   0.875133    12.542556     0.000000      12.5426   -1.#IND0   -1.#IND0    4
   7   10  -12   0.875114    11.169793    -0.000000      11.1698   -1.#IND0   -1.#IND0    4
   3   11   11   0.875069    -0.380040    -0.000000      0.38004   -1.#IND0   -1.#IND0    4
   9    2   -2   0.875053    10.809910     0.000000      10.8099   -1.#IND0   -1.#IND0    4
   8    9   -1   0.875021    -2.502349     0.000000      2.50235   -1.#IND0   -1.#IND0    4
   0    9   15   0.874801    -8.673328     0.000000      8.67333   -1.#IND0   -1.#IND0    4
   0   19    6   0.874523     7.969203     0.000000       7.9692   -1.#IND0   -1.#IND0    4
   6    8    7   0.874498    -3.443444    -0.000000      3.44344   -1.#IND0   -1.#IND0    4
   9    2  -10   0.874469    14.427608     0.000000      14.4276   -1.#IND0   -1.#IND0    4
   3    9  -16   0.874452    -2.497825    -0.000000      2.49783   -1.#IND0   -1.#IND0    4
   3   11  -15   0.874437    -4.986639     0.000000      4.98664   -1.#IND0   -1.#IND0    4
   7   11  -11   0.874355   -11.508619     0.000000      11.5086   -1.#IND0   -1.#IND0    4
   2    1   15   0.874100   -13.677515     0.000000      13.6775   -1.#IND0   -1.#IND0    4
   0    6   16   0.873870    -7.304626     0.000000      7.30463   -1.#IND0   -1.#IND0    4
   1   20    2   0.873479     6.702206    -0.000000      6.70221   -1.#IND0   -1.#IND0    4
   6    8  -15   0.873431     5.521344     0.000000      5.52134   -1.#IND0   -1.#IND0    4
   9    4   -3   0.873252    -0.119437    -0.000000     0.119437   -1.#IND0   -1.#IND0    4
   1   18    7   0.873024    -5.773576     0.000000      5.77358   -1.#IND0   -1.#IND0    4
   3   15    8   0.873022     1.138231    -0.000000      1.13823   -1.#IND0   -1.#IND0    4
   1    4  -17   0.872979    11.827102    -0.000000      11.8271   -1.#IND0   -1.#IND0    4
   1    0   16   0.872950     1.261591    -0.000000      1.26159   -1.#IND0   -1.#IND0    2
   2    7   14   0.872895    -3.409468    -0.000000      3.40947   -1.#IND0   -1.#IND0    4
   9    4   -9   0.872817     0.690435     0.000000     0.690435   -1.#IND0   -1.#IND0    4
   8   10   -8   0.872744    21.145427    -0.000000      21.1454   -1.#IND0   -1.#IND0    4
   3   15  -12   0.872539    -5.177804     0.000000       5.1778   -1.#IND0   -1.#IND0    4
   5   17   -1   0.872485     3.113649     0.000000      3.11365   -1.#IND0   -1.#IND0    4
   4    8   11   0.872350   -10.058243    -0.000000      10.0582   -1.#IND0   -1.#IND0    4
   8    3    3   0.872133    11.043714    -0.000000      11.0437   -1.#IND0   -1.#IND0    4
   2   14  -13   0.871967    10.698527     0.000000      10.6985   -1.#IND0   -1.#IND0    4
   2   11  -15   0.871944    -1.485491    -0.000000      1.48549   -1.#IND0   -1.#IND0    4
   1    1   16   0.871902    -7.610789    -0.000000      7.61079   -1.#IND0   -1.#IND0    4
   5   13    6   0.871852   -11.966162     0.000000      11.9662   -1.#IND0   -1.#IND0    4
   4    6  -17   0.871840    -2.723393     0.000000      2.72339   -1.#IND0   -1.#IND0    4
   4   18   -6   0.871807    11.967307     0.000000      11.9673   -1.#IND0   -1.#IND0    4
   1    8  -16   0.871802    23.042792     0.000000      23.0428   -1.#IND0   -1.#IND0    4
   1    7   15   0.871743     2.765297    -0.000000       2.7653   -1.#IND0   -1.#IND0    4
   8    0  -14   0.871682    -4.071469    -0.000000      4.07147   -1.#IND0   -1.#IND0    2
   5   16    2   0.871515    10.842067    -0.000000      10.8421   -1.#IND0   -1.#IND0    4
   9    5   -4   0.871504     6.985969     0.000000      6.98597   -1.#IND0   -1.#IND0    4
   8    8  -11   0.871502    20.792351     0.000000      20.7924   -1.#IND0   -1.#IND0    4
   3   19    1   0.871479    -1.401225     0.000000      1.40123   -1.#IND0   -1.#IND0    4
   3   19   -5   0.871335    -8.190824     0.000000      8.19082   -1.#IND0   -1.#IND0    4
   7    5  -15   0.871325    -8.626522     0.000000      8.62652   -1.#IND0   -1.#IND0    4
   9    5   -8   0.871215     7.518845     0.000000      7.51884   -1.#IND0   -1.#IND0    4
   7    4    6   0.871083     6.980863    -0.000000      6.98086   -1.#IND0   -1.#IND0    4
   2    2   15   0.870955    -5.161595    -0.000000       5.1616   -1.#IND0   -1.#IND0    4
   5   14    5   0.870922   -31.547193     0.000000      31.5472   -1.#IND0   -1.#IND0    4
   8    5  -13   0.870884    -4.091353    -0.000000      4.09135   -1.#IND0   -1.#IND0    4
   3   14    9   0.870868   -12.004829     0.000000      12.0048   -1.#IND0   -1.#IND0    4
   5    6   10   0.870765    12.048613    -0.000000      12.0486   -1.#IND0   -1.#IND0    4
   7    9  -13   0.870662     0.386093     0.000000     0.386093   -1.#IND0   -1.#IND0    4
   8    1  -14   0.870638     5.398300     0.000000       5.3983   -1.#IND0   -1.#IND0    4
   3   14  -13   0.870340     8.650813    -0.000000      8.65081   -1.#IND0   -1.#IND0    4
   2    6  -17   0.870002   -11.689350     0.000000      11.6893   -1.#IND0   -1.#IND0    4
   3   16    7   0.869991     0.895210    -0.000000      0.89521   -1.#IND0   -1.#IND0    4
   2    9  -16   0.869910   -14.866529    -0.000000      14.8665   -1.#IND0   -1.#IND0    4
   0   18    8   0.869872    -3.131513     0.000000      3.13151   -1.#IND0   -1.#IND0    4
   9    3   -2   0.869814    -6.160532    -0.000000      6.16053   -1.#IND0   -1.#IND0    4
   8    9  -10   0.869789     4.390521     0.000000      4.39052   -1.#IND0   -1.#IND0    4
   5   17   -6   0.869712     9.988308    -0.000000      9.98831   -1.#IND0   -1.#IND0    4
   1   16  -11   0.869701    10.525466    -0.000000      10.5255   -1.#IND0   -1.#IND0    4
   3   16  -11   0.869561     3.448380    -0.000000      3.44838   -1.#IND0   -1.#IND0    4
   4   16    5   0.869502    12.169308     0.000000      12.1693   -1.#IND0   -1.#IND0    4
   0   13   13   0.869447     2.975476     0.000000      2.97548   -1.#IND0   -1.#IND0    4
   2   20   -1   0.869338    -2.831080    -0.000000      2.83108   -1.#IND0   -1.#IND0    4
   4    5   12   0.869323    -9.346644    -0.000000      9.34664   -1.#IND0   -1.#IND0    4
   6   10    6   0.869306     6.056916    -0.000000      6.05692   -1.#IND0   -1.#IND0    4
   9    3  -10   0.869240   -12.847528    -0.000000      12.8475   -1.#IND0   -1.#IND0    4
   7   13   -8   0.869215    -5.284367     0.000000      5.28437   -1.#IND0   -1.#IND0    4
   2   17  -10   0.869188     7.300859    -0.000000      7.30086   -1.#IND0   -1.#IND0    4
   2   20   -2   0.868811    14.547744    -0.000000      14.5477   -1.#IND0   -1.#IND0    4
   1    2   16   0.868781     9.060652     0.000000      9.06065   -1.#IND0   -1.#IND0    4
   1   15  -12   0.868586    -0.567460    -0.000000      0.56746   -1.#IND0   -1.#IND0    4
   3   18    4   0.868473    20.213578    -0.000000      20.2136   -1.#IND0   -1.#IND0    4
   4   18    1   0.868440    -6.987852    -0.000000      6.98785   -1.#IND0   -1.#IND0    4
   7   12  -10   0.868426    17.659504    -0.000000      17.6595   -1.#IND0   -1.#IND0    4
   7   11    2   0.868388    -0.332634     0.000000     0.332634   -1.#IND0   -1.#IND0    4
   6   10  -14   0.868352     3.504872    -0.000000      3.50487   -1.#IND0   -1.#IND0    4
   6   15    0   0.868324     2.819429    -0.000000      2.81943   -1.#IND0   -1.#IND0    4
   6    6    8   0.868238    17.429141    -0.000000      17.4291   -1.#IND0   -1.#IND0    4
   7   10    3   0.868222    12.884998     0.000000       12.885   -1.#IND0   -1.#IND0    4
   3   18   -8   0.868187    -2.972271     0.000000      2.97227   -1.#IND0   -1.#IND0    4
   8    6    2   0.868106    17.116884    -0.000000      17.1169   -1.#IND0   -1.#IND0    4
   8    7  -12   0.868059    -1.811191    -0.000000      1.81119   -1.#IND0   -1.#IND0    4
   7    7    5   0.868013     1.702975     0.000000      1.70297   -1.#IND0   -1.#IND0    4
   6   15   -8   0.867943    -0.239746     0.000000     0.239746   -1.#IND0   -1.#IND0    4
   6   14    2   0.867797    14.708477    -0.000000      14.7085   -1.#IND0   -1.#IND0    4
   4    9  -16   0.867666    -2.409752    -0.000000      2.40975   -1.#IND0   -1.#IND0    4
   5   12    7   0.867626    15.605828    -0.000000      15.6058   -1.#IND0   -1.#IND0    4
   8    2  -14   0.867531     2.157663     0.000000      2.15766   -1.#IND0   -1.#IND0    4
   5   10  -15   0.867358    -7.514365     0.000000      7.51437   -1.#IND0   -1.#IND0    4
   5    8  -16   0.867302    13.772261     0.000000      13.7723   -1.#IND0   -1.#IND0    4
   5    5  -17   0.867288     1.185827     0.000000      1.18583   -1.#IND0   -1.#IND0    4
   1   20   -4   0.867271    15.613296    -0.000000      15.6133   -1.#IND0   -1.#IND0    4
   6   14  -10   0.867228     3.234282     0.000000      3.23428   -1.#IND0   -1.#IND0    4
   6    6  -16   0.867098    15.498484    -0.000000      15.4985   -1.#IND0   -1.#IND0    4
   4   12    9   0.867087     8.800181     0.000000      8.80018   -1.#IND0   -1.#IND0    4
   3    0   14   0.867040    -9.975082     0.000000      9.97508   -1.#IND0   -1.#IND0    2
   8   10   -2   0.866978     8.493972    -0.000000      8.49397   -1.#IND0   -1.#IND0    4
   2   20    0   0.866808     9.345681    -0.000000      9.34568   -1.#IND0   -1.#IND0    4
   2   19    4   0.866389     0.121376     0.000000     0.121376   -1.#IND0   -1.#IND0    4
   3    0  -18   0.866283    -3.175733    -0.000000      3.17573   -1.#IND0   -1.#IND0    2
   6    1    9   0.866224     0.280752    -0.000000     0.280752   -1.#IND0   -1.#IND0    4
   9    6   -6   0.866104     4.047191     0.000000      4.04719   -1.#IND0   -1.#IND0    4
   7   13   -1   0.866043    -3.691990    -0.000000      3.69199   -1.#IND0   -1.#IND0    4
   3    1   14   0.866013    -0.718387     0.000000     0.718387   -1.#IND0   -1.#IND0    4
   2   18    6   0.865912    20.440916    -0.000000      20.4409   -1.#IND0   -1.#IND0    4
   2    3   15   0.865789   -13.959219     0.000000      13.9592   -1.#IND0   -1.#IND0    4
   1   17  -10   0.865697     5.086279    -0.000000      5.08628   -1.#IND0   -1.#IND0    4
   4   11  -15   0.865631    -4.953680    -0.000000      4.95368   -1.#IND0   -1.#IND0    4
   2   10   13   0.865531     6.483513    -0.000000      6.48351   -1.#IND0   -1.#IND0    4
   5   16   -9   0.865469     1.066612    -0.000000      1.06661   -1.#IND0   -1.#IND0    4
   1   10   14   0.865423    12.087096    -0.000000      12.0871   -1.#IND0   -1.#IND0    4
   3    1  -18   0.865259     2.911007    -0.000000      2.91101   -1.#IND0   -1.#IND0    4
   2   20   -3   0.865243    -1.211380    -0.000000      1.21138   -1.#IND0   -1.#IND0    4
   6    1  -17   0.864999    10.725522     0.000000      10.7255   -1.#IND0   -1.#IND0    4
   8    4    3   0.864896    -0.510832    -0.000000     0.510832   -1.#IND0   -1.#IND0    4
   5   15    4   0.864887     1.272479     0.000000      1.27248   -1.#IND0   -1.#IND0    4
   0   20    4   0.864769     4.957444    -0.000000      4.95744   -1.#IND0   -1.#IND0    4
   5    1   11   0.864671   -15.451112     0.000000      15.4511   -1.#IND0   -1.#IND0    4
   9    6   -5   0.864661    -1.783661    -0.000000      1.78366   -1.#IND0   -1.#IND0    4
   9    6   -7   0.864520   -12.684212    -0.000000      12.6842   -1.#IND0   -1.#IND0    4
   9    1   -1   0.864410   -26.116522     0.000000      26.1165   -1.#IND0   -1.#IND0    4
   7    0  -16   0.863984   -33.327100    -0.000000      33.3271   -1.#IND0   -1.#IND0    2
   9    5   -3   0.863945     5.179874    -0.000000      5.17987   -1.#IND0   -1.#IND0    4
   5   17    0   0.863864    -8.393862    -0.000000      8.39386   -1.#IND0   -1.#IND0    4
   3    7   13   0.863828     5.923783    -0.000000      5.92378   -1.#IND0   -1.#IND0    4
   1   20    3   0.863792     4.527355    -0.000000      4.52736   -1.#IND0   -1.#IND0    4
   9    1  -11   0.863707    25.333244     0.000000      25.3332   -1.#IND0   -1.#IND0    4
   1    5  -17   0.863680    -4.453160     0.000000      4.45316   -1.#IND0   -1.#IND0    4
   4    0  -18   0.863653   -14.633374    -0.000000      14.6334   -1.#IND0   -1.#IND0    2
   1    3   16   0.863652    -3.566330     0.000000      3.56633   -1.#IND0   -1.#IND0    4
   3   13   10   0.863643    -6.049007     0.000000      6.04901   -1.#IND0   -1.#IND0    4
   4   17   -9   0.863545     5.146071    -0.000000      5.14607   -1.#IND0   -1.#IND0    4
   9    5   -9   0.863524    -3.707562     0.000000      3.70756   -1.#IND0   -1.#IND0    4
   5    9    9   0.863511     4.967329    -0.000000      4.96733   -1.#IND0   -1.#IND0    4
   7   12    1   0.863471    -8.378000     0.000000        8.378   -1.#IND0   -1.#IND0    4
   1   12   13   0.863312    -6.787504     0.000000       6.7875   -1.#IND0   -1.#IND0    4
   1   19   -7   0.863237    -1.350521     0.000000      1.35052   -1.#IND0   -1.#IND0    4
   6    2    9   0.863164    -4.926406    -0.000000      4.92641   -1.#IND0   -1.#IND0    4
   3    7  -17   0.863126     0.190359    -0.000000     0.190359   -1.#IND0   -1.#IND0    4
   3   13  -14   0.863082    -0.726279     0.000000     0.726279   -1.#IND0   -1.#IND0    4
   8   10   -9   0.863011    -9.969468     0.000000      9.96947   -1.#IND0   -1.#IND0    4
   7    9    4   0.862981     7.790194     0.000000      7.79019   -1.#IND0   -1.#IND0    4
   7    1  -16   0.862968     8.271001    -0.000000        8.271   -1.#IND0   -1.#IND0    4
   3    2   14   0.862955     0.393527     0.000000     0.393527   -1.#IND0   -1.#IND0    4
   2   13  -14   0.862669     8.817609     0.000000      8.81761   -1.#IND0   -1.#IND0    4
   4    1  -18   0.862638    -0.609545     0.000000     0.609545   -1.#IND0   -1.#IND0    4
   9    4   -2   0.862634    14.139645    -0.000000      14.1396   -1.#IND0   -1.#IND0    4
   8    3  -14   0.862424    10.405025     0.000000       10.405   -1.#IND0   -1.#IND0    4
   2   12   12   0.862410    18.455993    -0.000000       18.456   -1.#IND0   -1.#IND0    4
   1   14  -13   0.862410    -1.697785    -0.000000      1.69778   -1.#IND0   -1.#IND0    4
   3    2  -18   0.862208    17.156936     0.000000      17.1569   -1.#IND0   -1.#IND0    4
   9    4  -10   0.862075    14.085844     0.000000      14.0858   -1.#IND0   -1.#IND0    4
   8   11   -5   0.861979     2.864374    -0.000000      2.86437   -1.#IND0   -1.#IND0    4
   6    2  -17   0.861951     9.901152     0.000000      9.90115   -1.#IND0   -1.#IND0    4
   3   17    6   0.861935     1.370034    -0.000000      1.37003   -1.#IND0   -1.#IND0    4
   7    5    6   0.861844    -2.486440    -0.000000      2.48644   -1.#IND0   -1.#IND0    4
   5   14  -12   0.861649    -1.058496    -0.000000       1.0585   -1.#IND0   -1.#IND0    4
   5    2   11   0.861626    -8.691754    -0.000000      8.69175   -1.#IND0   -1.#IND0    4
   3   17  -10   0.861563    -0.480924    -0.000000     0.480924   -1.#IND0   -1.#IND0    4
   5   13  -13   0.861474     4.519115     0.000000      4.51911   -1.#IND0   -1.#IND0    4
   8   11   -6   0.861419    -0.546000     0.000000        0.546   -1.#IND0   -1.#IND0    4
   9    2   -1   0.861369    -1.834101     0.000000       1.8341   -1.#IND0   -1.#IND0    4
   2   20    1   0.861299     5.972988     0.000000      5.97299   -1.#IND0   -1.#IND0    4
   7    8  -14   0.861233     9.941318     0.000000      9.94132   -1.#IND0   -1.#IND0    4
   3   19    2   0.860878     0.228922    -0.000000     0.228922   -1.#IND0   -1.#IND0    4
   2   19   -7   0.860703     5.458455     0.000000      5.45846   -1.#IND0   -1.#IND0    4
   3   19   -6   0.860693    -3.936147    -0.000000      3.93615   -1.#IND0   -1.#IND0    4
   6   16   -4   0.860674     8.667751    -0.000000      8.66775   -1.#IND0   -1.#IND0    4
   9    2  -11   0.860673     1.194830     0.000000      1.19483   -1.#IND0   -1.#IND0    4
   0    7   16   0.860493     1.406382     0.000000      1.40638   -1.#IND0   -1.#IND0    4
   8    9    0   0.860337    -8.314738     0.000000      8.31474   -1.#IND0   -1.#IND0    4
   9    6   -4   0.860236    12.638617    -0.000000      12.6386   -1.#IND0   -1.#IND0    4
   4   18   -7   0.860147    -7.980600     0.000000       7.9806   -1.#IND0   -1.#IND0    4
   8    8    1   0.860130     2.754347    -0.000000      2.75435   -1.#IND0   -1.#IND0    4
   5   17   -7   0.860102     9.228894    -0.000000      9.22889   -1.#IND0   -1.#IND0    4
   7    6  -15   0.860064    -0.560118    -0.000000     0.560118   -1.#IND0   -1.#IND0    4
   9    6   -8   0.859958    13.790121     0.000000      13.7901   -1.#IND0   -1.#IND0    4
   7    2  -16   0.859941   -12.334713    -0.000000      12.3347   -1.#IND0   -1.#IND0    4
   0    1   17   0.859647    -3.383865     0.000000      3.38386   -1.#IND0   -1.#IND0    4
   8    6  -13   0.859640   -15.352655    -0.000000      15.3527   -1.#IND0   -1.#IND0    4
   4    2  -18   0.859615    13.875912     0.000000      13.8759   -1.#IND0   -1.#IND0    4
   8   11   -4   0.859558     8.502169    -0.000000      8.50217   -1.#IND0   -1.#IND0    4
   1   16   10   0.859302    14.913725     0.000000      14.9137   -1.#IND0   -1.#IND0    4
   6   16   -3   0.859235     1.521765     0.000000      1.52176   -1.#IND0   -1.#IND0    4
   6   16   -5   0.859143     1.332495    -0.000000      1.33249   -1.#IND0   -1.#IND0    4
   2   20   -4   0.858745     0.465567    -0.000000     0.465567   -1.#IND0   -1.#IND0    4
   2    4   15   0.858707     2.179042    -0.000000      2.17904   -1.#IND0   -1.#IND0    4
   4    7  -17   0.858554     2.288274     0.000000      2.28827   -1.#IND0   -1.#IND0    4
   7   14   -5   0.858476     8.107651    -0.000000      8.10765   -1.#IND0   -1.#IND0    4
   5   11    8   0.858466    10.407668    -0.000000      10.4077   -1.#IND0   -1.#IND0    4
   1   11  -15   0.858436     2.515017     0.000000      2.51502   -1.#IND0   -1.#IND0    4
   2   18   -9   0.858198    -8.626552     0.000000      8.62655   -1.#IND0   -1.#IND0    4
   4    6   12   0.858138    13.481797    -0.000000      13.4818   -1.#IND0   -1.#IND0    4
   6    3    9   0.858134     2.968201     0.000000       2.9682   -1.#IND0   -1.#IND0    4
   7   14   -4   0.858037    10.493834    -0.000000      10.4938   -1.#IND0   -1.#IND0    4
   3    3   14   0.857928     2.983136    -0.000000      2.98314   -1.#IND0   -1.#IND0    4
   2    0  -18   0.857921    14.762833     0.000000      14.7628   -1.#IND0   -1.#IND0    2
   8   11   -7   0.857895    -3.461889     0.000000      3.46189   -1.#IND0   -1.#IND0    4
   4   15  -12   0.857854   -11.610770     0.000000      11.6108   -1.#IND0   -1.#IND0    4
   4   14  -13   0.857715    -1.620607     0.000000      1.62061   -1.#IND0   -1.#IND0    4
   7   13   -9   0.857635    -7.345142    -0.000000      7.34514   -1.#IND0   -1.#IND0    4
   2    8   14   0.857565     9.609707    -0.000000      9.60971   -1.#IND0   -1.#IND0    4
   5    7   10   0.857528    -6.147184    -0.000000      6.14718   -1.#IND0   -1.#IND0    4
   4   17    4   0.857497     9.107905     0.000000      9.10791   -1.#IND0   -1.#IND0    4
   1   15   11   0.857259    -0.715930     0.000000      0.71593   -1.#IND0   -1.#IND0    4
   3    3  -18   0.857195     2.446183    -0.000000      2.44618   -1.#IND0   -1.#IND0    4
   6    9    7   0.857091     8.630657    -0.000000      8.63066   -1.#IND0   -1.#IND0    4
   6    3  -17   0.856942     8.411746     0.000000      8.41175   -1.#IND0   -1.#IND0    4
   2    1  -18   0.856927     0.458974    -0.000000     0.458974   -1.#IND0   -1.#IND0    4
   1   19    6   0.856898    -2.300646    -0.000000      2.30065   -1.#IND0   -1.#IND0    4
   5   15  -11   0.856857    14.615440    -0.000000      14.6154   -1.#IND0   -1.#IND0    4
   2    7  -17   0.856799    13.895978     0.000000       13.896   -1.#IND0   -1.#IND0    4
   1   18   -9   0.856782    -5.804053     0.000000      5.80405   -1.#IND0   -1.#IND0    4
   0    2   17   0.856655     2.776387    -0.000000      2.77639   -1.#IND0   -1.#IND0    4
   5    3   11   0.856623    -8.948336     0.000000      8.94834   -1.#IND0   -1.#IND0    4
   1    4   16   0.856623    14.709040    -0.000000       14.709   -1.#IND0   -1.#IND0    4
   1    8   15   0.856473     2.631311    -0.000000      2.63131   -1.#IND0   -1.#IND0    4
   1   17    9   0.856401     4.146851     0.000000      4.14685   -1.#IND0   -1.#IND0    4
   9    3   -1   0.856370   -19.278354     0.000000      19.2784   -1.#IND0   -1.#IND0    4
   5   12  -14   0.856341    16.756969     0.000000       16.757   -1.#IND0   -1.#IND0    4
   5    6  -17   0.856181    -2.919988     0.000000      2.91999   -1.#IND0   -1.#IND0    4
   6    9  -15   0.856085    -4.475445    -0.000000      4.47544   -1.#IND0   -1.#IND0    4
   4   18    2   0.855996     7.249626    -0.000000      7.24963   -1.#IND0   -1.#IND0    4
   7   14   -6   0.855970    13.930383    -0.000000      13.9304   -1.#IND0   -1.#IND0    4
   8    5    3   0.855851     7.130809    -0.000000      7.13081   -1.#IND0   -1.#IND0    4
   1   20   -5   0.855813     6.735745    -0.000000      6.73575   -1.#IND0   -1.#IND0    4
   3   10   12   0.855704    12.654885    -0.000000      12.6549   -1.#IND0   -1.#IND0    4
   9    3  -11   0.855686    17.831461     0.000000      17.8315   -1.#IND0   -1.#IND0    4
   8   10   -1   0.855599    -3.329352    -0.000000      3.32935   -1.#IND0   -1.#IND0    4
   2   16    9   0.855451     3.450428     0.000000      3.45043   -1.#IND0   -1.#IND0    4
   8    4  -14   0.855425    14.777847     0.000000      14.7778   -1.#IND0   -1.#IND0    4
   0   10   15   0.855394   -12.107256    -0.000000      12.1073   -1.#IND0   -1.#IND0    4
   6    7    8   0.855114    -3.359474     0.000000      3.35947   -1.#IND0   -1.#IND0    4
   4    9   11   0.855068     4.042450    -0.000000      4.04245   -1.#IND0   -1.#IND0    4
   3   10  -16   0.855067     7.637387     0.000000      7.63739   -1.#IND0   -1.#IND0    4
   8    7    2   0.854988     5.521988    -0.000000      5.52199   -1.#IND0   -1.#IND0    4
   7    3  -16   0.854967    11.826613     0.000000      11.8266   -1.#IND0   -1.#IND0    4
   6   15    1   0.854925     2.499033    -0.000000      2.49903   -1.#IND0   -1.#IND0    4
   0   19    7   0.854896     0.685873     0.000000     0.685873   -1.#IND0   -1.#IND0    4
   6   16   -2   0.854870    -3.934517     0.000000      3.93452   -1.#IND0   -1.#IND0    4
   8    0    4   0.854778    23.848101    -0.000000      23.8481   -1.#IND0   -1.#IND0    2
   6   16   -6   0.854688     8.980704    -0.000000       8.9807   -1.#IND0   -1.#IND0    4
   7   14   -3   0.854668    -2.920256    -0.000000      2.92026   -1.#IND0   -1.#IND0    4
   4    3  -18   0.854646     0.676907    -0.000000     0.676907   -1.#IND0   -1.#IND0    4
   1    9  -16   0.854552     9.120652     0.000000      9.12065   -1.#IND0   -1.#IND0    4
   6   15   -9   0.854471    10.510022     0.000000        10.51   -1.#IND0   -1.#IND0    4
   2   15   10   0.854412    -3.444640    -0.000000      3.44464   -1.#IND0   -1.#IND0    4
   0   12   14   0.854331    15.321809     0.000000      15.3218   -1.#IND0   -1.#IND0    4
   8    9  -11   0.854269     0.792392     0.000000     0.792392   -1.#IND0   -1.#IND0    4
   8   11   -3   0.854230     3.582750    -0.000000      3.58275   -1.#IND0   -1.#IND0    4
   5   16    3   0.854057    18.200750    -0.000000      18.2008   -1.#IND0   -1.#IND0    4
   4   11   10   0.854029    18.473285     0.000000      18.4733   -1.#IND0   -1.#IND0    4
   6    7  -16   0.854025   -14.538545    -0.000000      14.5385   -1.#IND0   -1.#IND0    4
   2    2  -18   0.853963    30.497795     0.000000      30.4978   -1.#IND0   -1.#IND0    4
   8    1    4   0.853794    -1.079611    -0.000000      1.07961   -1.#IND0   -1.#IND0    4
   7   13    0   0.853723     0.225518    -0.000000     0.225518   -1.#IND0   -1.#IND0    4
   7   11  -12   0.853716    -6.824305    -0.000000      6.82431   -1.#IND0   -1.#IND0    4
   9    5   -2   0.853659    -5.568277    -0.000000      5.56828   -1.#IND0   -1.#IND0    4
   6   13    4   0.853366     1.401798    -0.000000       1.4018   -1.#IND0   -1.#IND0    4
   0   16   11   0.853356     4.921831    -0.000000      4.92183   -1.#IND0   -1.#IND0    4
   6   12    5   0.853253    16.289675     0.000000      16.2897   -1.#IND0   -1.#IND0    4
   9    5  -10   0.853117    -3.280318    -0.000000      3.28032   -1.#IND0   -1.#IND0    4
   4   16  -11   0.853091     5.637356    -0.000000      5.63736   -1.#IND0   -1.#IND0    4
   9    7   -6   0.853076    -2.666332     0.000000      2.66633   -1.#IND0   -1.#IND0    4
   2   20    2   0.852979    13.765312    -0.000000      13.7653   -1.#IND0   -1.#IND0    4
   8    8  -12   0.852978     3.386429     0.000000      3.38643   -1.#IND0   -1.#IND0    4
   9    6   -3   0.852964     2.155973    -0.000000      2.15597   -1.#IND0   -1.#IND0    4
   7    8    5   0.852934    -5.747400     0.000000       5.7474   -1.#IND0   -1.#IND0    4
   7    1    7   0.852892     5.551529    -0.000000      5.55153   -1.#IND0   -1.#IND0    4
   1    6  -17   0.852709    13.156215     0.000000      13.1562   -1.#IND0   -1.#IND0    4
   4   13  -14   0.852682    -0.911080     0.000000      0.91108   -1.#IND0   -1.#IND0    4
   6   13  -12   0.852644    18.444001    -0.000000       18.444   -1.#IND0   -1.#IND0    4
   5   17    1   0.852584     5.892844    -0.000000      5.89284   -1.#IND0   -1.#IND0    4
   9    6   -9   0.852559     0.608639     0.000000     0.608639   -1.#IND0   -1.#IND0    4
   6   12  -13   0.852441     1.712082     0.000000      1.71208   -1.#IND0   -1.#IND0    4
   0    3   17   0.851737   -13.503906     0.000000      13.5039   -1.#IND0   -1.#IND0    4
   3   12   11   0.851717    14.430014    -0.000000        14.43   -1.#IND0   -1.#IND0    4
   9    7   -5   0.851697    -5.678178    -0.000000      5.67818   -1.#IND0   -1.#IND0    4
   2   17    8   0.851617     2.988450     0.000000      2.98845   -1.#IND0   -1.#IND0    4
   9    7   -7   0.851562    -1.008087     0.000000      1.00809   -1.#IND0   -1.#IND0    4
   7   10  -13   0.851523     3.804725     0.000000      3.80473   -1.#IND0   -1.#IND0    4
   1   20    4   0.851521    12.388913    -0.000000      12.3889   -1.#IND0   -1.#IND0    4
   8   11   -8   0.851515     5.321198    -0.000000       5.3212   -1.#IND0   -1.#IND0    4
   1   13  -14   0.851490   -15.333913    -0.000000      15.3339   -1.#IND0   -1.#IND0    4
   0   20    5   0.851487     1.011041     0.000000      1.01104   -1.#IND0   -1.#IND0    4
   0   17   10   0.851481    -6.582712     0.000000      6.58271   -1.#IND0   -1.#IND0    4
   6    4    9   0.851237     1.701527     0.000000      1.70153   -1.#IND0   -1.#IND0    4
   3   12  -15   0.851134    -0.877017     0.000000     0.877017   -1.#IND0   -1.#IND0    4
   7   12  -11   0.851059   -16.093896     0.000000      16.0939   -1.#IND0   -1.#IND0    4
   3    4   14   0.851037     8.321134    -0.000000      8.32113   -1.#IND0   -1.#IND0    4
   4   19   -3   0.851007    -3.657227    -0.000000      3.65723   -1.#IND0   -1.#IND0    4
   7    6    6   0.850942    18.218450    -0.000000      18.2185   -1.#IND0   -1.#IND0    4
   8    2    4   0.850863    16.373029    -0.000000       16.373   -1.#IND0   -1.#IND0    4
   2   10  -16   0.850819    11.174572    -0.000000      11.1746   -1.#IND0   -1.#IND0    4
   8   10  -10   0.850706    13.122234     0.000000      13.1222   -1.#IND0   -1.#IND0    4
   7   14   -7   0.850597     0.430393    -0.000000     0.430393   -1.#IND0   -1.#IND0    4
   4   19   -2   0.850557     3.004373    -0.000000      3.00437   -1.#IND0   -1.#IND0    4
   0   15   12   0.850388    21.544496    -0.000000      21.5445   -1.#IND0   -1.#IND0    4
   1   14   12   0.850376     3.935302    -0.000000       3.9353   -1.#IND0   -1.#IND0    4
   5    0  -18   0.850324     2.075311     0.000000      2.07531   -1.#IND0   -1.#IND0    2
   3    4  -18   0.850321     6.796754     0.000000      6.79675   -1.#IND0   -1.#IND0    4
   5    9  -16   0.850313    -2.346541    -0.000000      2.34654   -1.#IND0   -1.#IND0    4
   6    4  -17   0.850074    13.180026    -0.000000        13.18   -1.#IND0   -1.#IND0    4
   7    2    7   0.849970     1.905557    -0.000000      1.90556   -1.#IND0   -1.#IND0    4
   2    5   15   0.849853     1.433720     0.000000      1.43372   -1.#IND0   -1.#IND0    4
   5    4   11   0.849763     4.737333    -0.000000      4.73733   -1.#IND0   -1.#IND0    4
   9    4   -1   0.849515   -11.202037     0.000000       11.202   -1.#IND0   -1.#IND0    4
   2   20   -5   0.849513    13.652665    -0.000000      13.6527   -1.#IND0   -1.#IND0    4
   5    1  -18   0.849355     3.929057    -0.000000      3.92906   -1.#IND0   -1.#IND0    4
   9    0    0   0.849310    -5.202911     0.000000      5.20291   -1.#IND0   -1.#IND0    2
   3   18    5   0.849263    -1.828862    -0.000000      1.82886   -1.#IND0   -1.#IND0    4
   4   15    7   0.849228    -0.049947     0.000000     0.049947   -1.#IND0   -1.#IND0    4
   2   19    5   0.849208    -6.443213     0.000000      6.44321   -1.#IND0   -1.#IND0    4
   2    3  -18   0.849091     5.554133     0.000000      5.55413   -1.#IND0   -1.#IND0    4
   3    8   13   0.848962    -3.255825     0.000000      3.25583   -1.#IND0   -1.#IND0    4
   3   18   -9   0.848952    -7.937083     0.000000      7.93708   -1.#IND0   -1.#IND0    4
   9    4  -11   0.848848    -4.378793     0.000000      4.37879   -1.#IND0   -1.#IND0    4
   2   12  -15   0.848834    -8.795765     0.000000      8.79576   -1.#IND0   -1.#IND0    4
   4   10  -16   0.848719    12.574744     0.000000      12.5747   -1.#IND0   -1.#IND0    4
   1   18    8   0.848703     7.975904     0.000000       7.9759   -1.#IND0   -1.#IND0    4
   6   14    3   0.848654   -18.777750    -0.000000      18.7777   -1.#IND0   -1.#IND0    4
   4   19   -4   0.848588     0.973116     0.000000     0.973116   -1.#IND0   -1.#IND0    4
   2   14   11   0.848554   -17.373865    -0.000000      17.3739   -1.#IND0   -1.#IND0    4
   9    0  -12   0.848510    17.000554     0.000000      17.0006   -1.#IND0   -1.#IND0    2
   7   14   -2   0.848470    18.675092    -0.000000      18.6751   -1.#IND0   -1.#IND0    4
   4    1   13   0.848466    -8.292169     0.000000      8.29217   -1.#IND0   -1.#IND0    4
   9    1    0   0.848345     2.494497     0.000000       2.4945   -1.#IND0   -1.#IND0    4
   6   11    6   0.848320     0.064338     0.000000    0.0643377   -1.#IND0   -1.#IND0    4
   3    8  -17   0.848296     9.331049     0.000000      9.33105   -1.#IND0   -1.#IND0    4
   4   14    8   0.848201    10.877146     0.000000      10.8771   -1.#IND0   -1.#IND0    4
   7    4  -16   0.848146    -2.813271     0.000000      2.81327   -1.#IND0   -1.#IND0    4
   6   14  -11   0.848033    12.750982    -0.000000       12.751   -1.#IND0   -1.#IND0    4
   5   17   -8   0.847942   -11.845245     0.000000      11.8452   -1.#IND0   -1.#IND0    4
   4    4  -18   0.847833    -0.210433     0.000000     0.210433   -1.#IND0   -1.#IND0    4
   1    5   16   0.847832    -7.626542     0.000000      7.62654   -1.#IND0   -1.#IND0    4
   3   19    3   0.847794    -9.048204     0.000000       9.0482   -1.#IND0   -1.#IND0    4
   6   16   -1   0.847710     1.716003    -0.000000        1.716   -1.#IND0   -1.#IND0    4
   3   19   -7   0.847573     0.833108    -0.000000     0.833108   -1.#IND0   -1.#IND0    4
   9    1  -12   0.847548     0.690771     0.000000     0.690771   -1.#IND0   -1.#IND0    4
   9    7   -4   0.847467     5.024401    -0.000000       5.0244   -1.#IND0   -1.#IND0    4
   6   16   -7   0.847444     9.450163    -0.000000      9.45016   -1.#IND0   -1.#IND0    4
   6   11  -14   0.847434     0.187257    -0.000000     0.187257   -1.#IND0   -1.#IND0    4
   5   16  -10   0.847341    14.690485    -0.000000      14.6905   -1.#IND0   -1.#IND0    4
   7   11    3   0.847313     5.895163    -0.000000      5.89516   -1.#IND0   -1.#IND0    4
   7    7  -15   0.847302    -5.474916    -0.000000      5.47492   -1.#IND0   -1.#IND0    4
   4   19   -1   0.847253    -7.522698     0.000000       7.5227   -1.#IND0   -1.#IND0    4
   9    7   -8   0.847201     3.193595     0.000000      3.19359   -1.#IND0   -1.#IND0    4
   8    7  -13   0.846897    -5.923784    -0.000000      5.92378   -1.#IND0   -1.#IND0    4
   8    5  -14   0.846671     6.215306     0.000000      6.21531   -1.#IND0   -1.#IND0    4
   5   11  -15   0.846510     1.659555     0.000000      1.65955   -1.#IND0   -1.#IND0    4
   5    2  -18   0.846469    23.824795     0.000000      23.8248   -1.#IND0   -1.#IND0    4
   0   21    1   0.846200    -9.109017     0.000000      9.10902   -1.#IND0   -1.#IND0    4
   8   11   -2   0.846156     2.537905    -0.000000       2.5379   -1.#IND0   -1.#IND0    4
   4   18   -8   0.846100    -3.641249     0.000000      3.64125   -1.#IND0   -1.#IND0    4
   8    3    4   0.846043    -0.649803    -0.000000     0.649803   -1.#IND0   -1.#IND0    4
   0    8   16   0.845796    -2.707452     0.000000      2.70745   -1.#IND0   -1.#IND0    4
   3   20   -2   0.845770     9.047615    -0.000000      9.04762   -1.#IND0   -1.#IND0    4
   4    2   13   0.845589     0.805333    -0.000000     0.805333   -1.#IND0   -1.#IND0    4
   7   12    2   0.845553    14.237295    -0.000000      14.2373   -1.#IND0   -1.#IND0    4
   4   16    6   0.845488     2.836102    -0.000000       2.8361   -1.#IND0   -1.#IND0    4
   9    2    0   0.845470    -5.988588    -0.000000      5.98859   -1.#IND0   -1.#IND0    4
   4    7   12   0.845461    -8.003640     0.000000      8.00364   -1.#IND0   -1.#IND0    4
   5   18   -3   0.845318    -4.292240    -0.000000      4.29224   -1.#IND0   -1.#IND0    4
   8    6    3   0.845172    -5.168668    -0.000000      5.16867   -1.#IND0   -1.#IND0    4
   7    3    7   0.845166     4.490958    -0.000000      4.49096   -1.#IND0   -1.#IND0    4
   2   16  -12   0.845088    17.322809    -0.000000      17.3228   -1.#IND0   -1.#IND0    4
   0    4   17   0.844992    11.359991     0.000000        11.36   -1.#IND0   -1.#IND0    4
   5   14    6   0.844916    19.555146    -0.000000      19.5551   -1.#IND0   -1.#IND0    4
   0   18    9   0.844858     1.823762     0.000000      1.82376   -1.#IND0   -1.#IND0    4
   5   10    9   0.844830    -0.248412    -0.000000     0.248412   -1.#IND0   -1.#IND0    4
   5   18   -4   0.844812    12.173366    -0.000000      12.1734   -1.#IND0   -1.#IND0    4
   2   11   13   0.844811    -9.150392     0.000000      9.15039   -1.#IND0   -1.#IND0    4
   1   11   14   0.844711     3.062918     0.000000      3.06292   -1.#IND0   -1.#IND0    4
   9    2  -12   0.844680    17.121247     0.000000      17.1212   -1.#IND0   -1.#IND0    4
   7    9  -14   0.844591     0.391851     0.000000     0.391851   -1.#IND0   -1.#IND0    4
   3   20   -1   0.844382     2.637906    -0.000000      2.63791   -1.#IND0   -1.#IND0    4
   3   20   -3   0.844338     1.462654     0.000000      1.46265   -1.#IND0   -1.#IND0    4
   7   10    4   0.844333    12.018780    -0.000000      12.0188   -1.#IND0   -1.#IND0    4
   4    8  -17   0.843955    14.431278     0.000000      14.4313   -1.#IND0   -1.#IND0    4
   7   13  -10   0.843686    12.464095    -0.000000      12.4641   -1.#IND0   -1.#IND0    4
   4   17  -10   0.843666     4.057220    -0.000000      4.05722   -1.#IND0   -1.#IND0    4
   8    1  -15   0.843626     3.217825     0.000000      3.21782   -1.#IND0   -1.#IND0    4
   5    7  -17   0.843588     6.318557     0.000000      6.31856   -1.#IND0   -1.#IND0    4
   8    9    1   0.843551    -1.909384     0.000000      1.90938   -1.#IND0   -1.#IND0    4
   1   19   -8   0.843401     0.952543    -0.000000     0.952543   -1.#IND0   -1.#IND0    4
   4   19   -5   0.843373     0.070955     0.000000    0.0709554   -1.#IND0   -1.#IND0    4
   2   15  -13   0.843123    -3.830232     0.000000      3.83023   -1.#IND0   -1.#IND0    4
   2   18    7   0.843104     7.550685     0.000000      7.55069   -1.#IND0   -1.#IND0    4
   9    6   -2   0.843061    26.383832    -0.000000      26.3838   -1.#IND0   -1.#IND0    4
   5   18   -2   0.843013    19.701748    -0.000000      19.7017   -1.#IND0   -1.#IND0    4
   4   12  -15   0.843007    -0.370929     0.000000     0.370929   -1.#IND0   -1.#IND0    4
   5    8   10   0.842980    14.026209    -0.000000      14.0262   -1.#IND0   -1.#IND0    4
   5   13    7   0.842953   -10.463262     0.000000      10.4633   -1.#IND0   -1.#IND0    4
   1   21   -1   0.842914    -9.476191     0.000000      9.47619   -1.#IND0   -1.#IND0    4
   2   19   -8   0.842888    -8.667519     0.000000      8.66752   -1.#IND0   -1.#IND0    4
   0   14   13   0.842727    -4.666786     0.000000      4.66679   -1.#IND0   -1.#IND0    4
   6    5    9   0.842610     0.947463     0.000000     0.947463   -1.#IND0   -1.#IND0    4
   9    6  -10   0.842539     9.965773    -0.000000      9.96577   -1.#IND0   -1.#IND0    4
   7   14   -8   0.842516     3.243393    -0.000000      3.24339   -1.#IND0   -1.#IND0    4
   8   11   -9   0.842468     0.191284     0.000000     0.191284   -1.#IND0   -1.#IND0    4
   4   13    9   0.842458    -3.074334     0.000000      3.07433   -1.#IND0   -1.#IND0    4
   1   21    0   0.842455    -5.456094    -0.000000      5.45609   -1.#IND0   -1.#IND0    4
   3    5   14   0.842415    -7.645328    -0.000000      7.64533   -1.#IND0   -1.#IND0    4
   2    4  -18   0.842409    22.592027     0.000000       22.592   -1.#IND0   -1.#IND0    4
   2   17  -11   0.842349    12.083242    -0.000000      12.0832   -1.#IND0   -1.#IND0    4
   2    8  -17   0.842287     6.713939     0.000000      6.71394   -1.#IND0   -1.#IND0    4
   3   16    8   0.842185     8.009658    -0.000000      8.00966   -1.#IND0   -1.#IND0    4
   5   15    5   0.842179     3.199475     0.000000      3.19948   -1.#IND0   -1.#IND0    4
   3   15    9   0.842129    -4.314324     0.000000      4.31432   -1.#IND0   -1.#IND0    4
   2   20    3   0.842093    -2.372185    -0.000000      2.37219   -1.#IND0   -1.#IND0    4
   1   20   -6   0.841995    15.543894    -0.000000      15.5439   -1.#IND0   -1.#IND0    4
   0   21    2   0.841986    -3.035634     0.000000      3.03563   -1.#IND0   -1.#IND0    4
   8   10    0   0.841857     7.499963    -0.000000      7.49996   -1.#IND0   -1.#IND0    4
   3   16  -12   0.841751    17.274638    -0.000000      17.2746   -1.#IND0   -1.#IND0    4
   5    3  -18   0.841724     0.795780     0.000000      0.79578   -1.#IND0   -1.#IND0    4
   3    5  -18   0.841721    -4.231037    -0.000000      4.23104   -1.#IND0   -1.#IND0    4
   3   15  -13   0.841652     7.368194    -0.000000      7.36819   -1.#IND0   -1.#IND0    4
   5   18   -5   0.841509     3.237095     0.000000       3.2371   -1.#IND0   -1.#IND0    4
   6    5  -17   0.841481    12.172734     0.000000      12.1727   -1.#IND0   -1.#IND0    4
   4   18    3   0.841277    -0.334501     0.000000     0.334501   -1.#IND0   -1.#IND0    4
   4   19    0   0.841192    -5.088179     0.000000      5.08818   -1.#IND0   -1.#IND0    4
   5    5   11   0.841179     2.379415    -0.000000      2.37941   -1.#IND0   -1.#IND0    4
   2    9   14   0.841130    -2.473983    -0.000000      2.47398   -1.#IND0   -1.#IND0    4
   9    5   -1   0.840940   -16.950210     0.000000      16.9502   -1.#IND0   -1.#IND0    4
   4    3   13   0.840858    -5.631971    -0.000000      5.63197   -1.#IND0   -1.#IND0    4
   8    2  -15   0.840797    -5.563126    -0.000000      5.56313   -1.#IND0   -1.#IND0    4
   9    3    0   0.840741     3.327159     0.000000      3.32716   -1.#IND0   -1.#IND0    4
   6    8    8   0.840687    17.155762    -0.000000      17.1558   -1.#IND0   -1.#IND0    4
   1   21   -2   0.840585     0.609527     0.000000     0.609527   -1.#IND0   -1.#IND0    4
   8    8    2   0.840567    12.042055    -0.000000      12.0421   -1.#IND0   -1.#IND0    4
   9    7   -3   0.840511     8.480801    -0.000000       8.4808   -1.#IND0   -1.#IND0    4
   9    5  -11   0.840292    19.592983     0.000000       19.593   -1.#IND0   -1.#IND0    4
   1    7  -17   0.840267   -11.741960     0.000000       11.742   -1.#IND0   -1.#IND0    4
   3   20    0   0.840216    13.491592    -0.000000      13.4916   -1.#IND0   -1.#IND0    4
   3   20   -4   0.840130    12.262895    -0.000000      12.2629   -1.#IND0   -1.#IND0    4
   9    7   -9   0.840123    -4.256627     0.000000      4.25663   -1.#IND0   -1.#IND0    4
   1    9   15   0.840100     4.478750    -0.000000      4.47875   -1.#IND0   -1.#IND0    4
   9    3  -12   0.839964     9.893646     0.000000      9.89365   -1.#IND0   -1.#IND0    4
   6    8  -16   0.839652    20.686874     0.000000      20.6869   -1.#IND0   -1.#IND0    4
   8   12   -5   0.839633   -11.509659    -0.000000      11.5097   -1.#IND0   -1.#IND0    4
   7   14   -1   0.839626     6.398106     0.000000      6.39811   -1.#IND0   -1.#IND0    4
   7    5  -16   0.839611     9.592109     0.000000      9.59211   -1.#IND0   -1.#IND0    4
   1    0  -18   0.839485   -20.450403    -0.000000      20.4504   -1.#IND0   -1.#IND0    2
   8    4    4   0.839432     7.611925    -0.000000      7.61193   -1.#IND0   -1.#IND0    4
   2    6   15   0.839394     2.441074     0.000000      2.44107   -1.#IND0   -1.#IND0    4
   6   15    2   0.839352    -7.266642    -0.000000      7.26664   -1.#IND0   -1.#IND0    4
   4    5  -18   0.839307     7.236067     0.000000      7.23607   -1.#IND0   -1.#IND0    4
   1   21    1   0.839223    -0.525313     0.000000     0.525313   -1.#IND0   -1.#IND0    4
   7   13    1   0.839140    -6.819047     0.000000      6.81905   -1.#IND0   -1.#IND0    4
   8   12   -6   0.839115    11.728794    -0.000000      11.7288   -1.#IND0   -1.#IND0    4
   1   13   13   0.838995    11.877637    -0.000000      11.8776   -1.#IND0   -1.#IND0    4
   5   17    2   0.838962    15.192281    -0.000000      15.1923   -1.#IND0   -1.#IND0    4
   6   15  -10   0.838837   -22.610677     0.000000      22.6107   -1.#IND0   -1.#IND0    4
   6   10    7   0.838814    -3.042098     0.000000       3.0421   -1.#IND0   -1.#IND0    4
   9    8   -6   0.838749     1.688929    -0.000000      1.68893   -1.#IND0   -1.#IND0    4
   7    7    6   0.838577    -4.356424    -0.000000      4.35642   -1.#IND0   -1.#IND0    4
   7    4    7   0.838575     5.449099    -0.000000       5.4491   -1.#IND0   -1.#IND0    4
   1    1  -18   0.838553    -0.762796     0.000000     0.762796   -1.#IND0   -1.#IND0    4
   1   16  -12   0.838201    16.185775    -0.000000      16.1858   -1.#IND0   -1.#IND0    4
   2   13   12   0.838167     1.510891     0.000000      1.51089   -1.#IND0   -1.#IND0    4
   6   16    0   0.837965     7.367275    -0.000000      7.36728   -1.#IND0   -1.#IND0    4
   5   18   -1   0.837964    -5.455225     0.000000      5.45522   -1.#IND0   -1.#IND0    4
   6   10  -15   0.837872   -10.724709    -0.000000      10.7247   -1.#IND0   -1.#IND0    4
   2   20   -6   0.837812    20.351303    -0.000000      20.3513   -1.#IND0   -1.#IND0    4
   6   16   -8   0.837623    14.091241    -0.000000      14.0912   -1.#IND0   -1.#IND0    4
   3   17    7   0.837602     0.580297    -0.000000     0.580297   -1.#IND0   -1.#IND0    4
   1    6   16   0.837447    16.560341    -0.000000      16.5603   -1.#IND0   -1.#IND0    4
   3   14   10   0.837439    12.236065    -0.000000      12.2361   -1.#IND0   -1.#IND0    4
   9    8   -5   0.837438    14.785327    -0.000000      14.7853   -1.#IND0   -1.#IND0    4
   8   12   -4   0.837395    12.923771    -0.000000      12.9238   -1.#IND0   -1.#IND0    4
   1   17  -11   0.837343    -9.002550     0.000000      9.00255   -1.#IND0   -1.#IND0    4
   9    8   -7   0.837310    -5.013284    -0.000000      5.01328   -1.#IND0   -1.#IND0    4
   3   17  -11   0.837218    -4.805979     0.000000      4.80598   -1.#IND0   -1.#IND0    4
   4   17    5   0.837165     0.424209    -0.000000     0.424209   -1.#IND0   -1.#IND0    4
   1   20    5   0.837006    -1.693778     0.000000      1.69378   -1.#IND0   -1.#IND0    4
   3   14  -14   0.836927    -4.073104     0.000000       4.0731   -1.#IND0   -1.#IND0    4
   4   10   11   0.836918    -1.960450     0.000000      1.96045   -1.#IND0   -1.#IND0    4
   8    9  -12   0.836801     0.896382    -0.000000     0.896382   -1.#IND0   -1.#IND0    4
   7    9    5   0.836760     8.163335    -0.000000      8.16334   -1.#IND0   -1.#IND0    4
   1   19    7   0.836587    -5.217083    -0.000000      5.21708   -1.#IND0   -1.#IND0    4
   0    5   17   0.836552    -4.077762    -0.000000      4.07776   -1.#IND0   -1.#IND0    4
   2   14  -14   0.836551     1.290398     0.000000       1.2904   -1.#IND0   -1.#IND0    4
   1   10  -16   0.836434    13.731791     0.000000      13.7318   -1.#IND0   -1.#IND0    4
   5   12    8   0.836385     6.522137    -0.000000      6.52214   -1.#IND0   -1.#IND0    4
   1   12  -15   0.836357    -1.500351     0.000000      1.50035   -1.#IND0   -1.#IND0    4
   8    6  -14   0.836327    11.834495     0.000000      11.8345   -1.#IND0   -1.#IND0    4
   8   10  -11   0.836169    12.241232     0.000000      12.2412   -1.#IND0   -1.#IND0    4
   8    3  -15   0.836146     1.702036    -0.000000      1.70204   -1.#IND0   -1.#IND0    4
   0   20    6   0.836056    16.076689     0.000000      16.0767   -1.#IND0   -1.#IND0    4
   8   12   -7   0.835857    -5.338552    -0.000000      5.33855   -1.#IND0   -1.#IND0    4
   1    2  -18   0.835775   -11.153312    -0.000000      11.1533   -1.#IND0   -1.#IND0    4
   3   11   12   0.835666     6.620196    -0.000000       6.6202   -1.#IND0   -1.#IND0    4
   8   11   -1   0.835569     6.467918    -0.000000      6.46792   -1.#IND0   -1.#IND0    4
   1   21   -3   0.835537    -1.455287    -0.000000      1.45529   -1.#IND0   -1.#IND0    4
   4   19   -6   0.835516    -9.633742    -0.000000      9.63374   -1.#IND0   -1.#IND0    4
   5   18   -6   0.835506     6.715822    -0.000000      6.71582   -1.#IND0   -1.#IND0    4
   5   14  -13   0.835461     1.009568     0.000000      1.00957   -1.#IND0   -1.#IND0    4
   0   11   15   0.835377    -7.087630    -0.000000      7.08763   -1.#IND0   -1.#IND0    4
   5    4  -18   0.835213     5.330935     0.000000      5.33093   -1.#IND0   -1.#IND0    4
   0   21    3   0.835100     1.752619    -0.000000      1.75262   -1.#IND0   -1.#IND0    4
   3   11  -16   0.835073     8.060535     0.000000      8.06053   -1.#IND0   -1.#IND0    4
   2   18  -10   0.835042     0.394224     0.000000     0.394224   -1.#IND0   -1.#IND0    4
   5   16    4   0.834875    -6.635833     0.000000      6.63583   -1.#IND0   -1.#IND0    4
   1   15  -13   0.834474    10.030798     0.000000      10.0308   -1.#IND0   -1.#IND0    4
   4    4   13   0.834367     8.528430     0.000000      8.52843   -1.#IND0   -1.#IND0    4
   9    4    0   0.834252   -11.873876     0.000000      11.8739   -1.#IND0   -1.#IND0    4
   2    5  -18   0.834044     9.604231    -0.000000      9.60423   -1.#IND0   -1.#IND0    4
   0   19    8   0.833812    -2.212649     0.000000      2.21265   -1.#IND0   -1.#IND0    4
   5   15  -12   0.833785    -7.687595     0.000000       7.6876   -1.#IND0   -1.#IND0    4
   5   17   -9   0.833564    -9.799698     0.000000       9.7997   -1.#IND0   -1.#IND0    4
   9    4  -12   0.833493    24.692095     0.000000      24.6921   -1.#IND0   -1.#IND0    4
   9    8   -4   0.833416    13.688916    -0.000000      13.6889   -1.#IND0   -1.#IND0    4
   3   20    1   0.833395    -0.106880     0.000000      0.10688   -1.#IND0   -1.#IND0    4
   1   21    2   0.833310     1.880182     0.000000      1.88018   -1.#IND0   -1.#IND0    4
   3   20   -5   0.833268    -2.719627    -0.000000      2.71963   -1.#IND0   -1.#IND0    4
   7    8  -15   0.833260    11.958265     0.000000      11.9583   -1.#IND0   -1.#IND0    4
   9    8   -8   0.833164     6.565485     0.000000      6.56548   -1.#IND0   -1.#IND0    4
   8    7    3   0.833052    -0.837732     0.000000     0.837732   -1.#IND0   -1.#IND0    4
   3    9   13   0.833009     9.079001    -0.000000        9.079   -1.#IND0   -1.#IND0    4
   8    8  -13   0.832875    -5.340793    -0.000000      5.34079   -1.#IND0   -1.#IND0    4
   5   13  -14   0.832592    -0.820282     0.000000     0.820282   -1.#IND0   -1.#IND0    4
   3   19    4   0.832580    -1.082204     0.000000       1.0822   -1.#IND0   -1.#IND0    4
   4   19    1   0.832551    -7.551339     0.000000      7.55134   -1.#IND0   -1.#IND0    4
   8   12   -3   0.832467     2.953235    -0.000000      2.95323   -1.#IND0   -1.#IND0    4
   5   10  -16   0.832457     6.032818     0.000000      6.03282   -1.#IND0   -1.#IND0    4
   6    6    9   0.832413     2.033109    -0.000000      2.03311   -1.#IND0   -1.#IND0    4
   3    9  -17   0.832379    -1.906989    -0.000000      1.90699   -1.#IND0   -1.#IND0    4
   3   19   -8   0.832328     6.072823    -0.000000      6.07282   -1.#IND0   -1.#IND0    4
   4   12   10   0.832281    10.170262    -0.000000      10.1703   -1.#IND0   -1.#IND0    4
   3    6   14   0.832225    13.855201    -0.000000      13.8552   -1.#IND0   -1.#IND0    4
   7   12  -12   0.831990     7.456764     0.000000      7.45676   -1.#IND0   -1.#IND0    4
   7   14   -9   0.831958    15.763017    -0.000000       15.763   -1.#IND0   -1.#IND0    4
   1   18  -10   0.831945    -1.761120     0.000000      1.76112   -1.#IND0   -1.#IND0    4
   7   11  -13   0.831770    -2.179180     0.000000      2.17918   -1.#IND0   -1.#IND0    4
   3    6  -18   0.831556    12.616359    -0.000000      12.6164   -1.#IND0   -1.#IND0    4
   4    8   12   0.831508     8.503962     0.000000      8.50396   -1.#IND0   -1.#IND0    4
   6    6  -17   0.831325     3.138879     0.000000      3.13888   -1.#IND0   -1.#IND0    4
   1    3  -18   0.831206     1.094070    -0.000000      1.09407   -1.#IND0   -1.#IND0    4
   8    5    4   0.831155     0.350213    -0.000000     0.350213   -1.#IND0   -1.#IND0    4
   2   11  -16   0.831114    -8.976439    -0.000000      8.97644   -1.#IND0   -1.#IND0    4
   5    6   11   0.831034     4.202359     0.000000      4.20236   -1.#IND0   -1.#IND0    4
   9    7   -2   0.831031   -13.887844     0.000000      13.8878   -1.#IND0   -1.#IND0    4
   8   11  -10   0.831010     2.038429     0.000000      2.03843   -1.#IND0   -1.#IND0    4
   7   15   -5   0.830909    -4.555693     0.000000      4.55569   -1.#IND0   -1.#IND0    4
   9    6   -1   0.830803   -17.295599     0.000000      17.2956   -1.#IND0   -1.#IND0    4
   0   13   14   0.830745   -17.261830     0.000000      17.2618   -1.#IND0   -1.#IND0    4
   9    7  -10   0.830530    -9.780193    -0.000000      9.78019   -1.#IND0   -1.#IND0    4
   7   15   -4   0.830511    -8.224806     0.000000      8.22481   -1.#IND0   -1.#IND0    4
   9    1    1   0.830455    12.399715    -0.000000      12.3997   -1.#IND0   -1.#IND0    4
   7    5    7   0.830323    -0.163402    -0.000000     0.163402   -1.#IND0   -1.#IND0    4
   2   19    6   0.830323     0.352055    -0.000000     0.352055   -1.#IND0   -1.#IND0    4
   5   18    0   0.830318     2.836955     0.000000      2.83695   -1.#IND0   -1.#IND0    4
   4   15  -13   0.830219     4.658980     0.000000      4.65898   -1.#IND0   -1.#IND0    4
   9    6  -11   0.830178   -15.195788     0.000000      15.1958   -1.#IND0   -1.#IND0    4
   4   18   -9   0.830034    -3.800093     0.000000      3.80009   -1.#IND0   -1.#IND0    4
   0    9   16   0.830017     6.798802    -0.000000       6.7988   -1.#IND0   -1.#IND0    4
   8   12   -8   0.829953    20.836843    -0.000000      20.8368   -1.#IND0   -1.#IND0    4
   8    4  -15   0.829762    -1.082870     0.000000      1.08287   -1.#IND0   -1.#IND0    4
   6   13    5   0.829753    -7.417389    -0.000000      7.41739   -1.#IND0   -1.#IND0    4
   5    8  -17   0.829727    12.941548     0.000000      12.9415   -1.#IND0   -1.#IND0    4
   2   21   -1   0.829713     1.364106    -0.000000      1.36411   -1.#IND0   -1.#IND0    4
   9    1  -13   0.829583   -14.166872    -0.000000      14.1669   -1.#IND0   -1.#IND0    4
   7    6  -16   0.829522    -0.937942    -0.000000     0.937942   -1.#IND0   -1.#IND0    4
   7    1  -17   0.829447     0.972480    -0.000000      0.97248   -1.#IND0   -1.#IND0    4
   6   17   -4   0.829278     3.392918     0.000000      3.39292   -1.#IND0   -1.#IND0    4
   2   21   -2   0.829255    -0.909492     0.000000     0.909492   -1.#IND0   -1.#IND0    4
   4    6  -18   0.829229    -3.886043    -0.000000      3.88604   -1.#IND0   -1.#IND0    4
   4   11  -16   0.829157     8.382227     0.000000      8.38223   -1.#IND0   -1.#IND0    4
   6   13  -13   0.829006     8.351412     0.000000      8.35141   -1.#IND0   -1.#IND0    4
   2   20    4   0.828940     6.736072    -0.000000      6.73607   -1.#IND0   -1.#IND0    4
   6    0   10   0.828871    14.955496    -0.000000      14.9555   -1.#IND0   -1.#IND0    2
   7   15   -6   0.828636     1.750651    -0.000000      1.75065   -1.#IND0   -1.#IND0    4
   3   18    6   0.828604    14.578445    -0.000000      14.5784   -1.#IND0   -1.#IND0    4
   4   16  -12   0.828543    13.746744    -0.000000      13.7467   -1.#IND0   -1.#IND0    4
   7   14    0   0.828385    12.998463    -0.000000      12.9985   -1.#IND0   -1.#IND0    4
   3   13   11   0.828340     3.314423    -0.000000      3.31442   -1.#IND0   -1.#IND0    4
   4    9  -17   0.828277    -5.378375    -0.000000      5.37838   -1.#IND0   -1.#IND0    4
   3   18  -10   0.828274    -1.062460     0.000000      1.06246   -1.#IND0   -1.#IND0    4
   6   14    4   0.828059    23.059639    -0.000000      23.0596   -1.#IND0   -1.#IND0    4
   1   17   10   0.828051     9.278703    -0.000000       9.2787   -1.#IND0   -1.#IND0    4
   1   16   11   0.828008     4.462094    -0.000000      4.46209   -1.#IND0   -1.#IND0    4
   6   17   -3   0.827990    -2.086858    -0.000000      2.08686   -1.#IND0   -1.#IND0    4
   6    1   10   0.827974     2.337848    -0.000000      2.33785   -1.#IND0   -1.#IND0    4
   1   21   -4   0.827915     4.890360     0.000000      4.89036   -1.#IND0   -1.#IND0    4
   6   17   -5   0.827908     0.423935    -0.000000     0.423935   -1.#IND0   -1.#IND0    4
   3   13  -15   0.827804     8.768184     0.000000      8.76818   -1.#IND0   -1.#IND0    4
   9    2    1   0.827757    11.047648    -0.000000      11.0476   -1.#IND0   -1.#IND0    4
   7   13  -11   0.827735     5.053680     0.000000      5.05368   -1.#IND0   -1.#IND0    4
   6    0  -18   0.827714   -13.269015    -0.000000       13.269   -1.#IND0   -1.#IND0    2
   5   16  -11   0.827645     9.703907    -0.000000      9.70391   -1.#IND0   -1.#IND0    4
   2    7   15   0.827518    -2.860473     0.000000      2.86047   -1.#IND0   -1.#IND0    4
   2   21    0   0.827512     2.891486    -0.000000      2.89149   -1.#IND0   -1.#IND0    4
   7   15   -3   0.827454     0.773910     0.000000      0.77391   -1.#IND0   -1.#IND0    4
   4   14  -14   0.827434    -0.833255     0.000000     0.833255   -1.#IND0   -1.#IND0    4
   6   14  -12   0.827400     1.903055    -0.000000      1.90306   -1.#IND0   -1.#IND0    4
   5    9   10   0.827355     0.286236    -0.000000     0.286236   -1.#IND0   -1.#IND0    4
   7   10  -14   0.827086    11.332552     0.000000      11.3326   -1.#IND0   -1.#IND0    4
   5    5  -18   0.827059    -3.822873     0.000000      3.82287   -1.#IND0   -1.#IND0    4
   6   12    6   0.826994     7.856487    -0.000000      7.85649   -1.#IND0   -1.#IND0    4
   5   18   -7   0.826976   -17.569371     0.000000      17.5694   -1.#IND0   -1.#IND0    4
   9    2  -13   0.826893     5.368934    -0.000000      5.36893   -1.#IND0   -1.#IND0    4
   6    1  -18   0.826821     6.172385     0.000000      6.17239   -1.#IND0   -1.#IND0    4
   9    8   -3   0.826799    13.619818    -0.000000      13.6198   -1.#IND0   -1.#IND0    4
   2    0   16   0.826791    13.136598    -0.000000      13.1366   -1.#IND0   -1.#IND0    2
   7    2  -17   0.826759   -15.159986    -0.000000        15.16   -1.#IND0   -1.#IND0    4
   2    9  -17   0.826700    10.536226     0.000000      10.5362   -1.#IND0   -1.#IND0    4
   8    1    5   0.826619    -1.387744    -0.000000      1.38774   -1.#IND0   -1.#IND0    4
   0    6   17   0.826571    16.726769    -0.000000      16.7268   -1.#IND0   -1.#IND0    4
   1    8  -17   0.826567    26.687926     0.000000      26.6879   -1.#IND0   -1.#IND0    4
   9    8   -9   0.826429     8.857152     0.000000      8.85715   -1.#IND0   -1.#IND0    4
   1   14  -14   0.826345    -3.457958     0.000000      3.45796   -1.#IND0   -1.#IND0    4
   4    5   13   0.826237    -0.751635    -0.000000     0.751635   -1.#IND0   -1.#IND0    4
   1   20   -7   0.826178     4.088277     0.000000      4.08828   -1.#IND0   -1.#IND0    4
   6   12  -14   0.826173     7.022715    -0.000000      7.02272   -1.#IND0   -1.#IND0    4
   2   21   -3   0.826151    -8.727216     0.000000      8.72722   -1.#IND0   -1.#IND0    4
   9    5    0   0.826126    13.185218     0.000000      13.1852   -1.#IND0   -1.#IND0    4
   8   10    1   0.826109     0.090443    -0.000000    0.0904431   -1.#IND0   -1.#IND0    4
   7   12    3   0.826061     4.235741    -0.000000      4.23574   -1.#IND0   -1.#IND0    4
   6   16    1   0.825904    13.811239     0.000000      13.8112   -1.#IND0   -1.#IND0    4
   2    1   16   0.825900     1.984454     0.000000      1.98445   -1.#IND0   -1.#IND0    4
   0   21    4   0.825738    -0.749135    -0.000000     0.749135   -1.#IND0   -1.#IND0    4
   2   13  -15   0.825688    14.289209     0.000000      14.2892   -1.#IND0   -1.#IND0    4
   1    7   16   0.825652     2.365843    -0.000000      2.36584   -1.#IND0   -1.#IND0    4
   5   11    9   0.825529     3.845573    -0.000000      3.84557   -1.#IND0   -1.#IND0    4
   6   16   -9   0.825495   -11.094253    -0.000000      11.0943   -1.#IND0   -1.#IND0    4
   2   16   10   0.825441     7.156031     0.000000      7.15603   -1.#IND0   -1.#IND0    4
   9    5  -12   0.825389    12.560796     0.000000      12.5608   -1.#IND0   -1.#IND0    4
   5   12  -15   0.825316    -2.079677     0.000000      2.07968   -1.#IND0   -1.#IND0    4
   6    2   10   0.825299    19.035462    -0.000000      19.0355   -1.#IND0   -1.#IND0    4
   4   19   -7   0.825236    -4.806746     0.000000      4.80675   -1.#IND0   -1.#IND0    4
   6    9    8   0.825186     0.081706     0.000000    0.0817064   -1.#IND0   -1.#IND0    4
   8    9    2   0.825073     6.442071    -0.000000      6.44207   -1.#IND0   -1.#IND0    4
   7   11    4   0.825065    -0.273615    -0.000000     0.273615   -1.#IND0   -1.#IND0    4
   8   12   -2   0.824989    15.662139    -0.000000      15.6621   -1.#IND0   -1.#IND0    4
   7    8    6   0.824957    10.149091    -0.000000      10.1491   -1.#IND0   -1.#IND0    4
   1    4  -18   0.824934   -15.321625    -0.000000      15.3216   -1.#IND0   -1.#IND0    4
   1   21    3   0.824887    -9.111799     0.000000       9.1118   -1.#IND0   -1.#IND0    4
   4   18    4   0.824659    15.836335    -0.000000      15.8363   -1.#IND0   -1.#IND0    4
   2   17    9   0.824602     3.720630     0.000000      3.72063   -1.#IND0   -1.#IND0    4
   8    7  -14   0.824579    -8.085269    -0.000000      8.08527   -1.#IND0   -1.#IND0    4
   6    9  -16   0.824208   -16.740161    -0.000000      16.7402   -1.#IND0   -1.#IND0    4
   6    2  -18   0.824158     9.032144     0.000000      9.03214   -1.#IND0   -1.#IND0    4
   2    6  -18   0.824152    15.929787     0.000000      15.9298   -1.#IND0   -1.#IND0    4
   3   20    2   0.824109    10.786636    -0.000000      10.7866   -1.#IND0   -1.#IND0    4
   6   17   -2   0.824082    -2.324139     0.000000      2.32414   -1.#IND0   -1.#IND0    4
   5    0   12   0.823996    19.808366    -0.000000      19.8084   -1.#IND0   -1.#IND0    2
   8    2    5   0.823958     1.425607    -0.000000      1.42561   -1.#IND0   -1.#IND0    4
   2   20   -7   0.823955    -0.372564     0.000000     0.372564   -1.#IND0   -1.#IND0    4
   3   20   -6   0.823947     9.725530    -0.000000      9.72553   -1.#IND0   -1.#IND0    4
   6   17   -6   0.823919     6.108563    -0.000000      6.10856   -1.#IND0   -1.#IND0    4
   2   10   14   0.823835    10.982218    -0.000000      10.9822   -1.#IND0   -1.#IND0    4
   7   15   -7   0.823758     3.979724     0.000000      3.97972   -1.#IND0   -1.#IND0    4
   2   12   13   0.823742    15.318738     0.000000      15.3187   -1.#IND0   -1.#IND0    4
   1   18    9   0.823684    14.707207    -0.000000      14.7072   -1.#IND0   -1.#IND0    4
   1   12   14   0.823649    15.641303     0.000000      15.6413   -1.#IND0   -1.#IND0    4
   1   15   12   0.823558    -1.044785     0.000000      1.04478   -1.#IND0   -1.#IND0    4
   2   19   -9   0.823514    -5.914321     0.000000      5.91432   -1.#IND0   -1.#IND0    4
   9    9   -6   0.823354    -5.411748     0.000000      5.41175   -1.#IND0   -1.#IND0    4
   5   17    3   0.823354     1.978111    -0.000000      1.97811   -1.#IND0   -1.#IND0    4
   9    3    1   0.823318    12.022891    -0.000000      12.0229   -1.#IND0   -1.#IND0    4
   2    2   16   0.823246    12.379507    -0.000000      12.3795   -1.#IND0   -1.#IND0    4
   1    1   17   0.823169     7.888071    -0.000000      7.88807   -1.#IND0   -1.#IND0    4
   5    1   12   0.823114     4.532386     0.000000      4.53239   -1.#IND0   -1.#IND0    4
   1   10   15   0.822867     7.764785     0.000000      7.76478   -1.#IND0   -1.#IND0    4
   8   11    0   0.822754    -3.635231    -0.000000      3.63523   -1.#IND0   -1.#IND0    4
   0   17   11   0.822725     6.270950    -0.000000      6.27095   -1.#IND0   -1.#IND0    4
   2   21    1   0.822715    -8.581371     0.000000      8.58137   -1.#IND0   -1.#IND0    4
   7   13    2   0.822667    -1.571670     0.000000      1.57167   -1.#IND0   -1.#IND0    4
   4   17  -11   0.822488    -8.339305     0.000000       8.3393   -1.#IND0   -1.#IND0    4
   9    3  -13   0.822467   -12.537915    -0.000000      12.5379   -1.#IND0   -1.#IND0    4
   7    3  -17   0.822336    -2.329743    -0.000000      2.32974   -1.#IND0   -1.#IND0    4
   1   19   -9   0.822262     7.834074    -0.000000      7.83407   -1.#IND0   -1.#IND0    4
   9    9   -5   0.822114    -3.071819     0.000000      3.07182   -1.#IND0   -1.#IND0    4
   6   15    3   0.821993     3.280777     0.000000      3.28078   -1.#IND0   -1.#IND0    4
   9    9   -7   0.821993     0.416748     0.000000     0.416748   -1.#IND0   -1.#IND0    4
   2   15   11   0.821902    -1.394785    -0.000000      1.39478   -1.#IND0   -1.#IND0    4
   7   15   -2   0.821826    -5.571825    -0.000000      5.57183   -1.#IND0   -1.#IND0    4
   0   16   12   0.821811    14.686537    -0.000000      14.6865   -1.#IND0   -1.#IND0    4
   8    5  -15   0.821766    13.655786     0.000000      13.6558   -1.#IND0   -1.#IND0    4
   4   15    8   0.821582    -7.301017     0.000000      7.30102   -1.#IND0   -1.#IND0    4
   8   12   -9   0.821569    -8.827854    -0.000000      8.82785   -1.#IND0   -1.#IND0    4
   4   19    2   0.821568    -3.115216    -0.000000      3.11522   -1.#IND0   -1.#IND0    4
   6   15  -11   0.821429    -6.142262     0.000000      6.14226   -1.#IND0   -1.#IND0    4
   8    6    4   0.821364    10.427125    -0.000000      10.4271   -1.#IND0   -1.#IND0    4
   6    3   10   0.820899     5.445416     0.000000      5.44542   -1.#IND0   -1.#IND0    4
   6    7    9   0.820826     2.615903    -0.000000       2.6159   -1.#IND0   -1.#IND0    4
   4   16    7   0.820764   -14.224776     0.000000      14.2248   -1.#IND0   -1.#IND0    4
   3    7   14   0.820647    -3.595039    -0.000000      3.59504   -1.#IND0   -1.#IND0    4
   1   20    6   0.820616     2.862216    -0.000000      2.86222   -1.#IND0   -1.#IND0    4
   7    0    8   0.820594    17.087596    -0.000000      17.0876   -1.#IND0   -1.#IND0    2
   7    6    7   0.820561     0.597444     0.000000     0.597444   -1.#IND0   -1.#IND0    4
   1    2   17   0.820541     2.907570    -0.000000      2.90757   -1.#IND0   -1.#IND0    4
   2   21   -4   0.820489     3.105798    -0.000000       3.1058   -1.#IND0   -1.#IND0    4
   5    2   12   0.820487    19.131687    -0.000000      19.1317   -1.#IND0   -1.#IND0    4
   4   13  -15   0.820322     8.958395     0.000000       8.9584   -1.#IND0   -1.#IND0    4
   5   18    1   0.820287     2.075215    -0.000000      2.07521   -1.#IND0   -1.#IND0    4
   3    7  -18   0.820005   -15.953083    -0.000000      15.9531   -1.#IND0   -1.#IND0    4
   3    1   15   0.819933    12.959615    -0.000000      12.9596   -1.#IND0   -1.#IND0    4
   6   11    7   0.819913     9.813674    -0.000000      9.81367   -1.#IND0   -1.#IND0    4
   6    7  -17   0.819783    16.000535     0.000000      16.0005   -1.#IND0   -1.#IND0    4
   6    3  -18   0.819776     5.018479    -0.000000      5.01848   -1.#IND0   -1.#IND0    4
   8   10  -12   0.819766     6.428926    -0.000000      6.42893   -1.#IND0   -1.#IND0    4
   7   10    5   0.819728    -4.350818    -0.000000      4.35082   -1.#IND0   -1.#IND0    4
   7    1    8   0.819724     1.309727    -0.000000      1.30973   -1.#IND0   -1.#IND0    4
   8    8    3   0.819696    -2.956754    -0.000000      2.95675   -1.#IND0   -1.#IND0    4
   8    3    5   0.819580     2.803676    -0.000000      2.80368   -1.#IND0   -1.#IND0    4
   5    7   11   0.819504     1.948641    -0.000000      1.94864   -1.#IND0   -1.#IND0    4
   2   18    8   0.819425    11.922816     0.000000      11.9228   -1.#IND0   -1.#IND0    4
   0   18   10   0.819304     0.676675    -0.000000     0.676675   -1.#IND0   -1.#IND0    4
   9    7   -1   0.819282   -10.545500     0.000000      10.5455   -1.#IND0   -1.#IND0    4
   3    1  -19   0.819252    17.464186     0.000000      17.4642   -1.#IND0   -1.#IND0    4
   7   14  -10   0.819206     5.500811    -0.000000      5.50081   -1.#IND0   -1.#IND0    4
   6   11  -15   0.819033    -4.287850    -0.000000      4.28785   -1.#IND0   -1.#IND0    4
   2    3   16   0.818879     7.204195    -0.000000       7.2042   -1.#IND0   -1.#IND0    4
   0   20    7   0.818857    -5.886816    -0.000000      5.88682   -1.#IND0   -1.#IND0    4
   4    1  -19   0.818724    -6.857488    -0.000000      6.85749   -1.#IND0   -1.#IND0    4
   9    7  -11   0.818684    11.397847     0.000000      11.3978   -1.#IND0   -1.#IND0    4
   5   15    6   0.818595    -6.287114    -0.000000      6.28711   -1.#IND0   -1.#IND0    4
   5   14    7   0.818535     5.034846     0.000000      5.03485   -1.#IND0   -1.#IND0    4
   9    9   -4   0.818308     1.734763    -0.000000      1.73476   -1.#IND0   -1.#IND0    4
   7    9  -15   0.818160    -0.430703    -0.000000     0.430703   -1.#IND0   -1.#IND0    4
   4   11   11   0.818143    -5.226413     0.000000      5.22641   -1.#IND0   -1.#IND0    4
   4   14    9   0.818082    -1.362334    -0.000000      1.36233   -1.#IND0   -1.#IND0    4
   9    9   -8   0.818069    -2.122415    -0.000000      2.12242   -1.#IND0   -1.#IND0    4
   7    7  -16   0.818054    -2.077309    -0.000000      2.07731   -1.#IND0   -1.#IND0    4
   1   21   -5   0.817930     1.803937    -0.000000      1.80394   -1.#IND0   -1.#IND0    4
   8    9  -13   0.817795    -2.489339    -0.000000      2.48934   -1.#IND0   -1.#IND0    4
   4    7  -18   0.817773     9.289771    -0.000000      9.28977   -1.#IND0   -1.#IND0    4
   9    8   -2   0.817769    13.398211    -0.000000      13.3982   -1.#IND0   -1.#IND0    4
   1   11  -16   0.817690    20.709406     0.000000      20.7094   -1.#IND0   -1.#IND0    4
   6   17   -1   0.817663     3.326246    -0.000000      3.32625   -1.#IND0   -1.#IND0    4
   8   11  -11   0.817443    -4.363275     0.000000      4.36328   -1.#IND0   -1.#IND0    4
   6   17   -7   0.817424    -8.272858    -0.000000      8.27286   -1.#IND0   -1.#IND0    4
   5    6  -18   0.817410     9.515054    -0.000000      9.51505   -1.#IND0   -1.#IND0    4
   3    2   15   0.817335    -0.190182     0.000000     0.190182   -1.#IND0   -1.#IND0    4
   5   17  -10   0.817331     7.472157    -0.000000      7.47216   -1.#IND0   -1.#IND0    4
   9    8  -10   0.817293    13.291334     0.000000      13.2913   -1.#IND0   -1.#IND0    4
   8    0  -16   0.817287    18.736978     0.000000       18.737   -1.#IND0   -1.#IND0    2
   9    4    1   0.817221    11.124822    -0.000000      11.1248   -1.#IND0   -1.#IND0    4
   8   13   -5   0.817211     0.001346     0.000000   0.00134623   -1.#IND0   -1.#IND0    4
   7    2    8   0.817128    17.984872    -0.000000      17.9849   -1.#IND0   -1.#IND0    4
   1    5  -18   0.817075    -0.388354     0.000000     0.388354   -1.#IND0   -1.#IND0    4
   8   13   -6   0.816734    -4.127954     0.000000      4.12795   -1.#IND0   -1.#IND0    4
   3    2  -19   0.816661    -3.090697    -0.000000       3.0907   -1.#IND0   -1.#IND0    4
   4    6   13   0.816617     5.873471    -0.000000      5.87347   -1.#IND0   -1.#IND0    4
   0   15   13   0.816604    -7.025110    -0.000000      7.02511   -1.#IND0   -1.#IND0    4
   9    6    0   0.816509    -0.339082    -0.000000     0.339082   -1.#IND0   -1.#IND0    4
   4    9   12   0.816501    -7.424065    -0.000000      7.42407   -1.#IND0   -1.#IND0    4
   8    1  -16   0.816427     0.771663     0.000000     0.771663   -1.#IND0   -1.#IND0    4
   7   15   -8   0.816412    -7.426916     0.000000      7.42692   -1.#IND0   -1.#IND0    4
   9    4  -13   0.816390    10.513344     0.000000      10.5133   -1.#IND0   -1.#IND0    4
   7    4  -17   0.816261   -10.594805     0.000000      10.5948   -1.#IND0   -1.#IND0    4
   1    3   17   0.816216     5.106097    -0.000000       5.1061   -1.#IND0   -1.#IND0    4
   3   10   13   0.816200    -6.010374    -0.000000      6.01037   -1.#IND0   -1.#IND0    4
   5    3   12   0.816163     7.890837    -0.000000      7.89084   -1.#IND0   -1.#IND0    4
   5   18   -8   0.816150     2.519375     0.000000      2.51938   -1.#IND0   -1.#IND0    4
   4    2  -19   0.816138   -12.157139     0.000000      12.1571   -1.#IND0   -1.#IND0    4
   9    6  -12   0.815798    16.299313     0.000000      16.2993   -1.#IND0   -1.#IND0    4
   4   17    6   0.815668    -0.157463     0.000000     0.157463   -1.#IND0   -1.#IND0    4
   3   19    5   0.815610    -2.671602     0.000000       2.6716   -1.#IND0   -1.#IND0    4
   3   10  -17   0.815608    -9.056788    -0.000000      9.05679   -1.#IND0   -1.#IND0    4
   2   21    2   0.815455    -1.303637     0.000000      1.30364   -1.#IND0   -1.#IND0    4
   4   20   -3   0.815437     4.839683     0.000000      4.83968   -1.#IND0   -1.#IND0    4
   3   19   -9   0.815334     2.551138    -0.000000      2.55114   -1.#IND0   -1.#IND0    4
   2   17  -12   0.815309     2.109680    -0.000000      2.10968   -1.#IND0   -1.#IND0    4
   3   12   12   0.815257     7.950912    -0.000000      7.95091   -1.#IND0   -1.#IND0    4
   2   16  -13   0.815249     6.702803    -0.000000       6.7028   -1.#IND0   -1.#IND0    4
   0    7   17   0.815223    -2.170132    -0.000000      2.17013   -1.#IND0   -1.#IND0    4
   8   12   -1   0.815167    -7.504381    -0.000000      7.50438   -1.#IND0   -1.#IND0    4
   8   13   -4   0.815147     6.375958    -0.000000      6.37596   -1.#IND0   -1.#IND0    4
   1   19    8   0.815113    -2.556866     0.000000      2.55687   -1.#IND0   -1.#IND0    4
   7   14    1   0.815043    -4.439587    -0.000000      4.43959   -1.#IND0   -1.#IND0    4
   4   20   -2   0.815041     9.660243    -0.000000      9.66024   -1.#IND0   -1.#IND0    4
   0   12   15   0.814989    -7.093925    -0.000000      7.09392   -1.#IND0   -1.#IND0    4
   1   14   13   0.814909   -14.916294     0.000000      14.9163   -1.#IND0   -1.#IND0    4
   6    4   10   0.814856    18.721672    -0.000000      18.7217   -1.#IND0   -1.#IND0    4
   5    9  -17   0.814814     0.331440    -0.000000      0.33144   -1.#IND0   -1.#IND0    4
   3   12  -16   0.814707    12.951181     0.000000      12.9512   -1.#IND0   -1.#IND0    4
  10    0   -6   0.814481    15.261864     0.000000      15.2619   -1.#IND0   -1.#IND0    2
   2    8   15   0.814422    -5.169565    -0.000000      5.16956   -1.#IND0   -1.#IND0    4
   5   16    5   0.814395   -17.864188    -0.000000      17.8642   -1.#IND0   -1.#IND0    4
   3   16    9   0.814350    -6.416657     0.000000      6.41666   -1.#IND0   -1.#IND0    4
   5   13    8   0.814216    11.749292     0.000000      11.7493   -1.#IND0   -1.#IND0    4
   1   13  -15   0.814190     6.401071     0.000000      6.40107   -1.#IND0   -1.#IND0    4
   1   21    4   0.814181     2.457895    -0.000000       2.4579   -1.#IND0   -1.#IND0    4
   0   21    5   0.814151    -6.657412    -0.000000      6.65741   -1.#IND0   -1.#IND0    4
   2   14   12   0.814151    17.235346     0.000000      17.2353   -1.#IND0   -1.#IND0    4
  10    1   -7   0.813984   -12.007895    -0.000000      12.0079   -1.#IND0   -1.#IND0    4
   5   11  -16   0.813974     5.871699     0.000000       5.8717   -1.#IND0   -1.#IND0    4
   3   16  -13   0.813919     4.145503    -0.000000       4.1455   -1.#IND0   -1.#IND0    4
   8    2  -16   0.813862    23.193701     0.000000      23.1937   -1.#IND0   -1.#IND0    4
   2   20    5   0.813854     0.928488     0.000000     0.928488   -1.#IND0   -1.#IND0    4
   7   15   -1   0.813782    -1.765234     0.000000      1.76523   -1.#IND0   -1.#IND0    4
   6    4  -18   0.813757     5.612014     0.000000      5.61201   -1.#IND0   -1.#IND0    4
   8   13   -7   0.813729    -3.622217     0.000000      3.62222   -1.#IND0   -1.#IND0    4
  10    1   -6   0.813630    -5.233940     0.000000      5.23394   -1.#IND0   -1.#IND0    4
   8    4    5   0.813565     5.641948    -0.000000      5.64195   -1.#IND0   -1.#IND0    4
   0   10   16   0.813385     2.562721     0.000000      2.56272   -1.#IND0   -1.#IND0    4
   4   20   -4   0.813308    12.501424    -0.000000      12.5014   -1.#IND0   -1.#IND0    4
   3    3   15   0.813061     5.663010    -0.000000      5.66301   -1.#IND0   -1.#IND0    4
   2    7  -18   0.812902     9.362610     0.000000      9.36261   -1.#IND0   -1.#IND0    4
   2    4   16   0.812880    12.004359    -0.000000      12.0044   -1.#IND0   -1.#IND0    4
   7    3    8   0.812857     0.591452    -0.000000     0.591452   -1.#IND0   -1.#IND0    4
   0    0   18   0.812837     7.548218    -0.000000      7.54822   -1.#IND0   -1.#IND0    2
   4   19   -8   0.812806    11.347335    -0.000000      11.3473   -1.#IND0   -1.#IND0    4
   3   17    8   0.812701    -6.306248    -0.000000      6.30625   -1.#IND0   -1.#IND0    4
  10    0   -8   0.812674    -1.747965    -0.000000      1.74797   -1.#IND0   -1.#IND0    2
   1    8   16   0.812643    15.210028    -0.000000        15.21   -1.#IND0   -1.#IND0    4
   3   20    3   0.812609     0.305612    -0.000000     0.305612   -1.#IND0   -1.#IND0    4
   2   21   -5   0.812425    -4.529640    -0.000000      4.52964   -1.#IND0   -1.#IND0    4
   3   20   -7   0.812414     8.783771     0.000000      8.78377   -1.#IND0   -1.#IND0    4
   3    3  -19   0.812397    16.196463     0.000000      16.1965   -1.#IND0   -1.#IND0    4
   4   18  -10   0.812335     3.704714     0.000000      3.70471   -1.#IND0   -1.#IND0    4
   3   17  -12   0.812311    -0.126267     0.000000     0.126267   -1.#IND0   -1.#IND0    4
   8    6  -15   0.812299    -2.247049     0.000000      2.24705   -1.#IND0   -1.#IND0    4
   4   20   -1   0.812132    -1.068260    -0.000000      1.06826   -1.#IND0   -1.#IND0    4
   5   19   -3   0.812114    -6.415617     0.000000      6.41562   -1.#IND0   -1.#IND0    4
   9    9   -3   0.812041     5.524943    -0.000000      5.52494   -1.#IND0   -1.#IND0    4
   0    1   18   0.811991    -3.194912    -0.000000      3.19491   -1.#IND0   -1.#IND0    4
   9    0    2   0.811990    30.190067    -0.000000      30.1901   -1.#IND0   -1.#IND0    2
   4    3  -19   0.811882   -16.359778    -0.000000      16.3598   -1.#IND0   -1.#IND0    4
   6   16    2   0.811838    -5.088140     0.000000      5.08814   -1.#IND0   -1.#IND0    4
  10    1   -8   0.811828    -7.917680    -0.000000      7.91768   -1.#IND0   -1.#IND0    4
   1    9  -17   0.811821    -8.789162     0.000000      8.78916   -1.#IND0   -1.#IND0    4
   3   15   10   0.811790     2.155796     0.000000       2.1558   -1.#IND0   -1.#IND0    4
   4   10  -17   0.811747     3.745625     0.000000      3.74563   -1.#IND0   -1.#IND0    4
   0   19    9   0.811705    -5.972898     0.000000       5.9729   -1.#IND0   -1.#IND0    4
   9    9   -9   0.811691     2.125795     0.000000      2.12579   -1.#IND0   -1.#IND0    4
   5   19   -4   0.811665     2.792109     0.000000      2.79211   -1.#IND0   -1.#IND0    4
   7   12  -13   0.811639    -0.665475     0.000000     0.665475   -1.#IND0   -1.#IND0    4
   8    8  -14   0.811620    14.321383     0.000000      14.3214   -1.#IND0   -1.#IND0    4
  10    2   -7   0.811443     2.518726    -0.000000      2.51873   -1.#IND0   -1.#IND0    4
   6   16  -10   0.811372    11.324335    -0.000000      11.3243   -1.#IND0   -1.#IND0    4
   3   15  -14   0.811323    -4.246601     0.000000       4.2466   -1.#IND0   -1.#IND0    4
   2   18  -11   0.811159    -7.188812    -0.000000      7.18881   -1.#IND0   -1.#IND0    4
   9    1    2   0.811147    -1.065880    -0.000000      1.06588   -1.#IND0   -1.#IND0    4
  10    2   -6   0.811092    13.352285     0.000000      13.3523   -1.#IND0   -1.#IND0    4
   9    0  -14   0.811058    -1.824653    -0.000000      1.82465   -1.#IND0   -1.#IND0    2
   2   12  -16   0.811029    13.725675     0.000000      13.7257   -1.#IND0   -1.#IND0    4
   2   15  -14   0.810981    -0.922782    -0.000000     0.922782   -1.#IND0   -1.#IND0    4
   8   12  -10   0.810932     9.164905    -0.000000       9.1649   -1.#IND0   -1.#IND0    4
   5   10   10   0.810879    11.850801    -0.000000      11.8508   -1.#IND0   -1.#IND0    4
  10    1   -5   0.810775    13.654106     0.000000      13.6541   -1.#IND0   -1.#IND0    4
   8   13   -3   0.810600    -0.481338    -0.000000     0.481338   -1.#IND0   -1.#IND0    4
   2    1  -19   0.810512    -3.218369    -0.000000      3.21837   -1.#IND0   -1.#IND0    4
   4   13   10   0.810428    11.495020    -0.000000       11.495   -1.#IND0   -1.#IND0    4
   7    9    6   0.810295    -2.701776     0.000000      2.70178   -1.#IND0   -1.#IND0    4
   1    4   17   0.810275     5.384640     0.000000      5.38464   -1.#IND0   -1.#IND0    4
   2   10  -17   0.810263    -2.764238     0.000000      2.76424   -1.#IND0   -1.#IND0    4
   8    7    4   0.810227    -2.604474     0.000000      2.60447   -1.#IND0   -1.#IND0    4
   5    4   12   0.810223    18.415441    -0.000000      18.4154   -1.#IND0   -1.#IND0    4
   9    1  -14   0.810217    -5.644203     0.000000       5.6442   -1.#IND0   -1.#IND0    4
   7   13  -12   0.810160   -12.407427     0.000000      12.4074   -1.#IND0   -1.#IND0    4
   2   19    7   0.810149    -2.604965     0.000000      2.60496   -1.#IND0   -1.#IND0    4
   5   19   -2   0.810069    -0.954425    -0.000000     0.954425   -1.#IND0   -1.#IND0    4
   5   15  -13   0.809987    -4.982772     0.000000      4.98277   -1.#IND0   -1.#IND0    4
   8    3  -16   0.809642    -2.608000    -0.000000        2.608   -1.#IND0   -1.#IND0    4
   9    5    1   0.809578     1.527254    -0.000000      1.52725   -1.#IND0   -1.#IND0    4
   0    2   18   0.809468    21.235859    -0.000000      21.2359   -1.#IND0   -1.#IND0    4
   7    7    7   0.809456    -6.851732     0.000000      6.85173   -1.#IND0   -1.#IND0    4
  10    2   -8   0.809307    -8.870470    -0.000000      8.87047   -1.#IND0   -1.#IND0    4
   4   12  -16   0.809210    14.933112     0.000000      14.9331   -1.#IND0   -1.#IND0    4
   3   21   -2   0.809149     6.389976    -0.000000      6.38998   -1.#IND0   -1.#IND0    4
   1   17  -12   0.809119     2.805085    -0.000000      2.80508   -1.#IND0   -1.#IND0    4
   0   22    0   0.809091     5.767767    -0.000000      5.76777   -1.#IND0   -1.#IND0    2
   5   14  -14   0.809038    -4.558961     0.000000      4.55896   -1.#IND0   -1.#IND0    4
   5    1  -19   0.808980    -4.400098     0.000000       4.4001   -1.#IND0   -1.#IND0    4
   7   11  -14   0.808951    10.252203     0.000000      10.2522   -1.#IND0   -1.#IND0    4
   6   17    0   0.808907     7.773414     0.000000      7.77341   -1.#IND0   -1.#IND0    4
   6   10    8   0.808838     8.419855    -0.000000      8.41986   -1.#IND0   -1.#IND0    4
   9    5  -13   0.808770    -0.966194     0.000000     0.966194   -1.#IND0   -1.#IND0    4
   1   20   -8   0.808738    18.255756    -0.000000      18.2558   -1.#IND0   -1.#IND0    4
   5   19   -5   0.808734    -3.629950    -0.000000      3.62995   -1.#IND0   -1.#IND0    4
   8   10    2   0.808731     2.413195    -0.000000       2.4132   -1.#IND0   -1.#IND0    4
   4   20   -5   0.808714    -3.180330    -0.000000      3.18033   -1.#IND0   -1.#IND0    4
   7    5  -17   0.808644     1.445855    -0.000000      1.44585   -1.#IND0   -1.#IND0    4
   9    2    2   0.808632    24.465646    -0.000000      24.4656   -1.#IND0   -1.#IND0    4
   6   17   -8   0.808599     3.549983    -0.000000      3.54998   -1.#IND0   -1.#IND0    4
   4   19    3   0.808528    -1.651923    -0.000000      1.65192   -1.#IND0   -1.#IND0    4
   2   20   -8   0.808286    18.868929    -0.000000      18.8689   -1.#IND0   -1.#IND0    4
   8   13   -8   0.808278     4.148802    -0.000000       4.1488   -1.#IND0   -1.#IND0    4
  10    2   -5   0.808263     1.380739     0.000000      1.38074   -1.#IND0   -1.#IND0    4
   5   18    2   0.808133    18.717545    -0.000000      18.7175   -1.#IND0   -1.#IND0    4
   6    8    9   0.808040    -0.878330     0.000000      0.87833   -1.#IND0   -1.#IND0    4
   8   11    1   0.808036     1.872296    -0.000000       1.8723   -1.#IND0   -1.#IND0    4
   2    2  -19   0.808003    -1.508876    -0.000000      1.50888   -1.#IND0   -1.#IND0    4
   3   21   -1   0.807933    -5.752945    -0.000000      5.75295   -1.#IND0   -1.#IND0    4
   6   10  -16   0.807916    19.200467     0.000000      19.2005   -1.#IND0   -1.#IND0    4
   3   21   -3   0.807895    -1.336535    -0.000000      1.33653   -1.#IND0   -1.#IND0    4
   3    8   14   0.807869    10.046525    -0.000000      10.0465   -1.#IND0   -1.#IND0    4
   0   22    1   0.807857    -3.289039    -0.000000      3.28904   -1.#IND0   -1.#IND0    4
   1    6  -18   0.807767   -12.818606    -0.000000      12.8186   -1.#IND0   -1.#IND0    4
   9    2  -14   0.807711     0.086064    -0.000000    0.0860642   -1.#IND0   -1.#IND0    4
   1   16  -13   0.807422    -6.302663    -0.000000      6.30266   -1.#IND0   -1.#IND0    4
   0   14   14   0.807343    -1.370589     0.000000      1.37059   -1.#IND0   -1.#IND0    4
   6    5   10   0.807279     5.168932    -0.000000      5.16893   -1.#IND0   -1.#IND0    4
  10    3   -7   0.807260   -19.237174    -0.000000      19.2372   -1.#IND0   -1.#IND0    4
   3    8  -18   0.807257    16.339467     0.000000      16.3395   -1.#IND0   -1.#IND0    4
  10    1   -9   0.807221     5.800231     0.000000      5.80023   -1.#IND0   -1.#IND0    4
   3    4   15   0.807188     3.996170    -0.000000      3.99617   -1.#IND0   -1.#IND0    4
   9   10   -6   0.807112     6.533839    -0.000000      6.53384   -1.#IND0   -1.#IND0    4
   6    8  -17   0.807045    16.343344     0.000000      16.3433   -1.#IND0   -1.#IND0    4
   7    4    8   0.806988     7.744885    -0.000000      7.74489   -1.#IND0   -1.#IND0    4
   3   18    7   0.806918     7.541835     0.000000      7.54184   -1.#IND0   -1.#IND0    4
  10    3   -6   0.806914    10.301644     0.000000      10.3016   -1.#IND0   -1.#IND0    4
   5   16  -12   0.806797    17.266048    -0.000000       17.266   -1.#IND0   -1.#IND0    4
   7   15   -9   0.806794   -11.023003     0.000000       11.023   -1.#IND0   -1.#IND0    4
   4   20    0   0.806790    14.726402    -0.000000      14.7264   -1.#IND0   -1.#IND0    4
   5    8   11   0.806779     0.810792    -0.000000     0.810792   -1.#IND0   -1.#IND0    4
   1   18  -11   0.806686    -3.735412     0.000000      3.73541   -1.#IND0   -1.#IND0    4
   4    0   14   0.806640    19.088496    -0.000000      19.0885   -1.#IND0   -1.#IND0    2
   3   18  -11   0.806574   -12.828416     0.000000      12.8284   -1.#IND0   -1.#IND0    4
   9    8   -1   0.806567   -13.047973     0.000000       13.048   -1.#IND0   -1.#IND0    4
   3    4  -19   0.806539     5.028777     0.000000      5.02878   -1.#IND0   -1.#IND0    4
   4   18    5   0.806527     6.700266    -0.000000      6.70027   -1.#IND0   -1.#IND0    4
   5    2  -19   0.806485     5.750339    -0.000000      5.75034   -1.#IND0   -1.#IND0    4
   6   14    5   0.806433     9.748311    -0.000000      9.74831   -1.#IND0   -1.#IND0    4
   5    7  -18   0.806431    -5.090426     0.000000      5.09043   -1.#IND0   -1.#IND0    4
  10    0   -4   0.806323    12.015043     0.000000       12.015   -1.#IND0   -1.#IND0    2
   6    5  -18   0.806210    10.268399    -0.000000      10.2684   -1.#IND0   -1.#IND0    4
   5   17    4   0.806126     0.559510    -0.000000      0.55951   -1.#IND0   -1.#IND0    4
   4    4  -19   0.806034    -5.470298    -0.000000       5.4703   -1.#IND0   -1.#IND0    4
   8    5    5   0.806023    -0.350373    -0.000000     0.350373   -1.#IND0   -1.#IND0    4
   9    8  -11   0.805996    -3.558790     0.000000      3.55879   -1.#IND0   -1.#IND0    4
   9   10   -5   0.805944     7.806611    -0.000000      7.80661   -1.#IND0   -1.#IND0    4
   2   21    3   0.805928    -2.418808     0.000000      2.41881   -1.#IND0   -1.#IND0    4
   2   11   14   0.805908    -5.845010    -0.000000      5.84501   -1.#IND0   -1.#IND0    4
   1   21   -6   0.805841    -2.882537     0.000000      2.88254   -1.#IND0   -1.#IND0    4
   5   12    9   0.805837     7.477442     0.000000      7.47744   -1.#IND0   -1.#IND0    4
   9   10   -7   0.805829    -7.926475    -0.000000      7.92647   -1.#IND0   -1.#IND0    4
   4    1   14   0.805813     2.376084    -0.000000      2.37608   -1.#IND0   -1.#IND0    4
   6   14  -13   0.805748     9.622876    -0.000000      9.62288   -1.#IND0   -1.#IND0    4
   4    7   13   0.805669    -4.188546     0.000000      4.18855   -1.#IND0   -1.#IND0    4
   5   19   -1   0.805586    -5.462585     0.000000      5.46258   -1.#IND0   -1.#IND0    4
   9    7    0   0.805566     7.442858     0.000000      7.44286   -1.#IND0   -1.#IND0    4
   6   13    6   0.805544     2.850482     0.000000      2.85048   -1.#IND0   -1.#IND0    4
  10    1   -4   0.805497    -6.534307    -0.000000      6.53431   -1.#IND0   -1.#IND0    4
   7   12    4   0.805406    11.597377    -0.000000      11.5974   -1.#IND0   -1.#IND0    4
   7    8  -16   0.805395     2.010798     0.000000       2.0108   -1.#IND0   -1.#IND0    4
   2    5   16   0.805357    -0.477372     0.000000     0.477372   -1.#IND0   -1.#IND0    4
   0    3   18   0.805315    -1.549932     0.000000      1.54993   -1.#IND0   -1.#IND0    4
   8    9    3   0.805308     0.218677     0.000000     0.218677   -1.#IND0   -1.#IND0    4
  10    3   -8   0.805156    -6.366207    -0.000000      6.36621   -1.#IND0   -1.#IND0    4
   3   14   11   0.805136     3.284895     0.000000      3.28489   -1.#IND0   -1.#IND0    4
   4    8  -18   0.805127    -9.008999     0.000000        9.009   -1.#IND0   -1.#IND0    4
   1   11   15   0.805002    -3.994358     0.000000      3.99436   -1.#IND0   -1.#IND0    4
   1   22   -1   0.804996    -6.462285     0.000000      6.46229   -1.#IND0   -1.#IND0    4
   9    7  -12   0.804883     4.515588     0.000000      4.51559   -1.#IND0   -1.#IND0    4
   6   13  -14   0.804785    -8.470150    -0.000000      8.47015   -1.#IND0   -1.#IND0    4
  10    2   -9   0.804742     0.978521     0.000000     0.978521   -1.#IND0   -1.#IND0    4
   7   13    3   0.804682    -2.333661    -0.000000      2.33366   -1.#IND0   -1.#IND0    4
   3   14  -15   0.804643     4.149924     0.000000      4.14992   -1.#IND0   -1.#IND0    4
   1   22    0   0.804596    16.214452    -0.000000      16.2145   -1.#IND0   -1.#IND0    4
   7   14  -11   0.804580    -3.165416     0.000000      3.16542   -1.#IND0   -1.#IND0    4
   9    3    2   0.804492    -6.966851    -0.000000      6.96685   -1.#IND0   -1.#IND0    4
   3   21    0   0.804282     6.869288     0.000000      6.86929   -1.#IND0   -1.#IND0    4
   3   21   -4   0.804206     1.840152     0.000000      1.84015   -1.#IND0   -1.#IND0    4
   7   16   -5   0.804191     2.723238    -0.000000      2.72324   -1.#IND0   -1.#IND0    4
   0   22    2   0.804187    20.355277    -0.000000      20.3553   -1.#IND0   -1.#IND0    4
  10    3   -5   0.804129    17.213864     0.000000      17.2139   -1.#IND0   -1.#IND0    4
   5   13  -15   0.803994    11.550836     0.000000      11.5508   -1.#IND0   -1.#IND0    4
   2    3  -19   0.803873   -14.235433    -0.000000      14.2354   -1.#IND0   -1.#IND0    4
   8    4  -16   0.803842    14.349031     0.000000       14.349   -1.#IND0   -1.#IND0    4
   7   16   -4   0.803830     3.821681    -0.000000      3.82168   -1.#IND0   -1.#IND0    4
   8   13   -2   0.803691     5.824029    -0.000000      5.82403   -1.#IND0   -1.#IND0    4
   9    3  -14   0.803585    -5.332263    -0.000000      5.33226   -1.#IND0   -1.#IND0    4
   4   16  -13   0.803565    -1.915751    -0.000000      1.91575   -1.#IND0   -1.#IND0    4
   7   15    0   0.803535    -2.836910     0.000000      2.83691   -1.#IND0   -1.#IND0    4
   9    9   -2   0.803481   -13.923268     0.000000      13.9233   -1.#IND0   -1.#IND0    4
   5   19   -6   0.803401     3.153657     0.000000      3.15366   -1.#IND0   -1.#IND0    4
   4    2   14   0.803347    20.303679    -0.000000      20.3037   -1.#IND0   -1.#IND0    4
   5   18   -9   0.803305    -6.263017     0.000000      6.26302   -1.#IND0   -1.#IND0    4
   8   12    0   0.803255    11.575964     0.000000       11.576   -1.#IND0   -1.#IND0    4
   6   15    4   0.803237     2.036483    -0.000000      2.03648   -1.#IND0   -1.#IND0    4
  10    2   -4   0.803034    17.402507     0.000000      17.4025   -1.#IND0   -1.#IND0    4
   9    9  -10   0.803029    -5.897269    -0.000000      5.89727   -1.#IND0   -1.#IND0    4
   2   19  -10   0.802988     3.011630    -0.000000      3.01163   -1.#IND0   -1.#IND0    4
   1   22   -2   0.802966     8.510009    -0.000000      8.51001   -1.#IND0   -1.#IND0    4
   1    5   17   0.802823     7.470561    -0.000000      7.47056   -1.#IND0   -1.#IND0    4
   5    5   12   0.802772     2.903449     0.000000      2.90345   -1.#IND0   -1.#IND0    4
   1   20    7   0.802725   -10.996790     0.000000      10.9968   -1.#IND0   -1.#IND0    4
   2   14  -15   0.802700    -6.507634    -0.000000      6.50763   -1.#IND0   -1.#IND0    4
   0    8   17   0.802693     8.095118     0.000000      8.09512   -1.#IND0   -1.#IND0    4
   4   15  -14   0.802667    -6.468741     0.000000      6.46874   -1.#IND0   -1.#IND0    4
   6   15  -12   0.802635     8.762763    -0.000000      8.76276   -1.#IND0   -1.#IND0    4
   2   13   13   0.802538    -1.224017     0.000000      1.22402   -1.#IND0   -1.#IND0    4
   1   13   14   0.802452     3.479772    -0.000000      3.47977   -1.#IND0   -1.#IND0    4
   5    3  -19   0.802377    -4.267477     0.000000      4.26748   -1.#IND0   -1.#IND0    4
   9   10   -4   0.802357     9.772167    -0.000000      9.77217   -1.#IND0   -1.#IND0    4
   7   10  -15   0.802217     6.361092     0.000000      6.36109   -1.#IND0   -1.#IND0    4
   2   21   -6   0.802172     6.834964    -0.000000      6.83496   -1.#IND0   -1.#IND0    4
   9   10   -8   0.802131     6.266638    -0.000000      6.26664   -1.#IND0   -1.#IND0    4
   7   16   -6   0.802130    14.448873    -0.000000      14.4489   -1.#IND0   -1.#IND0    4
   8   11  -12   0.802098     6.187365    -0.000000      6.18736   -1.#IND0   -1.#IND0    4
   7   11    5   0.802062     2.246873     0.000000      2.24687   -1.#IND0   -1.#IND0    4
   8   10  -13   0.801873   -11.804347     0.000000      11.8043   -1.#IND0   -1.#IND0    4
   1   22    1   0.801778    -0.760642    -0.000000     0.760642   -1.#IND0   -1.#IND0    4
   4   20   -6   0.801778    10.363285    -0.000000      10.3633   -1.#IND0   -1.#IND0    4
   1   15  -14   0.801672   -19.626891     0.000000      19.6269   -1.#IND0   -1.#IND0    4
   8    7  -15   0.801521     7.074693     0.000000      7.07469   -1.#IND0   -1.#IND0    4
  10    4   -7   0.801511     9.140391     0.000000      9.14039   -1.#IND0   -1.#IND0    4
   1   21    5   0.801465    -4.398723    -0.000000      4.39872   -1.#IND0   -1.#IND0    4
  10    4   -6   0.801172    19.651736     0.000000      19.6517   -1.#IND0   -1.#IND0    4
  10    0  -10   0.801096    13.105206     0.000000      13.1052   -1.#IND0   -1.#IND0    2
   7   16   -3   0.801058    -1.908010     0.000000      1.90801   -1.#IND0   -1.#IND0    4
  10    3   -9   0.800661     1.358054    -0.000000      1.35805   -1.#IND0   -1.#IND0    4
   4   10   12   0.800654    10.878355    -0.000000      10.8784   -1.#IND0   -1.#IND0    4
   0   21    6   0.800630     1.618216    -0.000000      1.61822   -1.#IND0   -1.#IND0    4
   6   12    7   0.800611    -3.158088    -0.000000      3.15809   -1.#IND0   -1.#IND0    4
   8   13   -9   0.800528     7.010458    -0.000000      7.01046   -1.#IND0   -1.#IND0    4
   9    6    1   0.800522    11.633830    -0.000000      11.6338   -1.#IND0   -1.#IND0    4
   2    8  -18   0.800477     9.670742     0.000000      9.67074   -1.#IND0   -1.#IND0    4
   4   17  -12   0.800422    -3.520464     0.000000      3.52046   -1.#IND0   -1.#IND0    4
   2    9   15   0.800306     5.864518    -0.000000      5.86452   -1.#IND0   -1.#IND0    4
   8    0    6   0.800294    12.061191    -0.000000      12.0612   -1.#IND0   -1.#IND0    2
  10    1  -10   0.800285     1.698633     0.000000      1.69863   -1.#IND0   -1.#IND0    4
   0   20    8   0.800272     9.102351     0.000000      9.10235   -1.#IND0   -1.#IND0    4
   1   19  -10   0.800233     8.091523    -0.000000      8.09152   -1.#IND0   -1.#IND0    4
   1   17   11   0.799940    -2.751096    -0.000000       2.7511   -1.#IND0   -1.#IND0    4
   7   14    2   0.799923    17.065842    -0.000000      17.0658   -1.#IND0   -1.#IND0    4
   3    5   15   0.799820     4.519425    -0.000000      4.51943   -1.#IND0   -1.#IND0    4
   6   12  -15   0.799792   -15.773575    -0.000000      15.7736   -1.#IND0   -1.#IND0    4
   9    6  -13   0.799740     7.759027     0.000000      7.75903   -1.#IND0   -1.#IND0    4
   7    5    8   0.799626     3.111883     0.000000      3.11188   -1.#IND0   -1.#IND0    4
   7    6  -17   0.799619   -17.836491    -0.000000      17.8365   -1.#IND0   -1.#IND0    4
   5   17  -11   0.799612     4.618300    -0.000000       4.6183   -1.#IND0   -1.#IND0    4
   0    4   18   0.799607    20.169064    -0.000000      20.1691   -1.#IND0   -1.#IND0    4
   8    1    6   0.799487    -1.778851     0.000000      1.77885   -1.#IND0   -1.#IND0    4
   6   18   -4   0.799467    12.771772    -0.000000      12.7718   -1.#IND0   -1.#IND0    4
  10    4   -8   0.799452    -9.774076    -0.000000      9.77408   -1.#IND0   -1.#IND0    4
   4    3   14   0.799288     6.627393     0.000000      6.62739   -1.#IND0   -1.#IND0    4
   3    5  -19   0.799189    22.410094     0.000000      22.4101   -1.#IND0   -1.#IND0    4
   3   20    4   0.799183    12.657042    -0.000000       12.657   -1.#IND0   -1.#IND0    4
   4   20    1   0.799157   -10.727344    -0.000000      10.7273   -1.#IND0   -1.#IND0    4
   5   10  -17   0.799063    -5.384649     0.000000      5.38465   -1.#IND0   -1.#IND0    4
  10    3   -4   0.798979    -3.977999     0.000000        3.978   -1.#IND0   -1.#IND0    4
   4   12   11   0.798962     5.062407    -0.000000      5.06241   -1.#IND0   -1.#IND0    4
   3   20   -8   0.798960    15.590297    -0.000000      15.5903   -1.#IND0   -1.#IND0    4
   9    4    2   0.798801    12.283364    -0.000000      12.2834   -1.#IND0   -1.#IND0    4
   5   19    0   0.798785    -4.146444     0.000000      4.14644   -1.#IND0   -1.#IND0    4
   3   11   13   0.798756    -1.060654     0.000000      1.06065   -1.#IND0   -1.#IND0    4
   4    5  -19   0.798698   -13.115529    -0.000000      13.1155   -1.#IND0   -1.#IND0    4
   1    9   16   0.798617     1.341767     0.000000      1.34177   -1.#IND0   -1.#IND0    4
   1   22   -3   0.798563    -3.733741    -0.000000      3.73374   -1.#IND0   -1.#IND0    4
   1   12  -16   0.798541    13.004907     0.000000      13.0049   -1.#IND0   -1.#IND0    4
   4   19   -9   0.798532     6.544588    -0.000000      6.54459   -1.#IND0   -1.#IND0    4
  10    4   -5   0.798446    -1.261920     0.000000      1.26192   -1.#IND0   -1.#IND0    4
   1   18   10   0.798367     0.012865    -0.000000    0.0128653   -1.#IND0   -1.#IND0    4
   6   18   -3   0.798313    -3.049059    -0.000000      3.04906   -1.#IND0   -1.#IND0    4
   8   12  -11   0.798310     9.605483    -0.000000      9.60548   -1.#IND0   -1.#IND0    4
   6    6   10   0.798298    20.420838    -0.000000      20.4208   -1.#IND0   -1.#IND0    4
   3   21    1   0.798293    -0.769491     0.000000     0.769491   -1.#IND0   -1.#IND0    4
   6   18   -5   0.798239    -5.646492     0.000000      5.64649   -1.#IND0   -1.#IND0    4
   3   11  -17   0.798201    -1.867831    -0.000000      1.86783   -1.#IND0   -1.#IND0    4
   2    4  -19   0.798195    10.467039     0.000000       10.467   -1.#IND0   -1.#IND0    4
   3   21   -5   0.798182    -6.529402     0.000000       6.5294   -1.#IND0   -1.#IND0    4
   0   22    3   0.798182     4.864478     0.000000      4.86448   -1.#IND0   -1.#IND0    4
   6   17    1   0.798042     2.807265    -0.000000      2.80726   -1.#IND0   -1.#IND0    4
   7    0  -18   0.797976    22.774251     0.000000      22.7743   -1.#IND0   -1.#IND0    2
  10    1   -3   0.797937   -10.139984    -0.000000        10.14   -1.#IND0   -1.#IND0    4
   8    8    4   0.797922     9.117954    -0.000000      9.11795   -1.#IND0   -1.#IND0    4
   9    4  -14   0.797914     0.409710    -0.000000      0.40971   -1.#IND0   -1.#IND0    4
  10    2  -10   0.797870     9.745182     0.000000      9.74518   -1.#IND0   -1.#IND0    4
   4   14  -15   0.797767    -0.155794    -0.000000     0.155794   -1.#IND0   -1.#IND0    4
   7   16   -7   0.797703    -1.368084    -0.000000      1.36808   -1.#IND0   -1.#IND0    4
   6   17   -9   0.797673     9.099155    -0.000000      9.09915   -1.#IND0   -1.#IND0    4
   8    9  -14   0.797646   -10.423144    -0.000000      10.4231   -1.#IND0   -1.#IND0    4
   2   17   10   0.797625    -8.465916     0.000000      8.46592   -1.#IND0   -1.#IND0    4
   1   16   12   0.797521    11.984361    -0.000000      11.9844   -1.#IND0   -1.#IND0    4
   6    6  -18   0.797265     5.993057     0.000000      5.99306   -1.#IND0   -1.#IND0    4
   3   19    6   0.797259     5.525047     0.000000      5.52505   -1.#IND0   -1.#IND0    4
   7    8    7   0.797186    -1.603324    -0.000000      1.60332   -1.#IND0   -1.#IND0    4
   2   20    6   0.797186     9.993112     0.000000      9.99311   -1.#IND0   -1.#IND0    4
   7    1  -18   0.797175     3.309719    -0.000000      3.30972   -1.#IND0   -1.#IND0    4
   1    7  -18   0.797167    -7.237049    -0.000000      7.23705   -1.#IND0   -1.#IND0    4
   8    6    5   0.797084     0.613045    -0.000000     0.613045   -1.#IND0   -1.#IND0    4
   8    2    6   0.797078    10.246229    -0.000000      10.2462   -1.#IND0   -1.#IND0    4
   3   19  -10   0.796965     3.719315    -0.000000      3.71931   -1.#IND0   -1.#IND0    4
   5    4  -19   0.796731    17.944325     0.000000      17.9443   -1.#IND0   -1.#IND0    4
   1   22    2   0.796618    10.766616    -0.000000      10.7666   -1.#IND0   -1.#IND0    4
   8    5  -16   0.796565     5.092933     0.000000      5.09293   -1.#IND0   -1.#IND0    4
   9   10   -3   0.796446    -2.667409    -0.000000      2.66741   -1.#IND0   -1.#IND0    4
   2    6   16   0.796439     8.148469    -0.000000      8.14847   -1.#IND0   -1.#IND0    4
   1   10  -17   0.796239     8.838366     0.000000      8.83837   -1.#IND0   -1.#IND0    4
   0   11   16   0.796117     2.569589     0.000000      2.56959   -1.#IND0   -1.#IND0    4
   9   10   -9   0.796116     0.237562    -0.000000     0.237562   -1.#IND0   -1.#IND0    4
   6   16    3   0.796100    -7.912562     0.000000      7.91256   -1.#IND0   -1.#IND0    4
   2   16   11   0.796017    -7.956495    -0.000000      7.95649   -1.#IND0   -1.#IND0    4
   7   16   -2   0.795948     9.711593    -0.000000      9.71159   -1.#IND0   -1.#IND0    4
   5   19   -7   0.795808    10.439365    -0.000000      10.4394   -1.#IND0   -1.#IND0    4
   4   16    8   0.795726     7.270875     0.000000      7.27087   -1.#IND0   -1.#IND0    4
   6   16  -11   0.795587     3.296782    -0.000000      3.29678   -1.#IND0   -1.#IND0    4
  10    2   -3   0.795543    -0.232905     0.000000     0.232905   -1.#IND0   -1.#IND0    4
   2   18    9   0.795275     6.612516    -0.000000      6.61252   -1.#IND0   -1.#IND0    4
   7   15  -10   0.795149     1.792797    -0.000000       1.7928   -1.#IND0   -1.#IND0    4
   5   12  -16   0.795078    11.233720     0.000000      11.2337   -1.#IND0   -1.#IND0    4
  10    4   -9   0.795051    -6.062641     0.000000      6.06264   -1.#IND0   -1.#IND0    4
   8   14   -5   0.794905    -2.037021    -0.000000      2.03702   -1.#IND0   -1.#IND0    4
   6   18   -2   0.794808     7.670349    -0.000000      7.67035   -1.#IND0   -1.#IND0    4
   7   10    6   0.794800     5.480531    -0.000000      5.48053   -1.#IND0   -1.#IND0    4
   7    2  -18   0.794787    34.157363     0.000000      34.1574   -1.#IND0   -1.#IND0    4
   3   13   12   0.794686     3.888056    -0.000000      3.88806   -1.#IND0   -1.#IND0    4
   6   18   -6   0.794662     0.867940     0.000000      0.86794   -1.#IND0   -1.#IND0    4
   8   13   -1   0.794602    -1.512177     0.000000      1.51218   -1.#IND0   -1.#IND0    4
   4   11  -17   0.794581    -7.588345     0.000000      7.58834   -1.#IND0   -1.#IND0    4
   5   15    7   0.794535    -5.753320    -0.000000      5.75332   -1.#IND0   -1.#IND0    4
   8   14   -6   0.794466     8.286149    -0.000000      8.28615   -1.#IND0   -1.#IND0    4
   0   13   15   0.794437     9.109154    -0.000000      9.10915   -1.#IND0   -1.#IND0    4
   2   21    4   0.794375    -4.369896    -0.000000       4.3699   -1.#IND0   -1.#IND0    4
   0   17   12   0.794348    12.065623     0.000000      12.0656   -1.#IND0   -1.#IND0    4
  10    5   -7   0.794296   -12.043702     0.000000      12.0437   -1.#IND0   -1.#IND0    4
   5    8  -18   0.794296    10.494304     0.000000      10.4943   -1.#IND0   -1.#IND0    4
   6    9    9   0.794248     5.175830    -0.000000      5.17583   -1.#IND0   -1.#IND0    4
   3   13  -16   0.794176     2.128665     0.000000      2.12866   -1.#IND0   -1.#IND0    4
   5   18    3   0.794155     3.861257     0.000000      3.86126   -1.#IND0   -1.#IND0    4
   4   15    9   0.794121    -1.237792    -0.000000      1.23779   -1.#IND0   -1.#IND0    4
   3    9   14   0.794085    -2.267637    -0.000000      2.26764   -1.#IND0   -1.#IND0    4
   1    6   17   0.793989    -2.395498    -0.000000       2.3955   -1.#IND0   -1.#IND0    4
  10    5   -6   0.793967    13.792707     0.000000      13.7927   -1.#IND0   -1.#IND0    4
   5    6   12   0.793940    20.762643    -0.000000      20.7626   -1.#IND0   -1.#IND0    4
  10    3  -10   0.793892     0.022881     0.000000    0.0228808   -1.#IND0   -1.#IND0    4
   5   11   10   0.793768    -7.263196    -0.000000       7.2632   -1.#IND0   -1.#IND0    4
   4   19    4   0.793743     5.588312    -0.000000      5.58831   -1.#IND0   -1.#IND0    4
   4    4   14   0.793706     8.396736    -0.000000      8.39674   -1.#IND0   -1.#IND0    4
   0   18   11   0.793591    13.575583     0.000000      13.5756   -1.#IND0   -1.#IND0    4
   4    8   13   0.793568    -1.659692     0.000000      1.65969   -1.#IND0   -1.#IND0    4
   3    9  -18   0.793503   -18.811110    -0.000000      18.8111   -1.#IND0   -1.#IND0    4
   2   22   -1   0.793474    -8.665709     0.000000      8.66571   -1.#IND0   -1.#IND0    4
   9    8    0   0.793469    -4.485330    -0.000000      4.48533   -1.#IND0   -1.#IND0    4
  10    4   -4   0.793404    14.353958     0.000000       14.354   -1.#IND0   -1.#IND0    4
   4   17    7   0.793402     0.957120     0.000000      0.95712   -1.#IND0   -1.#IND0    4
   4   18  -11   0.793378    -7.061631     0.000000      7.06163   -1.#IND0   -1.#IND0    4
   1    1  -19   0.793359    -5.295943    -0.000000      5.29594   -1.#IND0   -1.#IND0    4
   6    9  -17   0.793303     7.248808     0.000000      7.24881   -1.#IND0   -1.#IND0    4
   2   11  -17   0.793189     2.355587     0.000000      2.35559   -1.#IND0   -1.#IND0    4
   8    3    6   0.793112    -0.713376    -0.000000     0.713376   -1.#IND0   -1.#IND0    4
   2   22   -2   0.793073    16.485540    -0.000000      16.4855   -1.#IND0   -1.#IND0    4
   5    9   11   0.793050     9.572635    -0.000000      9.57263   -1.#IND0   -1.#IND0    4
   5   16    6   0.793012    11.539810    -0.000000      11.5398   -1.#IND0   -1.#IND0    4
   8   14   -4   0.793005    10.996584    -0.000000      10.9966   -1.#IND0   -1.#IND0    4
   1   19    9   0.792873     4.744767    -0.000000      4.74477   -1.#IND0   -1.#IND0    4
   9    9   -1   0.792849    -8.732145     0.000000      8.73214   -1.#IND0   -1.#IND0    4
   9    8  -12   0.792817    17.534661     0.000000      17.5347   -1.#IND0   -1.#IND0    4
   4   20   -7   0.792681     3.420144     0.000000      3.42014   -1.#IND0   -1.#IND0    4
   0    5   18   0.792444    -1.263301    -0.000000       1.2633   -1.#IND0   -1.#IND0    4
   9    9  -11   0.792306     7.057666    -0.000000      7.05767   -1.#IND0   -1.#IND0    4
  10    5   -8   0.792292    -4.733315    -0.000000      4.73332   -1.#IND0   -1.#IND0    4
   5   14    8   0.792147     7.957690    -0.000000      7.95769   -1.#IND0   -1.#IND0    4
   1   14  -15   0.792124     2.974663    -0.000000      2.97466   -1.#IND0   -1.#IND0    4
   6    1   11   0.792049    21.151763    -0.000000      21.1518   -1.#IND0   -1.#IND0    4
   1   21   -7   0.791943    -7.750483     0.000000      7.75048   -1.#IND0   -1.#IND0    4
   1   22   -4   0.791901    18.751917    -0.000000      18.7519   -1.#IND0   -1.#IND0    4
   6   11    8   0.791852    -2.600307    -0.000000      2.60031   -1.#IND0   -1.#IND0    4
   8   11    2   0.791752    10.610793     0.000000      10.6108   -1.#IND0   -1.#IND0    4
   7    9  -16   0.791735    -6.951715    -0.000000      6.95171   -1.#IND0   -1.#IND0    4
   8   14   -7   0.791699     3.004453    -0.000000      3.00445   -1.#IND0   -1.#IND0    4
   9    5    2   0.791659    -0.288791    -0.000000     0.288791   -1.#IND0   -1.#IND0    4
  10    3   -3   0.791599    -9.751996     0.000000        9.752   -1.#IND0   -1.#IND0    4
   2   22    0   0.791548    10.038822    -0.000000      10.0388   -1.#IND0   -1.#IND0    4
   4    9  -18   0.791480     0.001955    -0.000000   0.00195545   -1.#IND0   -1.#IND0    4
   7   15    1   0.791340     3.252576     0.000000      3.25258   -1.#IND0   -1.#IND0    4
   7   13  -13   0.791333     7.812361     0.000000      7.81236   -1.#IND0   -1.#IND0    4
  10    5   -5   0.791313    17.050465     0.000000      17.0505   -1.#IND0   -1.#IND0    4
   1   15   13   0.791218     5.978579    -0.000000      5.97858   -1.#IND0   -1.#IND0    4
  10    1  -11   0.791202   -10.902666    -0.000000      10.9027   -1.#IND0   -1.#IND0    4
   0   16   13   0.791201    -1.644611     0.000000      1.64461   -1.#IND0   -1.#IND0    4
   2   20   -9   0.791155     1.380164    -0.000000      1.38016   -1.#IND0   -1.#IND0    4
   3    6   15   0.791084     2.761204     0.000000       2.7612   -1.#IND0   -1.#IND0    4
   2    5  -19   0.791069    -9.124561    -0.000000      9.12456   -1.#IND0   -1.#IND0    4
   7   16   -8   0.791026     6.228536    -0.000000      6.22854   -1.#IND0   -1.#IND0    4
   1    2  -19   0.791005    -9.723614     0.000000      9.72361   -1.#IND0   -1.#IND0    4
   6   11  -16   0.790987     0.865403     0.000000     0.865403   -1.#IND0   -1.#IND0    4
   6    1  -19   0.790967     2.690973     0.000000      2.69097   -1.#IND0   -1.#IND0    4
   7    6    8   0.790896    13.657079    -0.000000      13.6571   -1.#IND0   -1.#IND0    4
   7    3  -18   0.790855    -3.116492     0.000000      3.11649   -1.#IND0   -1.#IND0    4
   9    1    3   0.790805    -9.805289     0.000000      9.80529   -1.#IND0   -1.#IND0    4
   9    5  -14   0.790795    -0.775213    -0.000000     0.775213   -1.#IND0   -1.#IND0    4
   2   13  -16   0.790768    -9.596104    -0.000000       9.5961   -1.#IND0   -1.#IND0    4
   8   13  -10   0.790678    -1.916912     0.000000      1.91691   -1.#IND0   -1.#IND0    4
   2   15   12   0.790524     8.145899    -0.000000       8.1459   -1.#IND0   -1.#IND0    4
   3    6  -19   0.790473    -6.376902    -0.000000       6.3769   -1.#IND0   -1.#IND0    4
   7   12  -14   0.790395     7.174607     0.000000      7.17461   -1.#IND0   -1.#IND0    4
   2   22   -3   0.790356    -8.257346    -0.000000      8.25735   -1.#IND0   -1.#IND0    4
   9   11   -6   0.790232     3.123717     0.000000      3.12372   -1.#IND0   -1.#IND0    4
   9    7    1   0.790201    -4.852181    -0.000000      4.85218   -1.#IND0   -1.#IND0    4
   3   21    2   0.790121    -5.411848     0.000000      5.41185   -1.#IND0   -1.#IND0    4
   8   10    3   0.790092     2.810496     0.000000       2.8105   -1.#IND0   -1.#IND0    4
   1   20   -9   0.790044     6.753577    -0.000000      6.75358   -1.#IND0   -1.#IND0    4
   4    6  -19   0.789998   -16.687554     0.000000      16.6876   -1.#IND0   -1.#IND0    4
   0   22    4   0.789995    11.474655     0.000000      11.4747   -1.#IND0   -1.#IND0    4
   2   21   -7   0.789985     1.624098     0.000000       1.6241   -1.#IND0   -1.#IND0    4
   3   21   -6   0.789977    -0.850522     0.000000     0.850522   -1.#IND0   -1.#IND0    4
   5   19    1   0.789842    -3.893804     0.000000       3.8938   -1.#IND0   -1.#IND0    4
   9    1  -15   0.789836     7.550906     0.000000      7.55091   -1.#IND0   -1.#IND0    4
   6    2   11   0.789707    -0.987706     0.000000     0.987706   -1.#IND0   -1.#IND0    4
   5    5  -19   0.789644    -2.315640     0.000000      2.31564   -1.#IND0   -1.#IND0    4
   8    8  -15   0.789604     7.913606     0.000000      7.91361   -1.#IND0   -1.#IND0    4
   8   12    1   0.789542    -8.354661     0.000000      8.35466   -1.#IND0   -1.#IND0    4
   9    7  -13   0.789449    -0.514898     0.000000     0.514898   -1.#IND0   -1.#IND0    4
   4   20    2   0.789428     8.947465    -0.000000      8.94747   -1.#IND0   -1.#IND0    4
   8    1  -17   0.789391    -3.091240     0.000000      3.09124   -1.#IND0   -1.#IND0    4
   7    7  -17   0.789332     4.773855    -0.000000      4.77386   -1.#IND0   -1.#IND0    4
   1   22    3   0.789250    10.580523     0.000000      10.5805   -1.#IND0   -1.#IND0    4
   0    9   17   0.789168     4.046731     0.000000      4.04673   -1.#IND0   -1.#IND0    4
   9   11   -5   0.789136    -2.673749    -0.000000      2.67375   -1.#IND0   -1.#IND0    4
   4   13  -16   0.789081     7.575221     0.000000      7.57522   -1.#IND0   -1.#IND0    4
   2   19    8   0.789072     5.646471    -0.000000      5.64647   -1.#IND0   -1.#IND0    4
  10    0   -2   0.789062    -3.195160     0.000000      3.19516   -1.#IND0   -1.#IND0    2
   6   18   -1   0.789044    -5.876298     0.000000       5.8763   -1.#IND0   -1.#IND0    4
   9   11   -7   0.789029    -5.158945     0.000000      5.15894   -1.#IND0   -1.#IND0    4
   0   19   10   0.788964    -8.031831     0.000000      8.03183   -1.#IND0   -1.#IND0    4
  10    2  -11   0.788868     6.747783     0.000000      6.74778   -1.#IND0   -1.#IND0    4
   6   18   -7   0.788830    -0.652340     0.000000      0.65234   -1.#IND0   -1.#IND0    4
   8   14   -3   0.788816     9.808845    -0.000000      9.80885   -1.#IND0   -1.#IND0    4
   5   18  -10   0.788747     2.649641    -0.000000      2.64964   -1.#IND0   -1.#IND0    4
   4   14   10   0.788658     8.607396    -0.000000       8.6074   -1.#IND0   -1.#IND0    4
   6    2  -19   0.788635    -9.381211    -0.000000      9.38121   -1.#IND0   -1.#IND0    4
   7   16   -1   0.788633    12.863060    -0.000000      12.8631   -1.#IND0   -1.#IND0    4
   9    2    3   0.788474    -3.726207    -0.000000      3.72621   -1.#IND0   -1.#IND0    4
  10    4  -10   0.788422    16.835696     0.000000      16.8357   -1.#IND0   -1.#IND0    4
   2   17  -13   0.788417   -11.100411     0.000000      11.1004   -1.#IND0   -1.#IND0    4
   7   14  -12   0.788411    -4.046526     0.000000      4.04653   -1.#IND0   -1.#IND0    4
   9   10   -2   0.788366     2.230118     0.000000      2.23012   -1.#IND0   -1.#IND0    4
  10    1   -2   0.788288    -2.723074    -0.000000      2.72307   -1.#IND0   -1.#IND0    4
   6    7   10   0.788062     4.611218     0.000000      4.61122   -1.#IND0   -1.#IND0    4
  10    5   -9   0.788008     5.667472     0.000000      5.66747   -1.#IND0   -1.#IND0    4
   9   10  -10   0.787939    16.075112     0.000000      16.0751   -1.#IND0   -1.#IND0    4
   8    6  -16   0.787933     7.175059     0.000000      7.17506   -1.#IND0   -1.#IND0    4
   7    1    9   0.787852    -0.588801    -0.000000     0.588801   -1.#IND0   -1.#IND0    4
   8    4    6   0.787658     2.574253    -0.000000      2.57425   -1.#IND0   -1.#IND0    4
   5   17    5   0.787644     3.449176     0.000000      3.44918   -1.#IND0   -1.#IND0    4
   3   17    9   0.787604    -1.396664    -0.000000      1.39666   -1.#IND0   -1.#IND0    4
   2   12   14   0.787556     4.779749     0.000000      4.77975   -1.#IND0   -1.#IND0    4
   9    2  -15   0.787514    -5.695836    -0.000000      5.69584   -1.#IND0   -1.#IND0    4
   2   22    1   0.787346     4.903321    -0.000000      4.90332   -1.#IND0   -1.#IND0    4
   4   18    6   0.787251     6.598420    -0.000000      6.59842   -1.#IND0   -1.#IND0    4
   3   17  -13   0.787214    -3.566449     0.000000      3.56645   -1.#IND0   -1.#IND0    4
   1    3  -19   0.787129    -5.959304    -0.000000       5.9593   -1.#IND0   -1.#IND0    4
   8    2  -17   0.787073     0.445085     0.000000     0.445085   -1.#IND0   -1.#IND0    4
   6    7  -18   0.787067     5.509515     0.000000      5.50952   -1.#IND0   -1.#IND0    4
   2    9  -18   0.787062     8.193197     0.000000       8.1932   -1.#IND0   -1.#IND0    4
   1   21    6   0.787040    -4.768459     0.000000      4.76846   -1.#IND0   -1.#IND0    4
   2   18  -12   0.786929     2.969253     0.000000      2.96925   -1.#IND0   -1.#IND0    4
   8    7    5   0.786894    -5.408756     0.000000      5.40876   -1.#IND0   -1.#IND0    4
   3   16   10   0.786820    15.737596     0.000000      15.7376   -1.#IND0   -1.#IND0    4
   1   12   15   0.786710     8.350466    -0.000000      8.35047   -1.#IND0   -1.#IND0    4
   4    5   14   0.786698     0.791093    -0.000000     0.791093   -1.#IND0   -1.#IND0    4
   8   14   -8   0.786676    11.958234    -0.000000      11.9582   -1.#IND0   -1.#IND0    4
  10    5   -4   0.786404    -9.799334     0.000000      9.79933   -1.#IND0   -1.#IND0    4
   3   16  -14   0.786395    14.909455    -0.000000      14.9095   -1.#IND0   -1.#IND0    4
   2    7   16   0.786273     5.145522    -0.000000      5.14552   -1.#IND0   -1.#IND0    4
  10    4   -3   0.786176    -3.454579     0.000000      3.45458   -1.#IND0   -1.#IND0    4
   5   19   -8   0.786147    -4.170341     0.000000      4.17034   -1.#IND0   -1.#IND0    4
   2   16  -14   0.786083    23.219629    -0.000000      23.2196   -1.#IND0   -1.#IND0    4
  10    2   -2   0.785979    -1.590596     0.000000       1.5906   -1.#IND0   -1.#IND0    4
   5   13    9   0.785953     1.082303    -0.000000       1.0823   -1.#IND0   -1.#IND0    4
   6    3   11   0.785849    17.186220    -0.000000      17.1862   -1.#IND0   -1.#IND0    4
   5   15  -14   0.785841    -1.830828    -0.000000      1.83083   -1.#IND0   -1.#IND0    4
   9   11   -4   0.785768    10.003735    -0.000000      10.0037   -1.#IND0   -1.#IND0    4
  10    6   -7   0.785737     7.121464     0.000000      7.12146   -1.#IND0   -1.#IND0    4
   7   11  -15   0.785637    -3.913440     0.000000      3.91344   -1.#IND0   -1.#IND0    4
   9   11   -8   0.785556    -3.492328     0.000000      3.49233   -1.#IND0   -1.#IND0    4
   7   13    4   0.785553     0.689076    -0.000000     0.689076   -1.#IND0   -1.#IND0    4
   7    2    9   0.785547    -0.781838    -0.000000     0.781838   -1.#IND0   -1.#IND0    4
   0   21    7   0.785488     1.026798    -0.000000       1.0268   -1.#IND0   -1.#IND0    4
   7    4  -18   0.785447    22.811212     0.000000      22.8112   -1.#IND0   -1.#IND0    4
   1    8  -18   0.785439    -4.491136     0.000000      4.49114   -1.#IND0   -1.#IND0    4
  10    6   -6   0.785419    18.552483     0.000000      18.5525   -1.#IND0   -1.#IND0    4
   2   22   -4   0.785395     7.752898    -0.000000       7.7529   -1.#IND0   -1.#IND0    4
   2   10   15   0.785365    -4.224503     0.000000       4.2245   -1.#IND0   -1.#IND0    4
   6   17    2   0.785331     0.819877     0.000000     0.819877   -1.#IND0   -1.#IND0    4
   8   11  -13   0.785314    -4.247596    -0.000000       4.2476   -1.#IND0   -1.#IND0    4
   5   16  -13   0.785178    -2.848632    -0.000000      2.84863   -1.#IND0   -1.#IND0    4
  10    3  -11   0.785022   -10.607781    -0.000000      10.6078   -1.#IND0   -1.#IND0    4
   6   17  -10   0.784909    -7.594546     0.000000      7.59455   -1.#IND0   -1.#IND0    4
   6    3  -19   0.784793    -1.303893    -0.000000      1.30389   -1.#IND0   -1.#IND0    4
   5    1   13   0.784758    21.526073    -0.000000      21.5261   -1.#IND0   -1.#IND0    4
   9    3    3   0.784635     0.638239     0.000000     0.638239   -1.#IND0   -1.#IND0    4
   8    9    4   0.784633    -2.211325    -0.000000      2.21132   -1.#IND0   -1.#IND0    4
   3   18    8   0.784583     1.594554     0.000000      1.59455   -1.#IND0   -1.#IND0    4
   0   15   14   0.784287    -4.835878     0.000000      4.83588   -1.#IND0   -1.#IND0    4
   3   18  -12   0.784232     4.817174     0.000000      4.81717   -1.#IND0   -1.#IND0    4
   4   11   12   0.784168    -8.662432     0.000000      8.66243   -1.#IND0   -1.#IND0    4
   6   14    6   0.784155     7.487069    -0.000000      7.48707   -1.#IND0   -1.#IND0    4
   3   20    5   0.784138    -0.612498     0.000000     0.612498   -1.#IND0   -1.#IND0    4
   8   12  -12   0.783999     6.989380     0.000000      6.98938   -1.#IND0   -1.#IND0    4
   7   12    5   0.783966    -5.016259     0.000000      5.01626   -1.#IND0   -1.#IND0    4
   0    6   18   0.783944    18.128634    -0.000000      18.1286   -1.#IND0   -1.#IND0    4
   7    9    7   0.783933     0.495435    -0.000000     0.495435   -1.#IND0   -1.#IND0    4
   1    7   17   0.783915    -0.146225     0.000000     0.146225   -1.#IND0   -1.#IND0    4
   3   20   -9   0.783893     3.871186    -0.000000      3.87119   -1.#IND0   -1.#IND0    4
   5    7   12   0.783868     5.066238    -0.000000      5.06624   -1.#IND0   -1.#IND0    4
  10    6   -8   0.783798   -10.665699    -0.000000      10.6657   -1.#IND0   -1.#IND0    4
   1   10   16   0.783770     9.697335     0.000000      9.69733   -1.#IND0   -1.#IND0    4
   1   20    8   0.783696    11.568457    -0.000000      11.5685   -1.#IND0   -1.#IND0    4
   9    3  -15   0.783688    -4.032364    -0.000000      4.03236   -1.#IND0   -1.#IND0    4
   8   13    0   0.783557   -10.223806    -0.000000      10.2238   -1.#IND0   -1.#IND0    4
   6   14  -14   0.783455    -3.039745     0.000000      3.03975   -1.#IND0   -1.#IND0    4
   6   15    5   0.783453     1.608658    -0.000000      1.60866   -1.#IND0   -1.#IND0    4
   7   14    3   0.783360     1.280745     0.000000      1.28075   -1.#IND0   -1.#IND0    4
   8    3  -17   0.783254    -6.483797    -0.000000       6.4838   -1.#IND0   -1.#IND0    4
   9    6    2   0.783184    14.816697    -0.000000      14.8167   -1.#IND0   -1.#IND0    4
   1   22   -5   0.783149    -6.402990     0.000000      6.40299   -1.#IND0   -1.#IND0    4
   8   10  -14   0.782852    14.399419     0.000000      14.3994   -1.#IND0   -1.#IND0    4
  10    6   -5   0.782850   -10.460316    -0.000000      10.4603   -1.#IND0   -1.#IND0    4
   6   15  -13   0.782824     3.327393    -0.000000      3.32739   -1.#IND0   -1.#IND0    4
   4   19  -10   0.782735     9.031068    -0.000000      9.03107   -1.#IND0   -1.#IND0    4
   5   14  -15   0.782725     0.172136    -0.000000     0.172136   -1.#IND0   -1.#IND0    4
   5   11  -17   0.782673     1.307336     0.000000      1.30734   -1.#IND0   -1.#IND0    4
   2    1   17   0.782636     8.765102    -0.000000       8.7651   -1.#IND0   -1.#IND0    4
   2    6  -19   0.782613     0.468532     0.000000     0.468532   -1.#IND0   -1.#IND0    4
   5    2   13   0.782480    -6.405462    -0.000000      6.40546   -1.#IND0   -1.#IND0    4
   4   21   -3   0.782468    -2.885382    -0.000000      2.88538   -1.#IND0   -1.#IND0    4
   8   14   -2   0.782445     7.220771    -0.000000      7.22077   -1.#IND0   -1.#IND0    4
   9    6  -14   0.782348    -4.090377    -0.000000      4.09038   -1.#IND0   -1.#IND0    4
   7   16   -9   0.782269     8.347478    -0.000000      8.34748   -1.#IND0   -1.#IND0    4
   3   15   11   0.782263     2.527069     0.000000      2.52707   -1.#IND0   -1.#IND0    4
  10    3   -2   0.782176     3.754003     0.000000        3.754   -1.#IND0   -1.#IND0    4
   4   21   -2   0.782118     7.359856    -0.000000      7.35986   -1.#IND0   -1.#IND0    4
   3   15  -15   0.781811     0.023582     0.000000    0.0235816   -1.#IND0   -1.#IND0    4
   1    4  -19   0.781796    -8.743592    -0.000000      8.74359   -1.#IND0   -1.#IND0    4
   7   15  -11   0.781753     1.158125     0.000000      1.15812   -1.#IND0   -1.#IND0    4
   7    3    9   0.781750     3.561167    -0.000000      3.56117   -1.#IND0   -1.#IND0    4
   2   19  -11   0.781684     7.841426    -0.000000      7.84143   -1.#IND0   -1.#IND0    4
   4   20   -8   0.781646    11.153581    -0.000000      11.1536   -1.#IND0   -1.#IND0    4
  10    5  -10   0.781552     8.620598     0.000000       8.6206   -1.#IND0   -1.#IND0    4
   2   14   13   0.781381     4.700715    -0.000000      4.70072   -1.#IND0   -1.#IND0    4
   1   18  -12   0.781359     5.395386    -0.000000      5.39539   -1.#IND0   -1.#IND0    4
   1   17  -13   0.781331     6.385930    -0.000000      6.38593   -1.#IND0   -1.#IND0    4
   1   14   14   0.781302     5.463520    -0.000000      5.46352   -1.#IND0   -1.#IND0    4
   5    6  -19   0.781233     6.169746    -0.000000      6.16975   -1.#IND0   -1.#IND0    4
   5    9  -18   0.781184    -5.851827    -0.000000      5.85183   -1.#IND0   -1.#IND0    4
   6   18    0   0.781168    17.069755    -0.000000      17.0698   -1.#IND0   -1.#IND0    4
   3    7   15   0.781119    -4.575332     0.000000      4.57533   -1.#IND0   -1.#IND0    4
   6   13    7   0.781102     1.702852     0.000000      1.70285   -1.#IND0   -1.#IND0    4
   2   21    5   0.781069    -2.906936    -0.000000      2.90694   -1.#IND0   -1.#IND0    4
   5   20   -3   0.781030    -2.651733     0.000000      2.65173   -1.#IND0   -1.#IND0    4
   2   22    2   0.780976    11.415589    -0.000000      11.4156   -1.#IND0   -1.#IND0    4
  10    0  -12   0.780944     8.665102     0.000000       8.6651   -1.#IND0   -1.#IND0    2
   7    7    8   0.780938     5.666303    -0.000000       5.6663   -1.#IND0   -1.#IND0    4
   6   18   -8   0.780891     4.453085     0.000000      4.45309   -1.#IND0   -1.#IND0    4
   3   12   13   0.780878    -4.162162     0.000000      4.16216   -1.#IND0   -1.#IND0    4
   8    5    6   0.780808    -0.930751     0.000000     0.930751   -1.#IND0   -1.#IND0    4
   5   17  -12   0.780765     1.260074     0.000000      1.26007   -1.#IND0   -1.#IND0    4
   0   20    9   0.780666   -13.195289     0.000000      13.1953   -1.#IND0   -1.#IND0    4
   5   20   -4   0.780630     5.379730    -0.000000      5.37973   -1.#IND0   -1.#IND0    4
   4   21   -4   0.780586     4.475502     0.000000       4.4755   -1.#IND0   -1.#IND0    4
   6    4   11   0.780543     3.383952    -0.000000      3.38395   -1.#IND0   -1.#IND0    4
   3    7  -19   0.780531    16.348383     0.000000      16.3484   -1.#IND0   -1.#IND0    4
   4    9   13   0.780492     3.891801    -0.000000       3.8918   -1.#IND0   -1.#IND0    4
   9    9    0   0.780398     8.862935     0.000000      8.86294   -1.#IND0   -1.#IND0    4
   2    2   17   0.780377    -6.557281    -0.000000      6.55728   -1.#IND0   -1.#IND0    4
   3   12  -17   0.780359    -5.778272     0.000000      5.77827   -1.#IND0   -1.#IND0    4
   6   13  -15   0.780341     6.796849    -0.000000      6.79685   -1.#IND0   -1.#IND0    4
   1    0   18   0.780315    11.029490    -0.000000      11.0295   -1.#IND0   -1.#IND0    2
   9   11   -3   0.780214     7.605806    -0.000000      7.60581   -1.#IND0   -1.#IND0    4
  10    1  -12   0.780193    -4.500748    -0.000000      4.50075   -1.#IND0   -1.#IND0    4
   4    7  -19   0.780073    -2.254462    -0.000000      2.25446   -1.#IND0   -1.#IND0    4
   2   15  -15   0.780028     6.792788     0.000000      6.79279   -1.#IND0   -1.#IND0    4
   1   11  -17   0.780019    -8.728889     0.000000      8.72889   -1.#IND0   -1.#IND0    4
   3   21    3   0.779969    -4.557513     0.000000      4.55751   -1.#IND0   -1.#IND0    4
   9   11   -9   0.779904    -0.726908    -0.000000     0.726908   -1.#IND0   -1.#IND0    4
   1   22    4   0.779857    12.807152     0.000000      12.8072   -1.#IND0   -1.#IND0    4
   0   22    5   0.779830     8.619209    -0.000000      8.61921   -1.#IND0   -1.#IND0    4
   3   21   -7   0.779796    -2.801014     0.000000      2.80101   -1.#IND0   -1.#IND0    4
   9    9  -12   0.779777     3.636095     0.000000      3.63609   -1.#IND0   -1.#IND0    4
  10    4  -11   0.779732     5.111261     0.000000      5.11126   -1.#IND0   -1.#IND0    4
  10    6   -9   0.779649   -16.599326    -0.000000      16.5993   -1.#IND0   -1.#IND0    4
   6   10    9   0.779638     2.749578    -0.000000      2.74958   -1.#IND0   -1.#IND0    4
   4   13   11   0.779571    -8.388433     0.000000      8.38843   -1.#IND0   -1.#IND0    4
   1    1   18   0.779566    -0.198227    -0.000000     0.198227   -1.#IND0   -1.#IND0    4
   4   21   -1   0.779547    -5.867856     0.000000      5.86786   -1.#IND0   -1.#IND0    4
   8   14   -9   0.779526     0.680957    -0.000000     0.680957   -1.#IND0   -1.#IND0    4
   6    4  -19   0.779508    -2.880014     0.000000      2.88001   -1.#IND0   -1.#IND0    4
   3   10   14   0.779484    10.779035    -0.000000       10.779   -1.#IND0   -1.#IND0    4
   4    0  -20   0.779430     9.503755     0.000000      9.50376   -1.#IND0   -1.#IND0    2
  10    5   -3   0.779364   -17.847398     0.000000      17.8474   -1.#IND0   -1.#IND0    4
   9    4    3   0.779352    -3.788154    -0.000000      3.78815   -1.#IND0   -1.#IND0    4
   7   16    0   0.779297     2.157774    -0.000000      2.15777   -1.#IND0   -1.#IND0    4
   2   20    7   0.779282    -1.187755    -0.000000      1.18775   -1.#IND0   -1.#IND0    4
   5   20   -2   0.779210    14.043272    -0.000000      14.0433   -1.#IND0   -1.#IND0    4
   1   13  -16   0.779179    16.052182     0.000000      16.0522   -1.#IND0   -1.#IND0    4
   3    0   16   0.779036     5.404113    -0.000000      5.40411   -1.#IND0   -1.#IND0    2
   6   16    4   0.779025    13.162236    -0.000000      13.1622   -1.#IND0   -1.#IND0    4
   5   19    2   0.778975     4.614639     0.000000      4.61464   -1.#IND0   -1.#IND0    4
   8   13  -11   0.778965     4.919556    -0.000000      4.91956   -1.#IND0   -1.#IND0    4
   3   10  -18   0.778934    17.276616     0.000000      17.2766   -1.#IND0   -1.#IND0    4
   9    8    1   0.778774    10.886734    -0.000000      10.8867   -1.#IND0   -1.#IND0    4
   6   10  -17   0.778744     7.453328     0.000000      7.45333   -1.#IND0   -1.#IND0    4
   5    3   13   0.778727    16.375662    -0.000000      16.3757   -1.#IND0   -1.#IND0    4
   4    1  -20   0.778683     4.359701     0.000000       4.3597   -1.#IND0   -1.#IND0    4
   7   11    6   0.778666    -2.556240    -0.000000      2.55624   -1.#IND0   -1.#IND0    4
   5   18    4   0.778662    -0.038251     0.000000    0.0382512   -1.#IND0   -1.#IND0    4
   7    5  -18   0.778654     1.129696    -0.000000       1.1297   -1.#IND0   -1.#IND0    4
   5   10   11   0.778505     0.857410     0.000000      0.85741   -1.#IND0   -1.#IND0    4
   4   16  -14   0.778504    19.051381    -0.000000      19.0514   -1.#IND0   -1.#IND0    4
   6   16  -12   0.778476    15.618715    -0.000000      15.6187   -1.#IND0   -1.#IND0    4
   9    4  -15   0.778425    -7.928839    -0.000000      7.92884   -1.#IND0   -1.#IND0    4
   3    0  -20   0.778418    16.300913     0.000000      16.3009   -1.#IND0   -1.#IND0    2
   0   12   16   0.778412     4.536264    -0.000000      4.53626   -1.#IND0   -1.#IND0    4
   7   17   -5   0.778402    -4.998056     0.000000      4.99806   -1.#IND0   -1.#IND0    4
   4    6   14   0.778380     8.198685    -0.000000      8.19869   -1.#IND0   -1.#IND0    4
   9   10   -1   0.778315   -10.525042     0.000000       10.525   -1.#IND0   -1.#IND0    4
   2   22   -5   0.778313     0.985688     0.000000     0.985688   -1.#IND0   -1.#IND0    4
   3    1   16   0.778291    -0.512822    -0.000000     0.512822   -1.#IND0   -1.#IND0    4
  10    6   -4   0.778095    15.206033     0.000000       15.206   -1.#IND0   -1.#IND0    4
   8    7  -16   0.778086     2.659895     0.000000      2.65989   -1.#IND0   -1.#IND0    4
   7   17   -4   0.778075    -0.674922    -0.000000     0.674922   -1.#IND0   -1.#IND0    4
   9    8  -13   0.778054    16.947242     0.000000      16.9472   -1.#IND0   -1.#IND0    4
   5   20   -5   0.778022    11.061063    -0.000000      11.0611   -1.#IND0   -1.#IND0    4
   8    4  -17   0.777999     8.994281    -0.000000      8.99428   -1.#IND0   -1.#IND0    4
  10    2  -12   0.777955     5.772976     0.000000      5.77298   -1.#IND0   -1.#IND0    4
   7    8  -17   0.777942    -6.570618    -0.000000      6.57062   -1.#IND0   -1.#IND0    4
   3   19    7   0.777886    -0.851943     0.000000     0.851943   -1.#IND0   -1.#IND0    4
   4   20    3   0.777838     6.431138    -0.000000      6.43114   -1.#IND0   -1.#IND0    4
   4   17  -13   0.777835    -2.162417     0.000000      2.16242   -1.#IND0   -1.#IND0    4
   9   10  -11   0.777801    -9.030896     0.000000       9.0309   -1.#IND0   -1.#IND0    4
   1   19  -11   0.777678    -5.841889    -0.000000      5.84189   -1.#IND0   -1.#IND0    4
   3    1  -20   0.777675     2.433597     0.000000       2.4336   -1.#IND0   -1.#IND0    4
   1   16  -14   0.777597    15.896149    -0.000000      15.8961   -1.#IND0   -1.#IND0    4
   3   19  -11   0.777578    -3.030027     0.000000      3.03003   -1.#IND0   -1.#IND0    4
   4   19    5   0.777536    -7.837065     0.000000      7.83706   -1.#IND0   -1.#IND0    4
   7   15    2   0.777480    -3.109768     0.000000      3.10977   -1.#IND0   -1.#IND0    4
   1    2   18   0.777333    17.828696    -0.000000      17.8287   -1.#IND0   -1.#IND0    4
   7   10  -16   0.777261     7.058596     0.000000       7.0586   -1.#IND0   -1.#IND0    4
   4   10  -18   0.777020    -3.460589    -0.000000      3.46059   -1.#IND0   -1.#IND0    4
   4   12  -17   0.776976    10.985162     0.000000      10.9852   -1.#IND0   -1.#IND0    4
  10    4   -2   0.776942   -13.233592     0.000000      13.2336   -1.#IND0   -1.#IND0    4
  10    1   -1   0.776781     3.081306     0.000000      3.08131   -1.#IND0   -1.#IND0    4
   6    8   10   0.776726    14.679358    -0.000000      14.6794   -1.#IND0   -1.#IND0    4
   8    9  -15   0.776719     1.293043    -0.000000      1.29304   -1.#IND0   -1.#IND0    4
   2    3   17   0.776654     3.893908     0.000000      3.89391   -1.#IND0   -1.#IND0    4
   1   21   -8   0.776543    -1.658438    -0.000000      1.65844   -1.#IND0   -1.#IND0    4
   7   17   -6   0.776533     5.348714    -0.000000      5.34871   -1.#IND0   -1.#IND0    4
   7    4    9   0.776525    -0.179911     0.000000     0.179911   -1.#IND0   -1.#IND0    4
   4   21   -5   0.776522     2.309076     0.000000      2.30908   -1.#IND0   -1.#IND0    4
   4    2  -20   0.776458    20.110804     0.000000      20.1108   -1.#IND0   -1.#IND0    4
   5   12   10   0.776215    12.530371    -0.000000      12.5304   -1.#IND0   -1.#IND0    4
   2   21   -8   0.776143    -8.283075    -0.000000      8.28308   -1.#IND0   -1.#IND0    4
   3    2   16   0.776069     4.745887    -0.000000      4.74589   -1.#IND0   -1.#IND0    4
  10    7   -7   0.775971   -13.441709     0.000000      13.4417   -1.#IND0   -1.#IND0    4
   5   13  -16   0.775962    -6.303748    -0.000000      6.30375   -1.#IND0   -1.#IND0    4
   6    8  -18   0.775774     2.986291     0.000000      2.98629   -1.#IND0   -1.#IND0    4
   2   12  -17   0.775674     3.692325     0.000000      3.69233   -1.#IND0   -1.#IND0    4
  10    7   -6   0.775664    15.695817    -0.000000      15.6958   -1.#IND0   -1.#IND0    4
   8    8    5   0.775607     2.671008     0.000000      2.67101   -1.#IND0   -1.#IND0    4
   7   17   -3   0.775560     3.515281    -0.000000      3.51528   -1.#IND0   -1.#IND0    4
   4   15  -15   0.775499    -3.258091     0.000000      3.25809   -1.#IND0   -1.#IND0    4
   3    2  -20   0.775458    24.977260     0.000000      24.9773   -1.#IND0   -1.#IND0    4
   3   22   -2   0.775431     9.945001    -0.000000        9.945   -1.#IND0   -1.#IND0    4
   5   20   -1   0.775218    -8.199395    -0.000000      8.19939   -1.#IND0   -1.#IND0    4
   1    5  -19   0.775097     2.050287    -0.000000      2.05029   -1.#IND0   -1.#IND0    4
   2    8   16   0.775013    11.227435    -0.000000      11.2274   -1.#IND0   -1.#IND0    4
   0   10   17   0.774832    11.670283    -0.000000      11.6703   -1.#IND0   -1.#IND0    4
   4   21    0   0.774818    -2.456905    -0.000000       2.4569   -1.#IND0   -1.#IND0    4
   5   19   -9   0.774648    -3.215598    -0.000000       3.2156   -1.#IND0   -1.#IND0    4
  10    2   -1   0.774572     3.894144    -0.000000      3.89414   -1.#IND0   -1.#IND0    4
   6   12    8   0.774423    13.631428    -0.000000      13.6314   -1.#IND0   -1.#IND0    4
   3   22   -1   0.774361    -1.758008     0.000000      1.75801   -1.#IND0   -1.#IND0    4
   8   12    2   0.774330     7.631172    -0.000000      7.63117   -1.#IND0   -1.#IND0    4
   3   22   -3   0.774327    -4.626198    -0.000000       4.6262   -1.#IND0   -1.#IND0    4
  10    3  -12   0.774266    -8.241453    -0.000000      8.24145   -1.#IND0   -1.#IND0    4
   0    7   18   0.774243     4.664243     0.000000      4.66424   -1.#IND0   -1.#IND0    4
   8   11    3   0.774237    -3.774044    -0.000000      3.77404   -1.#IND0   -1.#IND0    4
   3   14   12   0.774128     0.610268     0.000000     0.610268   -1.#IND0   -1.#IND0    4
  10    7   -8   0.774102    -9.774126    -0.000000      9.77413   -1.#IND0   -1.#IND0    4
   8   14   -1   0.774051    -5.305856     0.000000      5.30586   -1.#IND0   -1.#IND0    4
   0   14   15   0.773898    -6.816533     0.000000      6.81653   -1.#IND0   -1.#IND0    4
   6    5   11   0.773875    10.202368    -0.000000      10.2024   -1.#IND0   -1.#IND0    4
   3   14  -16   0.773657    -2.104204    -0.000000       2.1042   -1.#IND0   -1.#IND0    4
   1    3   18   0.773653     5.536912     0.000000      5.53691   -1.#IND0   -1.#IND0    4
   6   12  -16   0.773614    13.682797     0.000000      13.6828   -1.#IND0   -1.#IND0    4
   5    4   13   0.773562    -4.000250     0.000000      4.00025   -1.#IND0   -1.#IND0    4
   4   18  -12   0.773518     1.129692     0.000000      1.12969   -1.#IND0   -1.#IND0    4
   9    7    2   0.773511    -1.456115    -0.000000      1.45612   -1.#IND0   -1.#IND0    4
  10    6  -10   0.773395     9.882282     0.000000      9.88228   -1.#IND0   -1.#IND0    4
   5   20   -6   0.773271    13.488290    -0.000000      13.4883   -1.#IND0   -1.#IND0    4
  10    7   -5   0.773189    16.228118    -0.000000      16.2281   -1.#IND0   -1.#IND0    4
  10    5  -11   0.773085    -1.107693     0.000000      1.10769   -1.#IND0   -1.#IND0    4
   1   18   11   0.773083     9.943252    -0.000000      9.94325   -1.#IND0   -1.#IND0    4
   2    7  -19   0.772961    -5.415672    -0.000000      5.41567   -1.#IND0   -1.#IND0    4
   9   12   -6   0.772908     6.534858    -0.000000      6.53486   -1.#IND0   -1.#IND0    4
   2   20  -10   0.772902    10.333486    -0.000000      10.3335   -1.#IND0   -1.#IND0    4
   8   15   -5   0.772870     0.191174     0.000000     0.191174   -1.#IND0   -1.#IND0    4
   6    5  -19   0.772866     0.556259    -0.000000     0.556259   -1.#IND0   -1.#IND0    4
   2   10  -18   0.772838     9.339018     0.000000      9.33902   -1.#IND0   -1.#IND0    4
   0   23    1   0.772833     0.218223     0.000000     0.218223   -1.#IND0   -1.#IND0    4
   4    3  -20   0.772790    -9.011476    -0.000000      9.01148   -1.#IND0   -1.#IND0    4
   5   18  -11   0.772787     3.463788    -0.000000      3.46379   -1.#IND0   -1.#IND0    4
   1    8   17   0.772755    -9.976524    -0.000000      9.97652   -1.#IND0   -1.#IND0    4
   1    9  -18   0.772754    -9.475056    -0.000000      9.47506   -1.#IND0   -1.#IND0    4
   9    5    3   0.772715     4.714279    -0.000000      4.71428   -1.#IND0   -1.#IND0    4
   5    8   12   0.772710    14.201555    -0.000000      14.2016   -1.#IND0   -1.#IND0    4
   9    7  -14   0.772705    -0.171801    -0.000000     0.171801   -1.#IND0   -1.#IND0    4
   8    1    7   0.772697    -9.145201     0.000000       9.1452   -1.#IND0   -1.#IND0    4
   8    6    6   0.772674    11.619398    -0.000000      11.6194   -1.#IND0   -1.#IND0    4
   9   11   -2   0.772613   -12.382305     0.000000      12.3823   -1.#IND0   -1.#IND0    4
   2   22    3   0.772595     1.448190     0.000000      1.44819   -1.#IND0   -1.#IND0    4
   1   22   -6   0.772519     5.143364     0.000000      5.14336   -1.#IND0   -1.#IND0    4
   7   17   -7   0.772514     7.788292    -0.000000      7.78829   -1.#IND0   -1.#IND0    4
   8   15   -6   0.772466    -9.814079     0.000000      9.81408   -1.#IND0   -1.#IND0    4
   5    0  -20   0.772434   -21.711405    -0.000000      21.7114   -1.#IND0   -1.#IND0    2
   3    3   16   0.772407     1.452608     0.000000      1.45261   -1.#IND0   -1.#IND0    4
   1   17   12   0.772349    -7.334916     0.000000      7.33492   -1.#IND0   -1.#IND0    4
   9   11  -10   0.772211     0.794443    -0.000000     0.794443   -1.#IND0   -1.#IND0    4
   9   12   -5   0.771882     7.495275    -0.000000      7.49527   -1.#IND0   -1.#IND0    4
   9    5  -15   0.771811    -1.695757    -0.000000      1.69576   -1.#IND0   -1.#IND0    4
   3    3  -20   0.771805    -3.321767    -0.000000      3.32177   -1.#IND0   -1.#IND0    4
   9   12   -7   0.771782    -6.823536     0.000000      6.82354   -1.#IND0   -1.#IND0    4
   5    1  -20   0.771708     5.022690    -0.000000      5.02269   -1.#IND0   -1.#IND0    4
   7   16  -10   0.771640    14.833702    -0.000000      14.8337   -1.#IND0   -1.#IND0    4
   5    7  -19   0.771631    -1.070588     0.000000      1.07059   -1.#IND0   -1.#IND0    4
   7   13  -14   0.771606     4.278350     0.000000      4.27835   -1.#IND0   -1.#IND0    4
   2    4   17   0.771530    -2.620916     0.000000      2.62092   -1.#IND0   -1.#IND0    4
   8    5  -17   0.771396    -5.186478     0.000000      5.18648   -1.#IND0   -1.#IND0    4
   6   18    1   0.771369     6.032895    -0.000000       6.0329   -1.#IND0   -1.#IND0    4
  10    6   -3   0.771275   -15.466207     0.000000      15.4662   -1.#IND0   -1.#IND0    4
   1   21    7   0.771215    -4.303008     0.000000      4.30301   -1.#IND0   -1.#IND0    4
   6   19   -4   0.771204     0.807596    -0.000000     0.807596   -1.#IND0   -1.#IND0    4
   3   22    0   0.771145    10.876071    -0.000000      10.8761   -1.#IND0   -1.#IND0    4
   8   15   -4   0.771123     1.905672    -0.000000      1.90567   -1.#IND0   -1.#IND0    4
   5   16    7   0.771079     3.219920    -0.000000      3.21992   -1.#IND0   -1.#IND0    4
   3   22   -4   0.771078    12.884451    -0.000000      12.8845   -1.#IND0   -1.#IND0    4
   6   17    3   0.771058     2.380715     0.000000      2.38071   -1.#IND0   -1.#IND0    4
   6   18   -9   0.771036   -11.045103     0.000000      11.0451   -1.#IND0   -1.#IND0    4
   7   14  -13   0.771028    -3.919182     0.000000      3.91918   -1.#IND0   -1.#IND0    4
   2   18   10   0.770992    -4.669083     0.000000      4.66908   -1.#IND0   -1.#IND0    4
   2   17   11   0.770983     3.230473     0.000000      3.23047   -1.#IND0   -1.#IND0    4
  10    3   -1   0.770931     7.134885    -0.000000      7.13489   -1.#IND0   -1.#IND0    4
   7   17   -2   0.770920     3.128682    -0.000000      3.12868   -1.#IND0   -1.#IND0    4
   8   13    1   0.770813    -5.287104     0.000000       5.2871   -1.#IND0   -1.#IND0    4
   4   17    8   0.770718   -10.460078    -0.000000      10.4601   -1.#IND0   -1.#IND0    4
   4   16    9   0.770700     5.863785     0.000000      5.86379   -1.#IND0   -1.#IND0    4
   6   17  -11   0.770592    -9.724522     0.000000      9.72452   -1.#IND0   -1.#IND0    4
   7    6  -18   0.770586    17.359789     0.000000      17.3598   -1.#IND0   -1.#IND0    4
   8   10    4   0.770538     3.525822    -0.000000      3.52582   -1.#IND0   -1.#IND0    4
   8    2    7   0.770522    -5.815583     0.000000      5.81558   -1.#IND0   -1.#IND0    4
   2   14  -16   0.770506    -5.352497    -0.000000       5.3525   -1.#IND0   -1.#IND0    4
   9    0    4   0.770502     5.243835    -0.000000      5.24384   -1.#IND0   -1.#IND0    2
   1   20  -10   0.770444    10.263028    -0.000000       10.263   -1.#IND0   -1.#IND0    4
   8   14  -10   0.770422     0.606202    -0.000000     0.606202   -1.#IND0   -1.#IND0    4
   4   21   -6   0.770376    -6.329059     0.000000      6.32906   -1.#IND0   -1.#IND0    4
  10    5   -2   0.770366    10.776272     0.000000      10.7763   -1.#IND0   -1.#IND0    4
   5   15    8   0.770335    14.978437    -0.000000      14.9784   -1.#IND0   -1.#IND0    4
   1   23   -1   0.770327    -2.708374     0.000000      2.70837   -1.#IND0   -1.#IND0    4
   1   15  -15   0.770313    -5.133145     0.000000      5.13315   -1.#IND0   -1.#IND0    4
   1   19   10   0.770217     4.562679     0.000000      4.56268   -1.#IND0   -1.#IND0    4
   6   19   -3   0.770168    -4.535315     0.000000      4.53532   -1.#IND0   -1.#IND0    4
  10    7   -9   0.770104    -1.456411    -0.000000      1.45641   -1.#IND0   -1.#IND0    4
   6   19   -5   0.770102     5.193510    -0.000000      5.19351   -1.#IND0   -1.#IND0    4
   3    8   15   0.770076    -2.125946    -0.000000      2.12595   -1.#IND0   -1.#IND0    4
   1   23    0   0.769977    -3.525197    -0.000000       3.5252   -1.#IND0   -1.#IND0    4
   7    5    9   0.769959     0.413550     0.000000      0.41355   -1.#IND0   -1.#IND0    4
   8   15   -7   0.769922    -5.386099     0.000000       5.3861   -1.#IND0   -1.#IND0    4
   7    8    8   0.769903     8.093785    -0.000000      8.09379   -1.#IND0   -1.#IND0    4
   7   10    7   0.769875     4.457966     0.000000      4.45797   -1.#IND0   -1.#IND0    4
   2   11   15   0.769788     3.386594    -0.000000      3.38659   -1.#IND0   -1.#IND0    4
   9    1    4   0.769781     0.814244     0.000000     0.814244   -1.#IND0   -1.#IND0    4
   0   23    2   0.769618    -8.166964    -0.000000      8.16696   -1.#IND0   -1.#IND0    4
   5    2  -20   0.769541   -14.573400    -0.000000      14.5734   -1.#IND0   -1.#IND0    4
   3    8  -19   0.769512    10.849665     0.000000      10.8497   -1.#IND0   -1.#IND0    4
   9    0  -16   0.769506    15.939203     0.000000      15.9392   -1.#IND0   -1.#IND0    2
   2    0  -20   0.769492   -21.333351    -0.000000      21.3334   -1.#IND0   -1.#IND0    2
   0    1   19   0.769337    14.679812    -0.000000      14.6798   -1.#IND0   -1.#IND0    4
   2   22   -6   0.769284     7.929346    -0.000000      7.92935   -1.#IND0   -1.#IND0    4
  10    4  -12   0.769189    11.964367     0.000000      11.9644   -1.#IND0   -1.#IND0    4
   5   20    0   0.769152     3.313882     0.000000      3.31388   -1.#IND0   -1.#IND0    4
   4    8  -19   0.769074    -2.587215    -0.000000      2.58722   -1.#IND0   -1.#IND0    4
   0   21    8   0.769040    -2.596295     0.000000      2.59629   -1.#IND0   -1.#IND0    4
   2   13   14   0.768965    -3.229413     0.000000      3.22941   -1.#IND0   -1.#IND0    4
   4   14  -16   0.768945    -4.298388     0.000000      4.29839   -1.#IND0   -1.#IND0    4
   4   20   -9   0.768926     5.864284    -0.000000      5.86428   -1.#IND0   -1.#IND0    4
   4    7   14   0.768882     6.712587     0.000000      6.71259   -1.#IND0   -1.#IND0    4
   9    1  -16   0.768788     3.871787     0.000000      3.87179   -1.#IND0   -1.#IND0    4
   2    1  -20   0.768774     4.437950    -0.000000      4.43795   -1.#IND0   -1.#IND0    4
   9   12   -4   0.768729    14.903184    -0.000000      14.9032   -1.#IND0   -1.#IND0    4
   1   22    5   0.768661     1.509583    -0.000000      1.50958   -1.#IND0   -1.#IND0    4
  10    7   -4   0.768607   -13.386403     0.000000      13.3864   -1.#IND0   -1.#IND0    4
   7   12  -15   0.768606    13.231912     0.000000      13.2319   -1.#IND0   -1.#IND0    4
   1    4   18   0.768588     6.209170    -0.000000      6.20917   -1.#IND0   -1.#IND0    4
   1   23   -2   0.768548     5.144334     0.000000      5.14433   -1.#IND0   -1.#IND0    4
   9   12   -8   0.768531     5.735227     0.000000      5.73523   -1.#IND0   -1.#IND0    4
   8   12  -13   0.768304    -4.976703     0.000000       4.9767   -1.#IND0   -1.#IND0    4
   1   11   16   0.768285    -5.062068     0.000000      5.06207   -1.#IND0   -1.#IND0    4
   5   17    6   0.768251    -5.779550    -0.000000      5.77955   -1.#IND0   -1.#IND0    4
   1   13   15   0.768177     1.567417    -0.000000      1.56742   -1.#IND0   -1.#IND0    4
   7   16    1   0.768158    -0.080621     0.000000    0.0806214   -1.#IND0   -1.#IND0    4
   3   21    4   0.768072    -4.800505    -0.000000      4.80051   -1.#IND0   -1.#IND0    4
   4   21    1   0.768050    -2.914176     0.000000      2.91418   -1.#IND0   -1.#IND0    4
   1   16   13   0.768046    -9.171460     0.000000      9.17146   -1.#IND0   -1.#IND0    4
   0   18   12   0.768032    -2.921907    -0.000000      2.92191   -1.#IND0   -1.#IND0    4
   0   22    6   0.767924     9.911130    -0.000000      9.91113   -1.#IND0   -1.#IND0    4
   3   21   -8   0.767875    -3.242750    -0.000000      3.24275   -1.#IND0   -1.#IND0    4
   3   20    6   0.767789     9.978142     0.000000      9.97814   -1.#IND0   -1.#IND0    4
   4    4  -20   0.767742    18.266620     0.000000      18.2666   -1.#IND0   -1.#IND0    4
   9    2    4   0.767630     6.715477    -0.000000      6.71548   -1.#IND0   -1.#IND0    4
   3   20  -10   0.767526     9.876832    -0.000000      9.87683   -1.#IND0   -1.#IND0    4
  10    1  -13   0.767511    19.402983     0.000000       19.403   -1.#IND0   -1.#IND0    4
   1   23    1   0.767506     5.547455    -0.000000      5.54746   -1.#IND0   -1.#IND0    4
   2   19    9   0.767439     2.375640    -0.000000      2.37564   -1.#IND0   -1.#IND0    4
   8   11  -14   0.767421    -0.689496    -0.000000     0.689496   -1.#IND0   -1.#IND0    4
   2   16   12   0.767411    19.539066    -0.000000      19.5391   -1.#IND0   -1.#IND0    4
   3    4   16   0.767366     4.603562    -0.000000      4.60356   -1.#IND0   -1.#IND0    4
   5   10  -18   0.767271    14.773390     0.000000      14.7734   -1.#IND0   -1.#IND0    4
   8   15   -3   0.767270    -1.590438    -0.000000      1.59044   -1.#IND0   -1.#IND0    4
   4   12   12   0.767231    10.390590    -0.000000      10.3906   -1.#IND0   -1.#IND0    4
   0    2   19   0.767190    -1.335245     0.000000      1.33525   -1.#IND0   -1.#IND0    4
   4   18    7   0.767177    -9.277554    -0.000000      9.27755   -1.#IND0   -1.#IND0    4
   8    8  -16   0.767169     6.691586     0.000000      6.69159   -1.#IND0   -1.#IND0    4
   1    6  -19   0.767138   -18.381329     0.000000      18.3813   -1.#IND0   -1.#IND0    4
   4   15   10   0.767124    15.417992     0.000000       15.418   -1.#IND0   -1.#IND0    4
   5    5   13   0.767070    15.923803    -0.000000      15.9238   -1.#IND0   -1.#IND0    4
   6   19   -2   0.767020    -3.693405    -0.000000       3.6934   -1.#IND0   -1.#IND0    4
   8    3    7   0.766938    -2.971664     0.000000      2.97166   -1.#IND0   -1.#IND0    4
   7   15  -12   0.766897   -11.733974     0.000000       11.734   -1.#IND0   -1.#IND0    4
   4    1   15   0.766892    -2.589158     0.000000      2.58916   -1.#IND0   -1.#IND0    4
   6   19   -6   0.766889     3.889388     0.000000      3.88939   -1.#IND0   -1.#IND0    4
   3    4  -20   0.766775    14.129524     0.000000      14.1295   -1.#IND0   -1.#IND0    4
   9    2  -16   0.766646    20.573383     0.000000      20.5734   -1.#IND0   -1.#IND0    4
   2    2  -20   0.766632    -8.354115    -0.000000      8.35411   -1.#IND0   -1.#IND0    4
   4   10   13   0.766615     1.965406    -0.000000      1.96541   -1.#IND0   -1.#IND0    4
   0   17   13   0.766604    -9.209545     0.000000      9.20955   -1.#IND0   -1.#IND0    4
   9   10    0   0.766526    -1.166293    -0.000000      1.16629   -1.#IND0   -1.#IND0    4
   5   20   -7   0.766493    -4.211244     0.000000      4.21124   -1.#IND0   -1.#IND0    4
   7   17   -8   0.766445    -0.237015     0.000000     0.237015   -1.#IND0   -1.#IND0    4
   5   19    3   0.766432    -6.117244     0.000000      6.11724   -1.#IND0   -1.#IND0    4
   9    9    1   0.766404    -2.820906    -0.000000      2.82091   -1.#IND0   -1.#IND0    4
   2   21    6   0.766300    -2.236868     0.000000      2.23687   -1.#IND0   -1.#IND0    4
   7    1  -19   0.766288     6.386877     0.000000      6.38688   -1.#IND0   -1.#IND0    4
   5   14    9   0.766049     0.795077    -0.000000     0.795077   -1.#IND0   -1.#IND0    4
   5    3  -20   0.765970    -2.063892     0.000000      2.06389   -1.#IND0   -1.#IND0    4
   6    6   11   0.765953    -1.606324     0.000000      1.60632   -1.#IND0   -1.#IND0    4
   9   10  -12   0.765937    13.879723     0.000000      13.8797   -1.#IND0   -1.#IND0    4
   0   19   11   0.765926    11.334468    -0.000000      11.3345   -1.#IND0   -1.#IND0    4
  10    4   -1   0.765919     9.793745    -0.000000      9.79374   -1.#IND0   -1.#IND0    4
   3   22    1   0.765861    -0.602455    -0.000000     0.602455   -1.#IND0   -1.#IND0    4
   5   12  -17   0.765831    -1.738427     0.000000      1.73843   -1.#IND0   -1.#IND0    4
   3   22   -5   0.765763    -3.215302     0.000000       3.2153   -1.#IND0   -1.#IND0    4
   4   19  -11   0.765734    -1.347419    -0.000000      1.34742   -1.#IND0   -1.#IND0    4
   9    9  -13   0.765717    -3.715955     0.000000      3.71595   -1.#IND0   -1.#IND0    4
   7   14    4   0.765679     9.321972    -0.000000      9.32197   -1.#IND0   -1.#IND0    4
   8   13  -12   0.765652     2.067229    -0.000000      2.06723   -1.#IND0   -1.#IND0    4
   7   13    5   0.765621    -5.546009     0.000000      5.54601   -1.#IND0   -1.#IND0    4
   7    9  -17   0.765611    -1.196657    -0.000000      1.19666   -1.#IND0   -1.#IND0    4
  10    2  -13   0.765379    -3.348917     0.000000      3.34892   -1.#IND0   -1.#IND0    4
   8   15   -8   0.765300    -0.309622    -0.000000     0.309622   -1.#IND0   -1.#IND0    4
  10    6  -11   0.765187     2.472259     0.000000      2.47226   -1.#IND0   -1.#IND0    4
  10    8   -7   0.765142    21.760934    -0.000000      21.7609   -1.#IND0   -1.#IND0    4
   2    5   17   0.765088     6.079902    -0.000000       6.0799   -1.#IND0   -1.#IND0    4
   6    6  -19   0.764975   -17.523028     0.000000       17.523   -1.#IND0   -1.#IND0    4
  10    8   -6   0.764847    10.817337    -0.000000      10.8173   -1.#IND0   -1.#IND0    4
   9    6    3   0.764828    -3.123085    -0.000000      3.12308   -1.#IND0   -1.#IND0    4
   4    2   15   0.764765    -8.935348    -0.000000      8.93535   -1.#IND0   -1.#IND0    4
   1   23   -3   0.764684     1.021572    -0.000000      1.02157   -1.#IND0   -1.#IND0    4
   4   20    4   0.764647    10.588247    -0.000000      10.5882   -1.#IND0   -1.#IND0    4
   6    9   10   0.764452     8.964623    -0.000000      8.96462   -1.#IND0   -1.#IND0    4
   6   11    9   0.764393     2.662280    -0.000000      2.66228   -1.#IND0   -1.#IND0    4
  10    0    0   0.764379    17.126573     0.000000      17.1266   -1.#IND0   -1.#IND0    2
   0   23    3   0.764349     6.194775     0.000000      6.19477   -1.#IND0   -1.#IND0    4
   7   17   -1   0.764268     1.836741    -0.000000      1.83674   -1.#IND0   -1.#IND0    4
   3   11   14   0.764248    -2.912926    -0.000000      2.91293   -1.#IND0   -1.#IND0    4
   7    2  -19   0.764166    -0.421264    -0.000000     0.421264   -1.#IND0   -1.#IND0    4
   9    3    4   0.764086     0.776775    -0.000000     0.776775   -1.#IND0   -1.#IND0    4
  10    7  -10   0.764076     1.552705     0.000000       1.5527   -1.#IND0   -1.#IND0    4
   9    6  -15   0.763952   -10.087657    -0.000000      10.0877   -1.#IND0   -1.#IND0    4
   1   20    9   0.763870     0.775121     0.000000     0.775121   -1.#IND0   -1.#IND0    4
   8   14    0   0.763830     8.601757     0.000000      8.60176   -1.#IND0   -1.#IND0    4
   3   11  -18   0.763729    -3.329267     0.000000      3.32927   -1.#IND0   -1.#IND0    4
  10    1    0   0.763676    -1.855263    -0.000000      1.85526   -1.#IND0   -1.#IND0    4
   0    3   19   0.763652     9.033803    -0.000000       9.0338   -1.#IND0   -1.#IND0    4
   6   11  -17   0.763550     3.197395     0.000000      3.19739   -1.#IND0   -1.#IND0    4
   8    6  -17   0.763549     4.374736     0.000000      4.37474   -1.#IND0   -1.#IND0    4
   6    9  -18   0.763544    -1.846501    -0.000000       1.8465   -1.#IND0   -1.#IND0    4
   9   12   -3   0.763527    -8.154243    -0.000000      8.15424   -1.#IND0   -1.#IND0    4
   8    0  -18   0.763495   -11.473042    -0.000000       11.473   -1.#IND0   -1.#IND0    2
   0    8   18   0.763485    12.791698     0.000000      12.7917   -1.#IND0   -1.#IND0    4
   8    9    5   0.763385     2.808581    -0.000000      2.80858   -1.#IND0   -1.#IND0    4
   8    7    6   0.763380    -0.029571    -0.000000    0.0295708   -1.#IND0   -1.#IND0    4
  10    8   -8   0.763350    -4.349237     0.000000      4.34924   -1.#IND0   -1.#IND0    4
   1   12  -17   0.763344     7.713808     0.000000      7.71381   -1.#IND0   -1.#IND0    4
   5   11   11   0.763324     7.481188    -0.000000      7.48119   -1.#IND0   -1.#IND0    4
   9   12   -9   0.763236    -3.274039    -0.000000      3.27404   -1.#IND0   -1.#IND0    4
   9   11   -1   0.763145    -0.640191     0.000000     0.640191   -1.#IND0   -1.#IND0    4
   5   16  -14   0.763125    15.282230    -0.000000      15.2822   -1.#IND0   -1.#IND0    4
   9    3  -16   0.763115    -4.311343    -0.000000      4.31134   -1.#IND0   -1.#IND0    4
   2    3  -20   0.763101     0.804150     0.000000      0.80415   -1.#IND0   -1.#IND0    4
   8   10  -15   0.763039    -5.987232     0.000000      5.98723   -1.#IND0   -1.#IND0    4
   6   15    6   0.762978     4.716077    -0.000000      4.71608   -1.#IND0   -1.#IND0    4
   1   23    2   0.762976    -2.348634    -0.000000      2.34863   -1.#IND0   -1.#IND0    4
   2    9   16   0.762819     7.169968     0.000000      7.16997   -1.#IND0   -1.#IND0    4
  10    5  -12   0.762806    -2.260493    -0.000000      2.26049   -1.#IND0   -1.#IND0    4
   8    1  -18   0.762794     1.958588     0.000000      1.95859   -1.#IND0   -1.#IND0    4
   9    8    2   0.762784    14.661978    -0.000000       14.662   -1.#IND0   -1.#IND0    4
   3   13   13   0.762744     0.061062    -0.000000    0.0610617   -1.#IND0   -1.#IND0    4
   2   18  -13   0.762667    -1.398220     0.000000      1.39822   -1.#IND0   -1.#IND0    4
   9   11  -11   0.762661     1.675582     0.000000      1.67558   -1.#IND0   -1.#IND0    4
   3   17   10   0.762617    -5.150665    -0.000000      5.15067   -1.#IND0   -1.#IND0    4
  10    6   -2   0.762550    -3.555092    -0.000000      3.55509   -1.#IND0   -1.#IND0    4
  10    8   -5   0.762474     2.706806    -0.000000      2.70681   -1.#IND0   -1.#IND0    4
   2   22    4   0.762399     6.970610     0.000000      6.97061   -1.#IND0   -1.#IND0    4
   6   15  -14   0.762334    -5.169546     0.000000      5.16955   -1.#IND0   -1.#IND0    4
   4   21   -7   0.762295    -7.410312     0.000000      7.41031   -1.#IND0   -1.#IND0    4
   3   13  -17   0.762261     5.876510    -0.000000      5.87651   -1.#IND0   -1.#IND0    4
   2    8  -19   0.762256    14.698230     0.000000      14.6982   -1.#IND0   -1.#IND0    4
   7   15    3   0.762246     4.224074    -0.000000      4.22407   -1.#IND0   -1.#IND0    4
   3   17  -14   0.762230     1.473299     0.000000       1.4733   -1.#IND0   -1.#IND0    4
   1    5   18   0.762219     1.554570    -0.000000      1.55457   -1.#IND0   -1.#IND0    4
   7    6    9   0.762155     1.228753    -0.000000      1.22875   -1.#IND0   -1.#IND0    4
   7   11  -16   0.762152     1.408433    -0.000000      1.40843   -1.#IND0   -1.#IND0    4
   7   12    6   0.762075     6.686529    -0.000000      6.68653   -1.#IND0   -1.#IND0    4
  10    7   -3   0.762031   -10.609300     0.000000      10.6093   -1.#IND0   -1.#IND0    4
   9    8  -14   0.762010    -1.157450     0.000000      1.15745   -1.#IND0   -1.#IND0    4
   8    4    7   0.762003    -2.892469     0.000000      2.89247   -1.#IND0   -1.#IND0    4
   5   18    5   0.761968    -6.106972    -0.000000      6.10697   -1.#IND0   -1.#IND0    4
   2   17  -14   0.761946    -0.952629    -0.000000     0.952629   -1.#IND0   -1.#IND0    4
   3   18    9   0.761931    -2.344122     0.000000      2.34412   -1.#IND0   -1.#IND0    4
   4   11  -18   0.761925     6.217805    -0.000000      6.21781   -1.#IND0   -1.#IND0    4
  10    3  -13   0.761866     7.340041     0.000000      7.34004   -1.#IND0   -1.#IND0    4
   6   19   -1   0.761836    -3.867097     0.000000       3.8671   -1.#IND0   -1.#IND0    4
   0   16   14   0.761702    16.227969    -0.000000       16.228   -1.#IND0   -1.#IND0    4
   5   15  -15   0.761661     5.136942     0.000000      5.13694   -1.#IND0   -1.#IND0    4
   6   19   -7   0.761643    -5.387183    -0.000000      5.38718   -1.#IND0   -1.#IND0    4
   3   18  -13   0.761578    -2.506496    -0.000000       2.5065   -1.#IND0   -1.#IND0    4
  10    2    0   0.761576    20.072838    -0.000000      20.0728   -1.#IND0   -1.#IND0    4
   5   19  -10   0.761568    11.624158    -0.000000      11.6242   -1.#IND0   -1.#IND0    4
   6   14    7   0.761556    -5.698034     0.000000      5.69803   -1.#IND0   -1.#IND0    4
   8   15   -2   0.761403    -1.326340    -0.000000      1.32634   -1.#IND0   -1.#IND0    4
   4    5  -20   0.761394    -8.296777     0.000000      8.29678   -1.#IND0   -1.#IND0    4
   7    7  -18   0.761367    -3.174709     0.000000      3.17471   -1.#IND0   -1.#IND0    4
   4    3   15   0.761260     1.019905     0.000000       1.0199   -1.#IND0   -1.#IND0    4
   5   20    1   0.761158     0.824317     0.000000     0.824317   -1.#IND0   -1.#IND0    4
   5   17  -13   0.761122   -10.887775     0.000000      10.8878   -1.#IND0   -1.#IND0    4
   5    4  -20   0.761054   -13.234524    -0.000000      13.2345   -1.#IND0   -1.#IND0    4
   3    5   16   0.761028    -3.082067    -0.000000      3.08207   -1.#IND0   -1.#IND0    4
   5    8  -19   0.760980    21.872112     0.000000      21.8721   -1.#IND0   -1.#IND0    4
   2   21   -9   0.760938    -5.975352     0.000000      5.97535   -1.#IND0   -1.#IND0    4
   6   16    5   0.760937     0.563369     0.000000     0.563369   -1.#IND0   -1.#IND0    4
   6   14  -15   0.760850   -18.055719    -0.000000      18.0557   -1.#IND0   -1.#IND0    4
   8    2  -18   0.760701    -0.453001    -0.000000     0.453001   -1.#IND0   -1.#IND0    4
   7    3  -19   0.760670     5.512344     0.000000      5.51234   -1.#IND0   -1.#IND0    4
   1    9   17   0.760665    -0.571101    -0.000000     0.571101   -1.#IND0   -1.#IND0    4
   5    9   12   0.760622     9.968333     0.000000      9.96833   -1.#IND0   -1.#IND0    4
   2   20    8   0.760469    11.448433    -0.000000      11.4484   -1.#IND0   -1.#IND0    4
   3    5  -20   0.760452     9.854983     0.000000      9.85498   -1.#IND0   -1.#IND0    4
   0   13   16   0.760446     2.879715     0.000000      2.87971   -1.#IND0   -1.#IND0    4
   2   15   13   0.760422    -3.293546    -0.000000      3.29355   -1.#IND0   -1.#IND0    4
   0   20   10   0.760372    15.430543    -0.000000      15.4305   -1.#IND0   -1.#IND0    4
   6   16  -13   0.760361    12.669852    -0.000000      12.6699   -1.#IND0   -1.#IND0    4
   1   15   14   0.760350     7.094848     0.000000      7.09485   -1.#IND0   -1.#IND0    4
   1   22   -7   0.760249    -1.628806     0.000000      1.62881   -1.#IND0   -1.#IND0    4
   4   19    6   0.760221    -2.340005    -0.000000      2.34001   -1.#IND0   -1.#IND0    4
   2   23   -1   0.760212     3.719828    -0.000000      3.71983   -1.#IND0   -1.#IND0    4
   4   14   11   0.760136    -0.816632    -0.000000     0.816632   -1.#IND0   -1.#IND0    4
   1   21   -9   0.759950     4.192549    -0.000000      4.19255   -1.#IND0   -1.#IND0    4
   2   19  -12   0.759931     6.740460    -0.000000      6.74046   -1.#IND0   -1.#IND0    4
   6   18    2   0.759873    -0.258383     0.000000     0.258383   -1.#IND0   -1.#IND0    4
   0   11   17   0.759861    -0.886904    -0.000000     0.886904   -1.#IND0   -1.#IND0    4
   2   23   -2   0.759860     0.208522     0.000000     0.208522   -1.#IND0   -1.#IND0    4
   3   16   11   0.759847     3.625058    -0.000000      3.62506   -1.#IND0   -1.#IND0    4
   1   14  -16   0.759773    -0.948520     0.000000      0.94852   -1.#IND0   -1.#IND0    4
  10    5   -1   0.759616     4.173003    -0.000000        4.173   -1.#IND0   -1.#IND0    4
   8   14  -11   0.759574     9.033431    -0.000000      9.03343   -1.#IND0   -1.#IND0    4
  10    8   -9   0.759516    -8.379294    -0.000000      8.37929   -1.#IND0   -1.#IND0    4
   6   18  -10   0.759490     3.105992     0.000000      3.10599   -1.#IND0   -1.#IND0    4
   3   16  -15   0.759433     5.264342    -0.000000      5.26434   -1.#IND0   -1.#IND0    4
   4   21    2   0.759401    -0.203391     0.000000     0.203391   -1.#IND0   -1.#IND0    4
   7   16  -11   0.759380    -0.933098    -0.000000     0.933098   -1.#IND0   -1.#IND0    4
   5    6   13   0.759354    -0.799474    -0.000000     0.799474   -1.#IND0   -1.#IND0    4
   1   10  -18   0.759279     2.216101    -0.000000       2.2161   -1.#IND0   -1.#IND0    4
   9    4    4   0.759205     5.507787    -0.000000      5.50779   -1.#IND0   -1.#IND0    4
   4   13  -17   0.759107     0.967219     0.000000     0.967219   -1.#IND0   -1.#IND0    4
   6    0   12   0.759071     7.380340    -0.000000      7.38034   -1.#IND0   -1.#IND0    2
   1   23   -4   0.758828     1.537636    -0.000000      1.53764   -1.#IND0   -1.#IND0    4
   0    4   19   0.758779    -6.077202    -0.000000       6.0772   -1.#IND0   -1.#IND0    4
   8   15   -9   0.758712     3.898116     0.000000      3.89812   -1.#IND0   -1.#IND0    4
   3   22    2   0.758636     8.312733    -0.000000      8.31273   -1.#IND0   -1.#IND0    4
   2   23    0   0.758518    -0.447133     0.000000     0.447133   -1.#IND0   -1.#IND0    4
   2   22   -7   0.758516    -2.198802    -0.000000       2.1988   -1.#IND0   -1.#IND0    4
   3   22   -6   0.758509     4.743187    -0.000000      4.74319   -1.#IND0   -1.#IND0    4
   7   17   -9   0.758471    -5.266196     0.000000       5.2662   -1.#IND0   -1.#IND0    4
   5   13   10   0.758397    -7.786205     0.000000      7.78621   -1.#IND0   -1.#IND0    4
   6    1   12   0.758382    -1.490064    -0.000000      1.49006   -1.#IND0   -1.#IND0    4
   4    8   14   0.758343     9.338983    -0.000000      9.33898   -1.#IND0   -1.#IND0    4
   9    4  -16   0.758253    19.267073     0.000000      19.2671   -1.#IND0   -1.#IND0    4
   2    4  -20   0.758240    -6.096674    -0.000000      6.09667   -1.#IND0   -1.#IND0    4
  10    3    0   0.758114    -4.150281    -0.000000      4.15028   -1.#IND0   -1.#IND0    4
   3    9   15   0.758109    -1.275819    -0.000000      1.27582   -1.#IND0   -1.#IND0    4
  10    8   -4   0.758080    10.081030    -0.000000       10.081   -1.#IND0   -1.#IND0    4
   7    0   10   0.758079     1.793000    -0.000000        1.793   -1.#IND0   -1.#IND0    2
   6    0  -20   0.758056    20.619975     0.000000        20.62   -1.#IND0   -1.#IND0    2
   1    7  -19   0.758040     1.590752    -0.000000      1.59075   -1.#IND0   -1.#IND0    4
   2   11  -18   0.757981    12.630321     0.000000      12.6303   -1.#IND0   -1.#IND0    4
   7    9    8   0.757944     2.769668     0.000000      2.76967   -1.#IND0   -1.#IND0    4
   8   12    3   0.757922     5.116982    -0.000000      5.11698   -1.#IND0   -1.#IND0    4
   2   13  -17   0.757893     6.592420     0.000000      6.59242   -1.#IND0   -1.#IND0    4
   5   20   -8   0.757849    10.439997    -0.000000        10.44   -1.#IND0   -1.#IND0    4
   3   19    8   0.757818    -3.228456     0.000000      3.22846   -1.#IND0   -1.#IND0    4
   2   16  -15   0.757798    -1.458738    -0.000000      1.45874   -1.#IND0   -1.#IND0    4
   3    9  -19   0.757572     6.012235     0.000000      6.01224   -1.#IND0   -1.#IND0    4
   3   19  -12   0.757502    -0.978671    -0.000000     0.978671   -1.#IND0   -1.#IND0    4
   2   23   -3   0.757469    -1.162819     0.000000      1.16282   -1.#IND0   -1.#IND0    4
   2    6   17   0.757431     1.056331    -0.000000      1.05633   -1.#IND0   -1.#IND0    4
   7    1   10   0.757392     0.213677     0.000000     0.213677   -1.#IND0   -1.#IND0    4
   6    1  -20   0.757369     3.391385     0.000000      3.39139   -1.#IND0   -1.#IND0    4
   8    3  -18   0.757251    -7.983037    -0.000000      7.98304   -1.#IND0   -1.#IND0    4
   4    9  -19   0.757154     0.837691    -0.000000     0.837691   -1.#IND0   -1.#IND0    4
   0   23    4   0.757151    -0.041707    -0.000000    0.0417069   -1.#IND0   -1.#IND0    4
  10    4  -13   0.757027    -5.752296     0.000000       5.7523   -1.#IND0   -1.#IND0    4
   6    7   11   0.756897     3.080210     0.000000      3.08021   -1.#IND0   -1.#IND0    4
   5   14  -16   0.756789    -0.221014    -0.000000     0.221014   -1.#IND0   -1.#IND0    4
   6   13    8   0.756726    -4.182286    -0.000000      4.18229   -1.#IND0   -1.#IND0    4
   8   13    2   0.756638     5.474269     0.000000      5.47427   -1.#IND0   -1.#IND0    4
   1   23    3   0.756495     0.157109     0.000000     0.157109   -1.#IND0   -1.#IND0    4
   4    4   15   0.756433    -6.606027    -0.000000      6.60603   -1.#IND0   -1.#IND0    4
   9   12   -2   0.756399     7.560786     0.000000      7.56079   -1.#IND0   -1.#IND0    4
   6    2   12   0.756325     3.499382     0.000000      3.49938   -1.#IND0   -1.#IND0    4
   1   18  -13   0.756248    -8.481370    -0.000000      8.48137   -1.#IND0   -1.#IND0    4
  10    7  -11   0.756158     2.038973     0.000000      2.03897   -1.#IND0   -1.#IND0    4
   9   12  -10   0.756021    13.605235    -0.000000      13.6052   -1.#IND0   -1.#IND0    4
   6   13  -16   0.755971    -3.311569     0.000000      3.31157   -1.#IND0   -1.#IND0    4
   6    7  -19   0.755954    10.029356    -0.000000      10.0294   -1.#IND0   -1.#IND0    4
   1   22    6   0.755908     6.882279    -0.000000      6.88228   -1.#IND0   -1.#IND0    4
   7    4  -19   0.755854    12.856409     0.000000      12.8564   -1.#IND0   -1.#IND0    4
   9    7    3   0.755812     3.640218    -0.000000      3.64022   -1.#IND0   -1.#IND0    4
   8   11    4   0.755810    -2.169640     0.000000      2.16964   -1.#IND0   -1.#IND0    4
   8    5    7   0.755796    -0.928671     0.000000     0.928671   -1.#IND0   -1.#IND0    4
   7   17    0   0.755761     2.853979     0.000000      2.85398   -1.#IND0   -1.#IND0    4
   5   18  -12   0.755734     8.440299    -0.000000       8.4403   -1.#IND0   -1.#IND0    4
   6   17    4   0.755513    -0.908135     0.000000     0.908135   -1.#IND0   -1.#IND0    4
   7   16    2   0.755461     7.411133    -0.000000      7.41113   -1.#IND0   -1.#IND0    4
   7    2   10   0.755344     4.572199    -0.000000       4.5722   -1.#IND0   -1.#IND0    4
   8    9  -16   0.755336     2.654161     0.000000      2.65416   -1.#IND0   -1.#IND0    4
   6    2  -20   0.755321    23.522519     0.000000      23.5225   -1.#IND0   -1.#IND0    4
   9   13   -6   0.755312     6.802443    -0.000000      6.80244   -1.#IND0   -1.#IND0    4
  10    6  -12   0.755216     6.263217     0.000000      6.26322   -1.#IND0   -1.#IND0    4
   7   11    7   0.755185     2.303446    -0.000000      2.30345   -1.#IND0   -1.#IND0    4
   4   17  -14   0.755038    -3.773505     0.000000      3.77351   -1.#IND0   -1.#IND0    4
   6   17  -12   0.755012     8.297408    -0.000000      8.29741   -1.#IND0   -1.#IND0    4
   9    7  -15   0.754966     0.507168    -0.000000     0.507168   -1.#IND0   -1.#IND0    4
   1   19  -12   0.754911     3.855816    -0.000000      3.85582   -1.#IND0   -1.#IND0    4
   5    5  -20   0.754869     6.701857    -0.000000      6.70186   -1.#IND0   -1.#IND0    4
   2   23    1   0.754818    -2.937993    -0.000000      2.93799   -1.#IND0   -1.#IND0    4
   4   20  -10   0.754791    12.740219    -0.000000      12.7402   -1.#IND0   -1.#IND0    4
   6   19    0   0.754739     4.638419    -0.000000      4.63842   -1.#IND0   -1.#IND0    4
   3   21    5   0.754689    -0.232868    -0.000000     0.232868   -1.#IND0   -1.#IND0    4
   1    6   18   0.754647     5.496811    -0.000000      5.49681   -1.#IND0   -1.#IND0    4
   8    7  -17   0.754577     1.303149     0.000000      1.30315   -1.#IND0   -1.#IND0    4
   0   22    7   0.754532    -0.453636     0.000000     0.453636   -1.#IND0   -1.#IND0    4
   6   19   -8   0.754489     5.174817    -0.000000      5.17482   -1.#IND0   -1.#IND0    4
   3   21   -9   0.754470     0.046613     0.000000     0.046613   -1.#IND0   -1.#IND0    4
   9   13   -5   0.754354    -1.209998    -0.000000         1.21   -1.#IND0   -1.#IND0    4
   1   21    8   0.754295     0.908551     0.000000     0.908551   -1.#IND0   -1.#IND0    4
   9   13   -7   0.754260    -1.687335     0.000000      1.68733   -1.#IND0   -1.#IND0    4
   1   17  -14   0.754211    -5.985505     0.000000      5.98551   -1.#IND0   -1.#IND0    4
  10    0  -14   0.754097    10.281560     0.000000      10.2816   -1.#IND0   -1.#IND0    2
   2   20  -11   0.753848     4.360490    -0.000000      4.36049   -1.#IND0   -1.#IND0    4
   4    6  -20   0.753846    17.614922    -0.000000      17.6149   -1.#IND0   -1.#IND0    4
   2   12   15   0.753747    -1.574594    -0.000000      1.57459   -1.#IND0   -1.#IND0    4
   3   15   12   0.753733     6.870664     0.000000      6.87066   -1.#IND0   -1.#IND0    4
  10    8  -10   0.753730     8.650891     0.000000      8.65089   -1.#IND0   -1.#IND0    4
   8   15   -1   0.753661     1.114036     0.000000      1.11404   -1.#IND0   -1.#IND0    4
   4   16  -15   0.753643     2.649849    -0.000000      2.64985   -1.#IND0   -1.#IND0    4
  10    7   -2   0.753613     7.260138     0.000000      7.26014   -1.#IND0   -1.#IND0    4
   7   18   -5   0.753591    -3.996375    -0.000000      3.99638   -1.#IND0   -1.#IND0    4
   0   15   15   0.753520     3.289396    -0.000000       3.2894   -1.#IND0   -1.#IND0    4
   3    6   16   0.753490     1.794385    -0.000000      1.79438   -1.#IND0   -1.#IND0    4
   1    0  -20   0.753438    23.299663     0.000000      23.2997   -1.#IND0   -1.#IND0    2
  10    1  -14   0.753421     2.486051    -0.000000      2.48605   -1.#IND0   -1.#IND0    4
  10    9   -7   0.753400    -3.384473    -0.000000      3.38447   -1.#IND0   -1.#IND0    4
  10    4    0   0.753346    17.306067    -0.000000      17.3061   -1.#IND0   -1.#IND0    4
   3   15  -16   0.753297     0.317268     0.000000     0.317268   -1.#IND0   -1.#IND0    4
   7   18   -4   0.753294     5.422247     0.000000      5.42225   -1.#IND0   -1.#IND0    4
   9   10    1   0.753252    13.415326    -0.000000      13.4153   -1.#IND0   -1.#IND0    4
   7    7    9   0.753232    -1.291142     0.000000      1.29114   -1.#IND0   -1.#IND0    4
  10    9   -6   0.753119     9.968311    -0.000000      9.96831   -1.#IND0   -1.#IND0    4
   2   23   -4   0.753098    -3.530179     0.000000      3.53018   -1.#IND0   -1.#IND0    4
   4   18  -13   0.753076    -4.756555    -0.000000      4.75655   -1.#IND0   -1.#IND0    4
   9    5    4   0.753066     1.059646    -0.000000      1.05965   -1.#IND0   -1.#IND0    4
   8    8    6   0.753063     7.818655    -0.000000      7.81865   -1.#IND0   -1.#IND0    4
   6    3   12   0.752935    -6.524270     0.000000      6.52427   -1.#IND0   -1.#IND0    4
   3    6  -20   0.752931     8.086096     0.000000       8.0861   -1.#IND0   -1.#IND0    4
   1    1  -20   0.752763    -1.090623     0.000000      1.09062   -1.#IND0   -1.#IND0    4
   7   14  -14   0.752747    -3.601030     0.000000      3.60103   -1.#IND0   -1.#IND0    4
   5   11  -18   0.752726    13.476944     0.000000      13.4769   -1.#IND0   -1.#IND0    4
   0    5   19   0.752650     5.721285     0.000000      5.72128   -1.#IND0   -1.#IND0    4
   9   10  -13   0.752601     6.692159     0.000000      6.69216   -1.#IND0   -1.#IND0    4
   7   10  -17   0.752500   -21.627888    -0.000000      21.6279   -1.#IND0   -1.#IND0    4
   8    4  -18   0.752500    -5.281967    -0.000000      5.28197   -1.#IND0   -1.#IND0    4
   5   19    4   0.752479    -0.947073     0.000000     0.947073   -1.#IND0   -1.#IND0    4
   4   21   -8   0.752466    -2.927865    -0.000000      2.92786   -1.#IND0   -1.#IND0    4
   1   12   16   0.752336     7.260052    -0.000000      7.26005   -1.#IND0   -1.#IND0    4
   9    5  -16   0.752136    -3.214547     0.000000      3.21455   -1.#IND0   -1.#IND0    4
   2    5  -20   0.752123    -0.634360    -0.000000      0.63436   -1.#IND0   -1.#IND0    4
  10    6   -1   0.752120    11.631602    -0.000000      11.6316   -1.#IND0   -1.#IND0    4
   4   11   13   0.752107     5.080080    -0.000000      5.08008   -1.#IND0   -1.#IND0    4
   9   11    0   0.752023    13.488424    -0.000000      13.4884   -1.#IND0   -1.#IND0    4
   8   14    1   0.752010    -3.398573    -0.000000      3.39857   -1.#IND0   -1.#IND0    4
   7    3   10   0.751966    -4.805144    -0.000000      4.80514   -1.#IND0   -1.#IND0    4
   6    3  -20   0.751944    -3.665939    -0.000000      3.66594   -1.#IND0   -1.#IND0    4
   5   21   -3   0.751916    -4.532694     0.000000      4.53269   -1.#IND0   -1.#IND0    4
   7   18   -6   0.751894     7.084242    -0.000000      7.08424   -1.#IND0   -1.#IND0    4
   4   22   -3   0.751854     2.651154    -0.000000      2.65115   -1.#IND0   -1.#IND0    4
   0    9   18   0.751819     6.017095    -0.000000      6.01709   -1.#IND0   -1.#IND0    4
  10    8   -3   0.751768    -1.947686     0.000000      1.94769   -1.#IND0   -1.#IND0    4
  10    9   -8   0.751690    -5.095727     0.000000      5.09573   -1.#IND0   -1.#IND0    4
   0   21    9   0.751592    -7.898173     0.000000      7.89817   -1.#IND0   -1.#IND0    4
   5   21   -4   0.751560     2.996852    -0.000000      2.99685   -1.#IND0   -1.#IND0    4
   4   22   -2   0.751544     6.151651    -0.000000      6.15165   -1.#IND0   -1.#IND0    4
   8   12  -14   0.751524     7.156331     0.000000      7.15633   -1.#IND0   -1.#IND0    4
   9   11  -12   0.751467     8.224252     0.000000      8.22425   -1.#IND0   -1.#IND0    4
   5   20    2   0.751418    15.274315    -0.000000      15.2743   -1.#IND0   -1.#IND0    4
   9   13   -4   0.751410     7.091737    -0.000000      7.09174   -1.#IND0   -1.#IND0    4
  10    2  -14   0.751405    12.499687     0.000000      12.4997   -1.#IND0   -1.#IND0    4
   6   10   10   0.751399     6.326327    -0.000000      6.32633   -1.#IND0   -1.#IND0    4
   7   13  -15   0.751296     2.892686     0.000000      2.89269   -1.#IND0   -1.#IND0    4
   8   16   -5   0.751229    -2.368022    -0.000000      2.36802   -1.#IND0   -1.#IND0    4
   9   13   -8   0.751225    -6.275654     0.000000      6.27565   -1.#IND0   -1.#IND0    4
   9    9    2   0.751149    -3.546579    -0.000000      3.54658   -1.#IND0   -1.#IND0    4
   7    8  -18   0.751130     9.984606     0.000000      9.98461   -1.#IND0   -1.#IND0    4
   1   23   -5   0.751118     4.195475     0.000000      4.19548   -1.#IND0   -1.#IND0    4
   8   13  -13   0.751013     3.575860     0.000000      3.57586   -1.#IND0   -1.#IND0    4
   7   18   -3   0.751011    -6.556315    -0.000000      6.55631   -1.#IND0   -1.#IND0    4
  10    5  -13   0.750940     3.767149     0.000000      3.76715   -1.#IND0   -1.#IND0    4
   7   15  -13   0.750871     0.857637     0.000000     0.857637   -1.#IND0   -1.#IND0    4
   8   16   -6   0.750858     6.237538     0.000000      6.23754   -1.#IND0   -1.#IND0    4
  10    9   -5   0.750853     9.815857     0.000000      9.81586   -1.#IND0   -1.#IND0    4
   1    2  -20   0.750752    30.580266     0.000000      30.5803   -1.#IND0   -1.#IND0    4
   2    9  -19   0.750645    -0.963537     0.000000     0.963537   -1.#IND0   -1.#IND0    4
   2   22    5   0.750613     2.357990    -0.000000      2.35799   -1.#IND0   -1.#IND0    4
   6   10  -18   0.750537    13.055913     0.000000      13.0559   -1.#IND0   -1.#IND0    4
   5    7   13   0.750527     5.679372    -0.000000      5.67937   -1.#IND0   -1.#IND0    4
   3   20    7   0.750440     2.262838    -0.000000      2.26284   -1.#IND0   -1.#IND0    4
   9    9  -14   0.750411    -3.520353    -0.000000      3.52035   -1.#IND0   -1.#IND0    4
   2   15  -16   0.750388    -5.869630    -0.000000      5.86963   -1.#IND0   -1.#IND0    4
   8   10    5   0.750386    -0.111755    -0.000000     0.111755   -1.#IND0   -1.#IND0    4
   4    5   15   0.750360     4.224229     0.000000      4.22423   -1.#IND0   -1.#IND0    4
   2   21    7   0.750356    -2.827399     0.000000       2.8274   -1.#IND0   -1.#IND0    4
   8   15  -10   0.750311    -3.434379     0.000000      3.43438   -1.#IND0   -1.#IND0    4
   2   14   14   0.750294    -0.159589     0.000000     0.159589   -1.#IND0   -1.#IND0    4
   5   21   -2   0.750292     1.505826    -0.000000      1.50583   -1.#IND0   -1.#IND0    4
   1   20  -11   0.750254     5.048093    -0.000000      5.04809   -1.#IND0   -1.#IND0    4
   4   22   -4   0.750185    13.073794    -0.000000      13.0738   -1.#IND0   -1.#IND0    4
   3   20  -11   0.750164    -2.438937    -0.000000      2.43894   -1.#IND0   -1.#IND0    4
   4   20    5   0.750126     4.791360     0.000000      4.79136   -1.#IND0   -1.#IND0    4
   4   13   12   0.750011    -5.686622    -0.000000      5.68662   -1.#IND0   -1.#IND0    4
   5    0   14   0.750000    -1.982460     0.000000      1.98246   -1.#IND0   -1.#IND0    2
   2   10   16   0.749848    11.326755     0.000000      11.3268   -1.#IND0   -1.#IND0    4
   7    5  -19   0.749794     1.455526     0.000000      1.45553   -1.#IND0   -1.#IND0    4
   3   22    3   0.749636     0.176976     0.000000     0.176976   -1.#IND0   -1.#IND0    4
   8   16   -4   0.749625    10.183847    -0.000000      10.1838   -1.#IND0   -1.#IND0    4
   1   14   15   0.749562     1.444794     0.000000      1.44479   -1.#IND0   -1.#IND0    4
   3   22   -7   0.749483     6.678341    -0.000000      6.67834   -1.#IND0   -1.#IND0    4
   5    9  -19   0.749427    -8.475290     0.000000      8.47529   -1.#IND0   -1.#IND0    4
   5    1   14   0.749335    -0.372753     0.000000     0.372753   -1.#IND0   -1.#IND0    4
   4   22   -1   0.749262    -0.633412     0.000000     0.633412   -1.#IND0   -1.#IND0    4
  10    1    1   0.749239    -3.922905     0.000000       3.9229   -1.#IND0   -1.#IND0    4
   5   21   -5   0.749231    -7.432851     0.000000      7.43285   -1.#IND0   -1.#IND0    4
   2   23    2   0.749200     1.918543     0.000000      1.91854   -1.#IND0   -1.#IND0    4
   4   21    3   0.749067     0.856827    -0.000000     0.856827   -1.#IND0   -1.#IND0    4
   4   15  -16   0.748946    10.238220     0.000000      10.2382   -1.#IND0   -1.#IND0    4
   5   16    8   0.748900     6.851450    -0.000000      6.85145   -1.#IND0   -1.#IND0    4
   1   16  -15   0.748881     6.095803    -0.000000       6.0958   -1.#IND0   -1.#IND0    4
   7   17  -10   0.748772     3.074682    -0.000000      3.07468   -1.#IND0   -1.#IND0    4
   8   11  -15   0.748729    -2.380890    -0.000000      2.38089   -1.#IND0   -1.#IND0    4
   5   13  -17   0.748703     3.106129    -0.000000      3.10613   -1.#IND0   -1.#IND0    4
   6   12    9   0.748680     4.292376     0.000000      4.29238   -1.#IND0   -1.#IND0    4
   2    7   17   0.748671     4.687071    -0.000000      4.68707   -1.#IND0   -1.#IND0    4
   3   12   14   0.748544     9.241675     0.000000      9.24168   -1.#IND0   -1.#IND0    4
   8   16   -7   0.748521    -0.537685    -0.000000     0.537685   -1.#IND0   -1.#IND0    4
   8    6    7   0.748411    -3.223927     0.000000      3.22393   -1.#IND0   -1.#IND0    4
   9    1    5   0.748383     4.008227    -0.000000      4.00823   -1.#IND0   -1.#IND0    4
   6    4   12   0.748263     0.747616     0.000000     0.747616   -1.#IND0   -1.#IND0    4
   5   17    7   0.748259     2.304341    -0.000000      2.30434   -1.#IND0   -1.#IND0    4
   7   18   -7   0.748244    -3.809711    -0.000000      3.80971   -1.#IND0   -1.#IND0    4
   1   23    4   0.748211     2.309976    -0.000000      2.30998   -1.#IND0   -1.#IND0    4
   0   23    5   0.748188    -1.769387    -0.000000      1.76939   -1.#IND0   -1.#IND0    4
   1   18   12   0.748094     0.400356    -0.000000     0.400356   -1.#IND0   -1.#IND0    4
  10    3  -14   0.748079     5.557865     0.000000      5.55786   -1.#IND0   -1.#IND0    4
   3   12  -18   0.748056    13.978430     0.000000      13.9784   -1.#IND0   -1.#IND0    4
  10    9   -9   0.748028    -3.782790     0.000000      3.78279   -1.#IND0   -1.#IND0    4
   1    8  -19   0.747935    -2.908349     0.000000      2.90835   -1.#IND0   -1.#IND0    4
   4   17    9   0.747913     4.718058     0.000000      4.71806   -1.#IND0   -1.#IND0    4
   6   12  -17   0.747888    13.121903     0.000000      13.1219   -1.#IND0   -1.#IND0    4
   4   19  -12   0.747833     0.111823     0.000000     0.111823   -1.#IND0   -1.#IND0    4
   1   10   17   0.747802    -1.248303    -0.000000       1.2483   -1.#IND0   -1.#IND0    4
   5   10   12   0.747761    13.862494    -0.000000      13.8625   -1.#IND0   -1.#IND0    4
   5   12   11   0.747676     0.859880    -0.000000      0.85988   -1.#IND0   -1.#IND0    4
   5   20   -9   0.747532     1.683868    -0.000000      1.68387   -1.#IND0   -1.#IND0    4
   5    6  -20   0.747511   -13.203642    -0.000000      13.2036   -1.#IND0   -1.#IND0    4
   9   12   -1   0.747508    -8.526156     0.000000      8.52616   -1.#IND0   -1.#IND0    4
   1   19   11   0.747439    -3.891018     0.000000      3.89102   -1.#IND0   -1.#IND0    4
   1    3  -20   0.747435    -6.261354    -0.000000      6.26135   -1.#IND0   -1.#IND0    4
   9    1  -17   0.747380    15.743326     0.000000      15.7433   -1.#IND0   -1.#IND0    4
   5    2   14   0.747351     1.950153     0.000000      1.95015   -1.#IND0   -1.#IND0    4
  10    5    0   0.747347    -1.938397    -0.000000       1.9384   -1.#IND0   -1.#IND0    4
   7    4   10   0.747313     0.135737     0.000000     0.135737   -1.#IND0   -1.#IND0    4
   6    4  -20   0.747291    25.225375     0.000000      25.2254   -1.#IND0   -1.#IND0    4
  10    2    1   0.747256    -3.734017    -0.000000      3.73402   -1.#IND0   -1.#IND0    4
   8   14  -12   0.747216     1.813012    -0.000000      1.81301   -1.#IND0   -1.#IND0    4
   7   14    5   0.747187    -3.826327    -0.000000      3.82633   -1.#IND0   -1.#IND0    4
   5   19  -11   0.747172     9.625281    -0.000000      9.62528   -1.#IND0   -1.#IND0    4
   8    0    8   0.747139    -2.776426     0.000000      2.77643   -1.#IND0   -1.#IND0    2
   9   12  -11   0.747053    -3.178799    -0.000000       3.1788   -1.#IND0   -1.#IND0    4
   6   18    3   0.746921    -3.379166     0.000000      3.37917   -1.#IND0   -1.#IND0    4
   4    9   14   0.746907     6.419282    -0.000000      6.41928   -1.#IND0   -1.#IND0    4
   2   18   11   0.746852     4.139455     0.000000      4.13946   -1.#IND0   -1.#IND0    4
   2   23   -5   0.746848    -0.955845     0.000000     0.955845   -1.#IND0   -1.#IND0    4
   6    8   11   0.746837    -6.878187    -0.000000      6.87819   -1.#IND0   -1.#IND0    4
   7   18   -2   0.746795    13.388828    -0.000000      13.3888   -1.#IND0   -1.#IND0    4
   5   21   -1   0.746726    -2.859176     0.000000      2.85918   -1.#IND0   -1.#IND0    4
  10    9   -4   0.746656   -18.276726     0.000000      18.2767   -1.#IND0   -1.#IND0    4
   4   18    8   0.746612     7.333881     0.000000      7.33388   -1.#IND0   -1.#IND0    4
   1   22   -8   0.746594     3.074167    -0.000000      3.07417   -1.#IND0   -1.#IND0    4
   4   22   -5   0.746575    -2.491088     0.000000      2.49109   -1.#IND0   -1.#IND0    4
   7   12  -16   0.746574     8.250472     0.000000      8.25047   -1.#IND0   -1.#IND0    4
   9   13   -3   0.746549    -1.839827     0.000000      1.83983   -1.#IND0   -1.#IND0    4
  10    7  -12   0.746531    -2.513132    -0.000000      2.51313   -1.#IND0   -1.#IND0    4
   8    5  -18   0.746520    -2.141137     0.000000      2.14114   -1.#IND0   -1.#IND0    4
   6   18  -11   0.746497    -5.151711     0.000000      5.15171   -1.#IND0   -1.#IND0    4
   8    1    8   0.746482     1.825258     0.000000      1.82526   -1.#IND0   -1.#IND0    4
   9    2    5   0.746407    -1.544035    -0.000000      1.54403   -1.#IND0   -1.#IND0    4
   1   13  -17   0.746378     1.874789     0.000000      1.87479   -1.#IND0   -1.#IND0    4
   4   12  -18   0.746361     1.138514     0.000000      1.13851   -1.#IND0   -1.#IND0    4
   9   13   -9   0.746277     1.932095     0.000000      1.93209   -1.#IND0   -1.#IND0    4
   5   15    9   0.746269    -3.491061    -0.000000      3.49106   -1.#IND0   -1.#IND0    4
   2   22   -8   0.746238     2.206761    -0.000000      2.20676   -1.#IND0   -1.#IND0    4
  10    8  -11   0.746127     5.099323     0.000000      5.09932   -1.#IND0   -1.#IND0    4
   8   16   -3   0.746084     9.274828     0.000000      9.27483   -1.#IND0   -1.#IND0    4
   1    7   18   0.745982     5.479535     0.000000      5.47954   -1.#IND0   -1.#IND0    4
   4   16   10   0.745950     5.485922     0.000000      5.48592   -1.#IND0   -1.#IND0    4
   6    8  -19   0.745930    -4.284219     0.000000      4.28422   -1.#IND0   -1.#IND0    4
   7   15    4   0.745927     0.694604     0.000000     0.694604   -1.#IND0   -1.#IND0    4
   6   19    1   0.745891    -4.090563    -0.000000      4.09056   -1.#IND0   -1.#IND0    4
   9    8    3   0.745794    -1.247394    -0.000000      1.24739   -1.#IND0   -1.#IND0    4
   9    6    4   0.745760    12.464923    -0.000000      12.4649   -1.#IND0   -1.#IND0    4
   7   16  -12   0.745741    12.870133    -0.000000      12.8701   -1.#IND0   -1.#IND0    4
   6   19   -9   0.745589     7.591087    -0.000000      7.59109   -1.#IND0   -1.#IND0    4
   7   17    1   0.745588     2.502559     0.000000      2.50256   -1.#IND0   -1.#IND0    4
   2   19   10   0.745550    -4.306955     0.000000      4.30695   -1.#IND0   -1.#IND0    4
   1   17   13   0.745486     7.187415    -0.000000      7.18741   -1.#IND0   -1.#IND0    4
   9    2  -17   0.745411    -0.640330     0.000000      0.64033   -1.#IND0   -1.#IND0    4
   3   10   15   0.745374     2.534647     0.000000      2.53465   -1.#IND0   -1.#IND0    4
   0    6   19   0.745356    -4.571025     0.000000      4.57103   -1.#IND0   -1.#IND0    4
   7   10    8   0.745217     5.242580    -0.000000      5.24258   -1.#IND0   -1.#IND0    4
   4    7  -20   0.745208   -14.607643    -0.000000      14.6076   -1.#IND0   -1.#IND0    4
   7   13    6   0.745193     1.745166    -0.000000      1.74517   -1.#IND0   -1.#IND0    4
   1   11  -18   0.745176    -1.849966    -0.000000      1.84997   -1.#IND0   -1.#IND0    4
   4   22    0   0.745060     9.571404    -0.000000       9.5714   -1.#IND0   -1.#IND0    4
   5   21   -6   0.744985    -1.392450     0.000000      1.39245   -1.#IND0   -1.#IND0    4
   9    8  -15   0.744981    -1.829233     0.000000      1.82923   -1.#IND0   -1.#IND0    4
   2   17   12   0.744905    -1.368874     0.000000      1.36887   -1.#IND0   -1.#IND0    4
   3    7   16   0.744864    -0.751749     0.000000     0.751749   -1.#IND0   -1.#IND0    4
   3   10  -19   0.744862    -2.919944     0.000000      2.91994   -1.#IND0   -1.#IND0    4
   9    6  -16   0.744857    13.148534     0.000000      13.1485   -1.#IND0   -1.#IND0    4
   2    6  -20   0.744844     0.794603    -0.000000     0.794603   -1.#IND0   -1.#IND0    4
   2   21  -10   0.744656    -6.541114     0.000000      6.54111   -1.#IND0   -1.#IND0    4
   8    8  -17   0.744608    18.107593     0.000000      18.1076   -1.#IND0   -1.#IND0    4
   8    2    8   0.744520     3.718505    -0.000000      3.71851   -1.#IND0   -1.#IND0    4
   3   14   13   0.744512    -6.086924     0.000000      6.08692   -1.#IND0   -1.#IND0    4
   4   10  -19   0.744465   -16.645026    -0.000000       16.645   -1.#IND0   -1.#IND0    4
   6   20   -4   0.744436     9.829637    -0.000000      9.82964   -1.#IND0   -1.#IND0    4
   0   12   17   0.744421     5.960829     0.000000      5.96083   -1.#IND0   -1.#IND0    4
   5   18    6   0.744369    10.343564    -0.000000      10.3436   -1.#IND0   -1.#IND0    4
   3    7  -20   0.744324     8.223594    -0.000000      8.22359   -1.#IND0   -1.#IND0    4
   3   23   -2   0.744300    -1.034423     0.000000      1.03442   -1.#IND0   -1.#IND0    4
   8   16   -8   0.744272    12.264568    -0.000000      12.2646   -1.#IND0   -1.#IND0    4
   2    0   18   0.744250    -2.630823     0.000000      2.63082   -1.#IND0   -1.#IND0    2
   8   15    0   0.744218   -11.487534     0.000000      11.4875   -1.#IND0   -1.#IND0    4
   5    3   14   0.744079    -2.787609    -0.000000      2.78761   -1.#IND0   -1.#IND0    4
   3   14  -17   0.744063    -9.868281    -0.000000      9.86828   -1.#IND0   -1.#IND0    4
  10    3    1   0.743985     2.061581     0.000000      2.06158   -1.#IND0   -1.#IND0    4
  10    6  -13   0.743695    -4.042801     0.000000       4.0428   -1.#IND0   -1.#IND0    4
  10    8   -2   0.743682    -1.437770    -0.000000      1.43777   -1.#IND0   -1.#IND0    4
   2    1   18   0.743600    -2.834411     0.000000      2.83441   -1.#IND0   -1.#IND0    4
   1   20   10   0.743548    11.081845    -0.000000      11.0818   -1.#IND0   -1.#IND0    4
  10    7   -1   0.743541     2.717085    -0.000000      2.71708   -1.#IND0   -1.#IND0    4
   6   20   -3   0.743504     0.104426     0.000000     0.104426   -1.#IND0   -1.#IND0    4
  10    4  -14   0.743497    11.446747     0.000000      11.4467   -1.#IND0   -1.#IND0    4
   6   20   -5   0.743444     2.280997    -0.000000        2.281   -1.#IND0   -1.#IND0    4
   3   23   -1   0.743354     0.543977    -0.000000     0.543977   -1.#IND0   -1.#IND0    4
   3   23   -3   0.743324     4.663831    -0.000000      4.66383   -1.#IND0   -1.#IND0    4
   7    8    9   0.743316    -6.531177     0.000000      6.53118   -1.#IND0   -1.#IND0    4
   9    3    5   0.743147     6.067868    -0.000000      6.06787   -1.#IND0   -1.#IND0    4
   4    6   15   0.743132    -2.297934     0.000000      2.29793   -1.#IND0   -1.#IND0    4
   0   19   12   0.742872     2.309547    -0.000000      2.30955   -1.#IND0   -1.#IND0    4
   0   18   13   0.742870     5.667910     0.000000      5.66791   -1.#IND0   -1.#IND0    4
   1    4  -20   0.742865    19.280692     0.000000      19.2807   -1.#IND0   -1.#IND0    4
   8   10  -16   0.742737     9.185303     0.000000       9.1853   -1.#IND0   -1.#IND0    4
   7   18   -8   0.742726    -1.439430     0.000000      1.43943   -1.#IND0   -1.#IND0    4
   2   12  -18   0.742652     8.510160     0.000000      8.51016   -1.#IND0   -1.#IND0    4
   7    6  -19   0.742582     6.434971    -0.000000      6.43497   -1.#IND0   -1.#IND0    4
  10    9  -10   0.742499    -1.328372     0.000000      1.32837   -1.#IND0   -1.#IND0    4
   1   21  -10   0.742457    -0.973432     0.000000     0.973432   -1.#IND0   -1.#IND0    4
   6    5   12   0.742383    -9.040326    -0.000000      9.04033   -1.#IND0   -1.#IND0    4
   0   14   16   0.742374    -3.537441     0.000000      3.53744   -1.#IND0   -1.#IND0    4
   9    3  -17   0.742165    10.876133     0.000000      10.8761   -1.#IND0   -1.#IND0    4
   6   16    6   0.742136     2.499550    -0.000000      2.49955   -1.#IND0   -1.#IND0    4
   6   15    7   0.742113    -0.415070    -0.000000      0.41507   -1.#IND0   -1.#IND0    4
   4   19    7   0.742098    -3.679663    -0.000000      3.67966   -1.#IND0   -1.#IND0    4
   4    1  -21   0.742080    23.541740     0.000000      23.5417   -1.#IND0   -1.#IND0    4
   8    9    6   0.741861     0.288139    -0.000000     0.288139   -1.#IND0   -1.#IND0    4
   1   22    7   0.741855    -4.510784     0.000000      4.51078   -1.#IND0   -1.#IND0    4
   2   23    3   0.741791     1.627251    -0.000000      1.62725   -1.#IND0   -1.#IND0    4
   1   23   -6   0.741724    -9.673712    -0.000000      9.67371   -1.#IND0   -1.#IND0    4
   0   24    0   0.741667    -4.366993     0.000000      4.36699   -1.#IND0   -1.#IND0    2
   2    2   18   0.741661     5.702876    -0.000000      5.70288   -1.#IND0   -1.#IND0    4
   6   16  -14   0.741543    21.373156    -0.000000      21.3732   -1.#IND0   -1.#IND0    4
   7   16    3   0.741462     0.039022    -0.000000    0.0390219   -1.#IND0   -1.#IND0    4
   6   15  -15   0.741460     0.493725     0.000000     0.493725   -1.#IND0   -1.#IND0    4
   7    5   10   0.741455    -6.758162     0.000000      6.75816   -1.#IND0   -1.#IND0    4
   6    5  -20   0.741433     3.808440     0.000000      3.80844   -1.#IND0   -1.#IND0    4
   8   13    3   0.741308    -6.848835     0.000000      6.84883   -1.#IND0   -1.#IND0    4
   5   21    0   0.741300    -0.670125    -0.000000     0.670125   -1.#IND0   -1.#IND0    4
   8    3    8   0.741285     0.696757     0.000000     0.696757   -1.#IND0   -1.#IND0    4
   4   14  -17   0.741128     1.792042     0.000000      1.79204   -1.#IND0   -1.#IND0    4
   4   22   -6   0.741108     5.844477    -0.000000      5.84448   -1.#IND0   -1.#IND0    4
   4   21   -9   0.741098     1.050467     0.000000      1.05047   -1.#IND0   -1.#IND0    4
   2   20    9   0.741048    -5.722541     0.000000      5.72254   -1.#IND0   -1.#IND0    4
   5   17  -14   0.740983    -3.949492     0.000000      3.94949   -1.#IND0   -1.#IND0    4
   5   16  -15   0.740923     3.930222    -0.000000      3.93022   -1.#IND0   -1.#IND0    4
  10   10   -7   0.740897     8.723561    -0.000000      8.72356   -1.#IND0   -1.#IND0    4
   4   15   11   0.740799    -7.543311    -0.000000      7.54331   -1.#IND0   -1.#IND0    4
   7   18   -1   0.740744     3.939306     0.000000      3.93931   -1.#IND0   -1.#IND0    4
   5    8   13   0.740716    -7.372508     0.000000      7.37251   -1.#IND0   -1.#IND0    4
   0   24    1   0.740716    -4.625401    -0.000000       4.6254   -1.#IND0   -1.#IND0    4
   8   16   -2   0.740686     6.217587    -0.000000      6.21759   -1.#IND0   -1.#IND0    4
   6   20   -2   0.740670     3.022388     0.000000      3.02239   -1.#IND0   -1.#IND0    4
  10   10   -6   0.740629     9.580440    -0.000000      9.58044   -1.#IND0   -1.#IND0    4
  10    9   -3   0.740622    -9.920404     0.000000       9.9204   -1.#IND0   -1.#IND0    4
   8   12    4   0.740610    10.837624    -0.000000      10.8376   -1.#IND0   -1.#IND0    4
   6   20   -6   0.740552     6.116940    -0.000000      6.11694   -1.#IND0   -1.#IND0    4
   3   23    0   0.740507     2.838280    -0.000000      2.83828   -1.#IND0   -1.#IND0    4
   3    1   17   0.740507    -6.958411     0.000000      6.95841   -1.#IND0   -1.#IND0    4
   5   14   10   0.740467     8.830976    -0.000000      8.83098   -1.#IND0   -1.#IND0    4
   1   15  -16   0.740464     8.059368     0.000000      8.05937   -1.#IND0   -1.#IND0    4
  11    0   -8   0.740450    16.249673     0.000000      16.2497   -1.#IND0   -1.#IND0    2
   3   23   -4   0.740448    -4.025188     0.000000      4.02519   -1.#IND0   -1.#IND0    4
   1    1   19   0.740328     1.962956     0.000000      1.96296   -1.#IND0   -1.#IND0    4
   8   15  -11   0.740280    -0.389580     0.000000      0.38958   -1.#IND0   -1.#IND0    4
  10    6    0   0.740204    23.611319    -0.000000      23.6113   -1.#IND0   -1.#IND0    4
  11    1   -7   0.740180    25.604634     0.000000      25.6046   -1.#IND0   -1.#IND0    4
   4    2  -21   0.740153     0.821117     0.000000     0.821117   -1.#IND0   -1.#IND0    4
   5   20    3   0.740141     1.898511    -0.000000      1.89851   -1.#IND0   -1.#IND0    4
   3   21    6   0.740080     4.890389    -0.000000      4.89039   -1.#IND0   -1.#IND0    4
   7   12    7   0.740022     5.320689    -0.000000      5.32069   -1.#IND0   -1.#IND0    4
   7    9  -18   0.740013     0.165108     0.000000     0.165108   -1.#IND0   -1.#IND0    4
   2   14  -17   0.739998    -2.658196    -0.000000       2.6582   -1.#IND0   -1.#IND0    4
   8    7    7   0.739956    -2.672309     0.000000      2.67231   -1.#IND0   -1.#IND0    4
   3    1  -21   0.739947    -8.657922    -0.000000      8.65792   -1.#IND0   -1.#IND0    4
   0   22    8   0.739918     2.750680     0.000000      2.75068   -1.#IND0   -1.#IND0    4
   9   13   -2   0.739882    -9.184348     0.000000      9.18435   -1.#IND0   -1.#IND0    4
   3   21  -10   0.739845    -5.273376     0.000000      5.27338   -1.#IND0   -1.#IND0    4
  11    1   -8   0.739811    -1.106088     0.000000      1.10609   -1.#IND0   -1.#IND0    4
   2   16   13   0.739783    -0.376917     0.000000     0.376917   -1.#IND0   -1.#IND0    4
   1   16   14   0.739716    12.984338    -0.000000      12.9843   -1.#IND0   -1.#IND0    4
   0   20   11   0.739685    -0.703300    -0.000000       0.7033   -1.#IND0   -1.#IND0    4
   0   17   14   0.739680    -7.445439     0.000000      7.44544   -1.#IND0   -1.#IND0    4
   5    4   14   0.739569     0.800974     0.000000     0.800974   -1.#IND0   -1.#IND0    4
   9   13  -10   0.739529    -2.508740    -0.000000      2.50874   -1.#IND0   -1.#IND0    4
   4   20  -11   0.739512     2.439789    -0.000000      2.43979   -1.#IND0   -1.#IND0    4
  10    4    1   0.739477    -7.243136     0.000000      7.24314   -1.#IND0   -1.#IND0    4
   9   11    1   0.739476    -1.074331    -0.000000      1.07433   -1.#IND0   -1.#IND0    4
   8    6  -18   0.739401    -5.754864    -0.000000      5.75486   -1.#IND0   -1.#IND0    4
   0   10   18   0.739392     9.783056    -0.000000      9.78306   -1.#IND0   -1.#IND0    4
  11    0   -6   0.739297    17.236440     0.000000      17.2364   -1.#IND0   -1.#IND0    2
  10   10   -8   0.739269     4.707545    -0.000000      4.70755   -1.#IND0   -1.#IND0    4
   3   18   10   0.739240     8.434198    -0.000000       8.4342   -1.#IND0   -1.#IND0    4
   5    7  -20   0.739087     0.969699     0.000000     0.969699   -1.#IND0   -1.#IND0    4
   3   22    4   0.739056    10.009244     0.000000      10.0092   -1.#IND0   -1.#IND0    4
   4   22    1   0.739036    -6.477359    -0.000000      6.47736   -1.#IND0   -1.#IND0    4
   6   17    5   0.738980     3.251444    -0.000000      3.25144   -1.#IND0   -1.#IND0    4
   2    8   17   0.738931    -1.156428     0.000000      1.15643   -1.#IND0   -1.#IND0    4
   5   21   -7   0.738919     4.404762     0.000000      4.40476   -1.#IND0   -1.#IND0    4
   6   14    8   0.738912     9.557064    -0.000000      9.55706   -1.#IND0   -1.#IND0    4
   3   18  -14   0.738888     0.739805    -0.000000     0.739805   -1.#IND0   -1.#IND0    4
   3   22   -8   0.738880     3.581792    -0.000000      3.58179   -1.#IND0   -1.#IND0    4
   9   11  -13   0.738860    -3.858500     0.000000       3.8585   -1.#IND0   -1.#IND0    4
   2   23   -6   0.738860    -4.295678    -0.000000      4.29568   -1.#IND0   -1.#IND0    4
   8   14    2   0.738830     6.335452    -0.000000      6.33545   -1.#IND0   -1.#IND0    4
   7   11  -17   0.738764    -2.219486    -0.000000      2.21949   -1.#IND0   -1.#IND0    4
   9   10    2   0.738755     8.571424    -0.000000      8.57142   -1.#IND0   -1.#IND0    4
  11    1   -6   0.738660    -8.351682    -0.000000      8.35168   -1.#IND0   -1.#IND0    4
   9    4    5   0.738654    -1.307454    -0.000000      1.30745   -1.#IND0   -1.#IND0    4
   2   18  -14   0.738629     4.772417    -0.000000      4.77242   -1.#IND0   -1.#IND0    4
   3    2   17   0.738592     0.243193     0.000000     0.243193   -1.#IND0   -1.#IND0    4
   1   24   -1   0.738508     1.238842     0.000000      1.23884   -1.#IND0   -1.#IND0    4
  10   10   -5   0.738474    -8.315079    -0.000000      8.31508   -1.#IND0   -1.#IND0    4
   2    3   18   0.738463    -2.909175    -0.000000      2.90917   -1.#IND0   -1.#IND0    4
   6   17  -13   0.738453     1.363724    -0.000000      1.36372   -1.#IND0   -1.#IND0    4
   1    2   19   0.738415    -0.296794     0.000000     0.296794   -1.#IND0   -1.#IND0    4
   1   23    5   0.738307     0.893391    -0.000000     0.893391   -1.#IND0   -1.#IND0    4
   2   10  -19   0.738275    -0.004552     0.000000   0.00455213   -1.#IND0   -1.#IND0    4
  11    2   -7   0.738268     0.989048     0.000000     0.989048   -1.#IND0   -1.#IND0    4
   6   14  -16   0.738209    -2.425764    -0.000000      2.42576   -1.#IND0   -1.#IND0    4
   8   16   -9   0.738208     2.187681    -0.000000      2.18768   -1.#IND0   -1.#IND0    4
   1   24    0   0.738200     3.250719    -0.000000      3.25072   -1.#IND0   -1.#IND0    4
  10    1  -15   0.738194    -6.491212    -0.000000      6.49121   -1.#IND0   -1.#IND0    4
   9   10  -14   0.738053     4.164028     0.000000      4.16403   -1.#IND0   -1.#IND0    4
   3    2  -21   0.738036    -0.696252    -0.000000     0.696252   -1.#IND0   -1.#IND0    4
   2   19  -13   0.738014    -2.578705    -0.000000       2.5787   -1.#IND0   -1.#IND0    4
   3   17   11   0.737982     5.376095    -0.000000       5.3761   -1.#IND0   -1.#IND0    4
  11    2   -8   0.737901    11.723054     0.000000      11.7231   -1.#IND0   -1.#IND0    4
   0   24    2   0.737884     2.347647    -0.000000      2.34765   -1.#IND0   -1.#IND0    4
   5   18  -13   0.737879    -7.581839     0.000000      7.58184   -1.#IND0   -1.#IND0    4
  10    5  -14   0.737728     4.437402     0.000000       4.4374   -1.#IND0   -1.#IND0    4
   6   11   10   0.737722     3.399718     0.000000      3.39972   -1.#IND0   -1.#IND0    4
   5   12  -18   0.737708     6.946254     0.000000      6.94625   -1.#IND0   -1.#IND0    4
   5   15  -16   0.737700    -1.704539     0.000000      1.70454   -1.#IND0   -1.#IND0    4
   9    4  -17   0.737690     1.014552    -0.000000      1.01455   -1.#IND0   -1.#IND0    4
   0   23    6   0.737654     8.665669     0.000000      8.66567   -1.#IND0   -1.#IND0    4
   3   17  -15   0.737602    -2.096979     0.000000      2.09698   -1.#IND0   -1.#IND0    4
   9   14   -6   0.737595     6.477527    -0.000000      6.47753   -1.#IND0   -1.#IND0    4
  11    1   -9   0.737560   -21.124884    -0.000000      21.1249   -1.#IND0   -1.#IND0    4
   7   17  -11   0.737553     0.049970     0.000000    0.0499696   -1.#IND0   -1.#IND0    4
   7    0  -20   0.737490    -4.260140    -0.000000      4.26014   -1.#IND0   -1.#IND0    2
   2   22    6   0.737477    11.804207    -0.000000      11.8042   -1.#IND0   -1.#IND0    4
   2   13   15   0.737400    10.835386    -0.000000      10.8354   -1.#IND0   -1.#IND0    4
   9    7    4   0.737394    -0.680783    -0.000000     0.680783   -1.#IND0   -1.#IND0    4
   5   19    5   0.737380    -3.461191     0.000000      3.46119   -1.#IND0   -1.#IND0    4
   3   19    9   0.737347    -1.985820     0.000000      1.98582   -1.#IND0   -1.#IND0    4
   5    1  -21   0.737275    -8.955142    -0.000000      8.95514   -1.#IND0   -1.#IND0    4
   4   21    4   0.737265     2.978836     0.000000      2.97884   -1.#IND0   -1.#IND0    4
   4   12   13   0.737125     2.981630     0.000000      2.98163   -1.#IND0   -1.#IND0    4
   5   10  -19   0.737117     6.404204     0.000000       6.4042   -1.#IND0   -1.#IND0    4
   1    5  -20   0.737110    -1.173367     0.000000      1.17337   -1.#IND0   -1.#IND0    4
   9   12    0   0.737046     4.226866    -0.000000      4.22687   -1.#IND0   -1.#IND0    4
   3   19  -13   0.737027    -0.755446    -0.000000     0.755446   -1.#IND0   -1.#IND0    4
   0    7   19   0.737003     4.959467     0.000000      4.95947   -1.#IND0   -1.#IND0    4
   4    3  -21   0.736974    19.183549     0.000000      19.1835   -1.#IND0   -1.#IND0    4
   1    9  -19   0.736957    -0.520146    -0.000000     0.520146   -1.#IND0   -1.#IND0    4
   1   24   -2   0.736941    -6.726857     0.000000      6.72686   -1.#IND0   -1.#IND0    4
   6   11  -18   0.736907     2.243842     0.000000      2.24384   -1.#IND0   -1.#IND0    4
  10    8  -12   0.736873     6.976551     0.000000      6.97655   -1.#IND0   -1.#IND0    4
   7    1  -20   0.736857     0.260058    -0.000000     0.260058   -1.#IND0   -1.#IND0    4
   8    1  -19   0.736839     0.429427     0.000000     0.429427   -1.#IND0   -1.#IND0    4
   8    4    8   0.736826    -0.465813     0.000000     0.465813   -1.#IND0   -1.#IND0    4
   8   11    5   0.736764     4.459057    -0.000000      4.45906   -1.#IND0   -1.#IND0    4
  11    2   -6   0.736759     8.562752     0.000000      8.56275   -1.#IND0   -1.#IND0    4
   9   14   -5   0.736703     7.661375    -0.000000      7.66137   -1.#IND0   -1.#IND0    4
   9   14   -7   0.736616    -0.097337    -0.000000    0.0973366   -1.#IND0   -1.#IND0    4
   1   21    9   0.736568     1.404999    -0.000000        1.405   -1.#IND0   -1.#IND0    4
   9   12  -12   0.736522     6.455602     0.000000       6.4556   -1.#IND0   -1.#IND0    4
   9    7  -16   0.736521    -9.518140     0.000000      9.51814   -1.#IND0   -1.#IND0    4
   2    7  -20   0.736509    -8.113832     0.000000      8.11383   -1.#IND0   -1.#IND0    4
   1    8   18   0.736345     8.513982     0.000000      8.51398   -1.#IND0   -1.#IND0    4
  10    2  -15   0.736297     2.258045    -0.000000      2.25805   -1.#IND0   -1.#IND0    4
   2   11   16   0.736255     3.527483    -0.000000      3.52748   -1.#IND0   -1.#IND0    4
   2   17  -15   0.736104     0.918429     0.000000     0.918429   -1.#IND0   -1.#IND0    4
   1   13   16   0.736079    -1.445691     0.000000      1.44569   -1.#IND0   -1.#IND0    4
   1   24    1   0.736022    -3.584493    -0.000000      3.58449   -1.#IND0   -1.#IND0    4
   6   20   -1   0.735999    -4.754976    -0.000000      4.75498   -1.#IND0   -1.#IND0    4
   6    9   11   0.735907     4.321769    -0.000000      4.32177   -1.#IND0   -1.#IND0    4
   6   20   -7   0.735825     4.760667     0.000000      4.76067   -1.#IND0   -1.#IND0    4
   3   23    1   0.735825    -0.653955     0.000000     0.653955   -1.#IND0   -1.#IND0    4
  10   10   -9   0.735785    -9.918842     0.000000      9.91884   -1.#IND0   -1.#IND0    4
   5   20  -10   0.735757     4.483300    -0.000000       4.4833   -1.#IND0   -1.#IND0    4
   3   23   -5   0.735738    -1.697366     0.000000      1.69737   -1.#IND0   -1.#IND0    4
  11    2   -9   0.735668     5.319513    -0.000000      5.31951   -1.#IND0   -1.#IND0    4
   4    8  -20   0.735601    11.959625     0.000000      11.9596   -1.#IND0   -1.#IND0    4
   6   19    2   0.735481     1.560853    -0.000000      1.56085   -1.#IND0   -1.#IND0    4
   7   18   -9   0.735462    -2.319431     0.000000      2.31943   -1.#IND0   -1.#IND0    4
   3    3   17   0.735433    -7.010796     0.000000       7.0108   -1.#IND0   -1.#IND0    4
  10    7  -13   0.735398     3.630564     0.000000      3.63056   -1.#IND0   -1.#IND0    4
   5    2  -21   0.735385    -5.707965    -0.000000      5.70796   -1.#IND0   -1.#IND0    4
   6    6   12   0.735381     2.224464     0.000000      2.22446   -1.#IND0   -1.#IND0    4
   8   13  -14   0.735318    -2.061954     0.000000      2.06195   -1.#IND0   -1.#IND0    4
  11    1   -5   0.735285   -11.492847    -0.000000      11.4928   -1.#IND0   -1.#IND0    4
   3    8   16   0.735270     4.047148     0.000000      4.04715   -1.#IND0   -1.#IND0    4
   1    3   19   0.735258     3.116540    -0.000000      3.11654   -1.#IND0   -1.#IND0    4
  10    9  -11   0.735227     0.587898     0.000000     0.587898   -1.#IND0   -1.#IND0    4
   6   19  -10   0.735134    -0.798951    -0.000000     0.798951   -1.#IND0   -1.#IND0    4
  11    3   -7   0.735113    18.911661     0.000000      18.9117   -1.#IND0   -1.#IND0    4
   6    9  -19   0.735039     4.738893    -0.000000      4.73889   -1.#IND0   -1.#IND0    4
   7    2  -20   0.734971    -3.584518    -0.000000      3.58452   -1.#IND0   -1.#IND0    4
   8    2  -19   0.734952    -1.632922    -0.000000      1.63292   -1.#IND0   -1.#IND0    4
   9    9    3   0.734909     6.701407    -0.000000      6.70141   -1.#IND0   -1.#IND0    4
   3    3  -21   0.734885   -10.731344    -0.000000      10.7313   -1.#IND0   -1.#IND0    4
   4    7   15   0.734853     3.411282    -0.000000      3.41128   -1.#IND0   -1.#IND0    4
  11    3   -8   0.734751     8.837298     0.000000       8.8373   -1.#IND0   -1.#IND0    4
   3    8  -20   0.734751     1.676107     0.000000      1.67611   -1.#IND0   -1.#IND0    4
   4   10   14   0.734719     9.689424    -0.000000      9.68942   -1.#IND0   -1.#IND0    4
   4   20    6   0.734543     3.950478     0.000000      3.95048   -1.#IND0   -1.#IND0    4
  10   10   -4   0.734479     3.481607     0.000000      3.48161   -1.#IND0   -1.#IND0    4
   7    6   10   0.734479     5.236295    -0.000000       5.2363   -1.#IND0   -1.#IND0    4
   6    6  -20   0.734458    14.352945     0.000000      14.3529   -1.#IND0   -1.#IND0    4
  10    0    2   0.734363     4.926983    -0.000000      4.92698   -1.#IND0   -1.#IND0    2
   7    7  -19   0.734322     7.821784     0.000000      7.82178   -1.#IND0   -1.#IND0    4
   1   11   17   0.734318    -0.360734     0.000000     0.360734   -1.#IND0   -1.#IND0    4
   2   20  -12   0.734281     8.382684    -0.000000      8.38268   -1.#IND0   -1.#IND0    4
   5   11   12   0.734279     6.287769    -0.000000      6.28777   -1.#IND0   -1.#IND0    4
   5   21    1   0.734135    -1.773988    -0.000000      1.77399   -1.#IND0   -1.#IND0    4
   9    9  -15   0.734131     0.060430    -0.000000    0.0604299   -1.#IND0   -1.#IND0    4
  11    0  -10   0.734103    -2.973059    -0.000000      2.97306   -1.#IND0   -1.#IND0    2
   2    4   18   0.734055     8.339731    -0.000000      8.33973   -1.#IND0   -1.#IND0    4
  10    8   -1   0.733997    18.021225    -0.000000      18.0212   -1.#IND0   -1.#IND0    4
   7   17    2   0.733961    -4.141490    -0.000000      4.14149   -1.#IND0   -1.#IND0    4
   9   14   -4   0.733961     7.248242    -0.000000      7.24824   -1.#IND0   -1.#IND0    4
   7   15  -14   0.733955     8.315506    -0.000000      8.31551   -1.#IND0   -1.#IND0    4
   8   12  -15   0.733944    -5.291535     0.000000      5.29154   -1.#IND0   -1.#IND0    4
   4   22   -7   0.733905     2.286984    -0.000000      2.28698   -1.#IND0   -1.#IND0    4
   5    5   14   0.733890   -10.203064     0.000000      10.2031   -1.#IND0   -1.#IND0    4
   7   14  -15   0.733854     9.560125     0.000000      9.56013   -1.#IND0   -1.#IND0    4
  10    5    1   0.733800     2.219288     0.000000      2.21929   -1.#IND0   -1.#IND0    4
   9   14   -8   0.733788     4.075093    -0.000000      4.07509   -1.#IND0   -1.#IND0    4
   8    9  -17   0.733774    -4.530721     0.000000      4.53072   -1.#IND0   -1.#IND0    4
  10    1    2   0.733739     1.534058     0.000000      1.53406   -1.#IND0   -1.#IND0    4
  11    3   -6   0.733624    -6.608943    -0.000000      6.60894   -1.#IND0   -1.#IND0    4
   3   16   12   0.733619    -0.542943    -0.000000     0.542943   -1.#IND0   -1.#IND0    4
   8   14  -13   0.733590    -1.056405     0.000000      1.05641   -1.#IND0   -1.#IND0    4
   8   16   -1   0.733553    -2.693781    -0.000000      2.69378   -1.#IND0   -1.#IND0    4
   1   24   -3   0.733532     6.152990     0.000000      6.15299   -1.#IND0   -1.#IND0    4
   2   21    8   0.733518     6.093213     0.000000      6.09321   -1.#IND0   -1.#IND0    4
  11    1  -10   0.733480    -2.417419    -0.000000      2.41742   -1.#IND0   -1.#IND0    4
   0   21   10   0.733431     5.201432    -0.000000      5.20143   -1.#IND0   -1.#IND0    4
   0   16   15   0.733424    -9.155858    -0.000000      9.15586   -1.#IND0   -1.#IND0    4
  11    2   -5   0.733411    -0.239291    -0.000000     0.239291   -1.#IND0   -1.#IND0    4
   8   15    1   0.733272     1.247112     0.000000      1.24711   -1.#IND0   -1.#IND0    4
   0   24    3   0.733237    -4.876000     0.000000        4.876   -1.#IND0   -1.#IND0    4
   3   16  -16   0.733218    17.186030     0.000000       17.186   -1.#IND0   -1.#IND0    4
  10    3  -15   0.733168    -8.276383    -0.000000      8.27638   -1.#IND0   -1.#IND0    4
   9    5    5   0.732996     2.105756    -0.000000      2.10576   -1.#IND0   -1.#IND0    4
   7   18    0   0.732991     3.290454    -0.000000      3.29045   -1.#IND0   -1.#IND0    4
  10    9   -2   0.732887     9.040733    -0.000000      9.04073   -1.#IND0   -1.#IND0    4
   6   18    4   0.732765    12.290096    -0.000000      12.2901   -1.#IND0   -1.#IND0    4
   2   23    4   0.732753    -0.820493     0.000000     0.820493   -1.#IND0   -1.#IND0    4
   2   22   -9   0.732694     1.914175     0.000000      1.91418   -1.#IND0   -1.#IND0    4
   4   14   12   0.732656    11.845673     0.000000      11.8457   -1.#IND0   -1.#IND0    4
   6   13    9   0.732653     0.407329    -0.000000     0.407329   -1.#IND0   -1.#IND0    4
   4    4  -21   0.732592    10.003492    -0.000000      10.0035   -1.#IND0   -1.#IND0    4
  11    3   -9   0.732546   -20.363017    -0.000000       20.363   -1.#IND0   -1.#IND0    4
   7    9    9   0.732537     2.375577    -0.000000      2.37558   -1.#IND0   -1.#IND0    4
   3   13   14   0.732526     0.802160    -0.000000      0.80216   -1.#IND0   -1.#IND0    4
   3   20    8   0.732374     3.982930     0.000000      3.98293   -1.#IND0   -1.#IND0    4
   4   18  -14   0.732331     3.613400    -0.000000       3.6134   -1.#IND0   -1.#IND0    4
   6   18  -12   0.732307    -0.687915    -0.000000     0.687915   -1.#IND0   -1.#IND0    4
   4   17  -15   0.732294    -9.481866     0.000000      9.48187   -1.#IND0   -1.#IND0    4
   5    3  -21   0.732267    -7.651176    -0.000000      7.65118   -1.#IND0   -1.#IND0    4
   1   19  -13   0.732192     5.984522    -0.000000      5.98452   -1.#IND0   -1.#IND0    4
   3   20  -12   0.732089    10.122535    -0.000000      10.1225   -1.#IND0   -1.#IND0    4
   3   13  -18   0.732069    -6.286034     0.000000      6.28603   -1.#IND0   -1.#IND0    4
   9    5  -17   0.732053     9.902446     0.000000      9.90245   -1.#IND0   -1.#IND0    4
   1   24    2   0.732024    -0.527478    -0.000000     0.527478   -1.#IND0   -1.#IND0    4
  10    7    0   0.732022    -5.499037    -0.000000      5.49904   -1.#IND0   -1.#IND0    4
   3   11   15   0.732018    -4.960250    -0.000000      4.96025   -1.#IND0   -1.#IND0    4
   6   13  -17   0.731911     4.448801     0.000000       4.4488   -1.#IND0   -1.#IND0    4
   4    0   16   0.731899    -0.753381     0.000000     0.753381   -1.#IND0   -1.#IND0    2
  10    2    2   0.731876     6.236624    -0.000000      6.23662   -1.#IND0   -1.#IND0    4
   7   11    8   0.731869     0.996053    -0.000000     0.996053   -1.#IND0   -1.#IND0    4
   7    3  -20   0.731858    -7.805196     0.000000       7.8052   -1.#IND0   -1.#IND0    4
   8    3  -19   0.731840    -1.387226    -0.000000      1.38723   -1.#IND0   -1.#IND0    4
   1   22   -9   0.731812     3.435549     0.000000      3.43555   -1.#IND0   -1.#IND0    4
   5   19  -12   0.731726     4.667844    -0.000000      4.66784   -1.#IND0   -1.#IND0    4
   5   13   11   0.731713     7.462856    -0.000000      7.46286   -1.#IND0   -1.#IND0    4
   2   15   14   0.731680     3.844194     0.000000      3.84419   -1.#IND0   -1.#IND0    4
  11    2  -10   0.731619    -8.708657    -0.000000      8.70866   -1.#IND0   -1.#IND0    4
   1   18  -14   0.731576    -1.299062     0.000000      1.29906   -1.#IND0   -1.#IND0    4
   9   13   -1   0.731555    -6.095424     0.000000      6.09542   -1.#IND0   -1.#IND0    4
   0    0   20   0.731553    -8.977657     0.000000      8.97766   -1.#IND0   -1.#IND0    2
   3   11  -19   0.731533     0.361465     0.000000     0.361465   -1.#IND0   -1.#IND0    4
   5   14  -17   0.731437    -6.527974    -0.000000      6.52797   -1.#IND0   -1.#IND0    4
   4   22    2   0.731322     8.382068    -0.000000      8.38207   -1.#IND0   -1.#IND0    4
   4    1   16   0.731281    -1.354274    -0.000000      1.35427   -1.#IND0   -1.#IND0    4
   8    7  -18   0.731245    -6.913919    -0.000000      6.91392   -1.#IND0   -1.#IND0    4
   8    5    8   0.731209    -1.297936    -0.000000      1.29794   -1.#IND0   -1.#IND0    4
   5   21   -8   0.731165   -11.877365    -0.000000      11.8774   -1.#IND0   -1.#IND0    4
   4   11  -19   0.731157     0.954243    -0.000000     0.954243   -1.#IND0   -1.#IND0    4
   9   13  -11   0.731128     5.856687    -0.000000      5.85669   -1.#IND0   -1.#IND0    4
   3    4   17   0.731078     2.818685     0.000000      2.81868   -1.#IND0   -1.#IND0    4
   2    1  -21   0.731052    10.121287     0.000000      10.1213   -1.#IND0   -1.#IND0    4
   1   15   15   0.731002    -5.141189    -0.000000      5.14119   -1.#IND0   -1.#IND0    4
   7   16  -13   0.730979    -1.257513    -0.000000      1.25751   -1.#IND0   -1.#IND0    4
   0    1   20   0.730936    -4.176598    -0.000000       4.1766   -1.#IND0   -1.#IND0    4
   1    4   19   0.730906     3.581140    -0.000000      3.58114   -1.#IND0   -1.#IND0    4
  10    6  -14   0.730856     7.380490     0.000000      7.38049   -1.#IND0   -1.#IND0    4
   1   23   -7   0.730843    -6.495423     0.000000      6.49542   -1.#IND0   -1.#IND0    4
  11    4   -7   0.730764    -1.146366     0.000000      1.14637   -1.#IND0   -1.#IND0    4
  11    0   -4   0.730747     1.242544    -0.000000      1.24254   -1.#IND0   -1.#IND0    2
   7   13  -16   0.730680    -4.462283     0.000000      4.46228   -1.#IND0   -1.#IND0    4
   1   12  -18   0.730596     2.804987     0.000000      2.80499   -1.#IND0   -1.#IND0    4
   8    8    7   0.730548    -3.848288    -0.000000      3.84829   -1.#IND0   -1.#IND0    4
   3    4  -21   0.730539     5.190400    -0.000000       5.1904   -1.#IND0   -1.#IND0    4
   2   16  -16   0.730534    15.639446     0.000000      15.6394   -1.#IND0   -1.#IND0    4
  10   10  -10   0.730522     7.309255     0.000000      7.30926   -1.#IND0   -1.#IND0    4
   4   13  -18   0.730480    -7.654462    -0.000000      7.65446   -1.#IND0   -1.#IND0    4
   8   16  -10   0.730463     7.140004    -0.000000         7.14   -1.#IND0   -1.#IND0    4
  11    4   -8   0.730408    18.855615     0.000000      18.8556   -1.#IND0   -1.#IND0    4
  11    3   -5   0.730318   -10.644652    -0.000000      10.6447   -1.#IND0   -1.#IND0    4
   1    6  -20   0.730255    11.127131     0.000000      11.1271   -1.#IND0   -1.#IND0    4
  11    1   -4   0.730132    -1.100367    -0.000000      1.10037   -1.#IND0   -1.#IND0    4
   8   17   -5   0.730079     5.146348    -0.000000      5.14635   -1.#IND0   -1.#IND0    4
   5    9   13   0.730048     3.119012     0.000000      3.11901   -1.#IND0   -1.#IND0    4
   8   10    6   0.729914     7.182162    -0.000000      7.18216   -1.#IND0   -1.#IND0    4
   7   19   -5   0.729780    -5.096052     0.000000      5.09605   -1.#IND0   -1.#IND0    4
   1   20  -12   0.729749    13.219718    -0.000000      13.2197   -1.#IND0   -1.#IND0    4
   8   17   -6   0.729739    -4.564387     0.000000      4.56439   -1.#IND0   -1.#IND0    4
   5    8  -20   0.729712    -9.327269    -0.000000      9.32727   -1.#IND0   -1.#IND0    4
   6   20    0   0.729594    15.584149    -0.000000      15.5841   -1.#IND0   -1.#IND0    4
   2   24   -1   0.729582     0.318105    -0.000000     0.318105   -1.#IND0   -1.#IND0    4
   8   11  -16   0.729519     6.080833     0.000000      6.08083   -1.#IND0   -1.#IND0    4
   7   19   -4   0.729511    -2.150920     0.000000      2.15092   -1.#IND0   -1.#IND0    4
   4    2   16   0.729436     2.175907     0.000000      2.17591   -1.#IND0   -1.#IND0    4
   9   14   -3   0.729429    -6.567629     0.000000      6.56763   -1.#IND0   -1.#IND0    4
   3   23    2   0.729410    -2.931289    -0.000000      2.93129   -1.#IND0   -1.#IND0    4
   6   20   -8   0.729368     9.542164    -0.000000      9.54216   -1.#IND0   -1.#IND0    4
   4   19  -13   0.729313     4.761684    -0.000000      4.76168   -1.#IND0   -1.#IND0    4
   2   23   -7   0.729303     2.319893     0.000000      2.31989   -1.#IND0   -1.#IND0    4
  11    4   -6   0.729301     6.300537     0.000000      6.30054   -1.#IND0   -1.#IND0    4
   3   23   -6   0.729297    -6.232006    -0.000000      6.23201   -1.#IND0   -1.#IND0    4
   2   24   -2   0.729270    -0.247601    -0.000000     0.247601   -1.#IND0   -1.#IND0    4
   1   14  -17   0.729269     3.328555    -0.000000      3.32856   -1.#IND0   -1.#IND0    4
   2    2  -21   0.729209    -5.809711     0.000000      5.80971   -1.#IND0   -1.#IND0    4
   4   16  -16   0.729203    13.101120     0.000000      13.1011   -1.#IND0   -1.#IND0    4
   9   14   -9   0.729175    -1.804199    -0.000000       1.8042   -1.#IND0   -1.#IND0    4
   0    2   20   0.729095     2.798669    -0.000000      2.79867   -1.#IND0   -1.#IND0    4
  10    4  -15   0.728852     2.884881     0.000000      2.88488   -1.#IND0   -1.#IND0    4
   8   15  -12   0.728825    -2.539263     0.000000      2.53926   -1.#IND0   -1.#IND0    4
  10    3    2   0.728802     4.052687    -0.000000      4.05269   -1.#IND0   -1.#IND0    4
   7   15    5   0.728798    -2.581389     0.000000      2.58139   -1.#IND0   -1.#IND0    4
  10   10   -3   0.728734    -7.878510     0.000000      7.87851   -1.#IND0   -1.#IND0    4
   0   13   17   0.728661     4.762879    -0.000000      4.76288   -1.#IND0   -1.#IND0    4
   8   17   -4   0.728606     6.976287     0.000000      6.97629   -1.#IND0   -1.#IND0    4
  11    3  -10   0.728548   -10.002597    -0.000000      10.0026   -1.#IND0   -1.#IND0    4
   2    5   18   0.728501    -5.776125     0.000000      5.77612   -1.#IND0   -1.#IND0    4
   4   21  -10   0.728419    -4.171194     0.000000      4.17119   -1.#IND0   -1.#IND0    4
   7    1   11   0.728401   -11.747075     0.000000      11.7471   -1.#IND0   -1.#IND0    4
   1   24   -4   0.728358     1.053766    -0.000000      1.05377   -1.#IND0   -1.#IND0    4
   2    9   17   0.728339     2.522911     0.000000      2.52291   -1.#IND0   -1.#IND0    4
  11    2   -4   0.728296     2.310259     0.000000      2.31026   -1.#IND0   -1.#IND0    4
  11    4   -9   0.728242     8.270248     0.000000      8.27025   -1.#IND0   -1.#IND0    4
   7   19   -6   0.728239     3.682534     0.000000      3.68253   -1.#IND0   -1.#IND0    4
   7   14    6   0.728163    11.127968    -0.000000       11.128   -1.#IND0   -1.#IND0    4
   7   10  -18   0.728153     9.643012     0.000000      9.64301   -1.#IND0   -1.#IND0    4
   2   24    0   0.728084    -0.089873    -0.000000    0.0898735   -1.#IND0   -1.#IND0    4
   9    8    4   0.728082    10.811727    -0.000000      10.8117   -1.#IND0   -1.#IND0    4
   5    4  -21   0.727968    -4.044247    -0.000000      4.04425   -1.#IND0   -1.#IND0    4
   5   17    8   0.727941     5.151542     0.000000      5.15154   -1.#IND0   -1.#IND0    4
   1   17  -15   0.727923    -5.766001     0.000000        5.766   -1.#IND0   -1.#IND0    4
  10   11   -7   0.727776    -4.133059    -0.000000      4.13306   -1.#IND0   -1.#IND0    4
   0    8   19   0.727706    -9.807654     0.000000      9.80765   -1.#IND0   -1.#IND0    4
  11    1  -11   0.727660    14.458654     0.000000      14.4587   -1.#IND0   -1.#IND0    4
   8   17   -7   0.727593    -1.595943     0.000000      1.59594   -1.#IND0   -1.#IND0    4
   2   21  -11   0.727571     1.480796    -0.000000       1.4808   -1.#IND0   -1.#IND0    4
   7    4  -20   0.727566    -1.136833    -0.000000      1.13683   -1.#IND0   -1.#IND0    4
   5   20    4   0.727552     3.061743    -0.000000      3.06174   -1.#IND0   -1.#IND0    4
   8    4  -19   0.727548    -0.117348     0.000000     0.117348   -1.#IND0   -1.#IND0    4
  10   11   -6   0.727522    11.340730    -0.000000      11.3407   -1.#IND0   -1.#IND0    4
   9    0    6   0.727482     4.973242    -0.000000      4.97324   -1.#IND0   -1.#IND0    2
   7   19   -3   0.727437     1.948845    -0.000000      1.94884   -1.#IND0   -1.#IND0    4
   6    7   12   0.727356    -9.630068     0.000000      9.63007   -1.#IND0   -1.#IND0    4
   9    8  -16   0.727242     9.698244     0.000000      9.69824   -1.#IND0   -1.#IND0    4
   2    8  -20   0.727230     1.661366     0.000000      1.66137   -1.#IND0   -1.#IND0    4
   2   24   -3   0.727156     3.731388    -0.000000      3.73139   -1.#IND0   -1.#IND0    4
   5    6   14   0.727124     2.113924     0.000000      2.11392   -1.#IND0   -1.#IND0    4
   3   22    5   0.727110     0.364754    -0.000000     0.364754   -1.#IND0   -1.#IND0    4
   4    5  -21   0.727071    11.192379     0.000000      11.1924   -1.#IND0   -1.#IND0    4
  10    6    1   0.727036   -11.285030    -0.000000       11.285   -1.#IND0   -1.#IND0    4
   2   13  -18   0.727002     5.933893     0.000000      5.93389   -1.#IND0   -1.#IND0    4
   1   23    6   0.726985    -0.172186     0.000000     0.172186   -1.#IND0   -1.#IND0    4
   3   22   -9   0.726914     3.843214     0.000000      3.84321   -1.#IND0   -1.#IND0    4
   9    1    6   0.726876     1.361192    -0.000000      1.36119   -1.#IND0   -1.#IND0    4
   0   24    4   0.726875    -1.922059     0.000000      1.92206   -1.#IND0   -1.#IND0    4
   6    1   13   0.726872   -20.694946     0.000000      20.6949   -1.#IND0   -1.#IND0    4
   1   22    8   0.726758    10.372165    -0.000000      10.3722   -1.#IND0   -1.#IND0    4
   5   16    9   0.726732     0.720327     0.000000     0.720327   -1.#IND0   -1.#IND0    4
   7   18  -10   0.726609     4.518915    -0.000000      4.51892   -1.#IND0   -1.#IND0    4
   7    2   11   0.726578    -2.794982    -0.000000      2.79498   -1.#IND0   -1.#IND0    4
   7    7   10   0.726483    -5.388722    -0.000000      5.38872   -1.#IND0   -1.#IND0    4
   9    0  -18   0.726477     2.090762     0.000000      2.09076   -1.#IND0   -1.#IND0    2
   6    7  -20   0.726462     2.622486    -0.000000      2.62249   -1.#IND0   -1.#IND0    4
   7   16    4   0.726416     0.977421    -0.000000     0.977421   -1.#IND0   -1.#IND0    4
   4    3   16   0.726393     1.072100     0.000000       1.0721   -1.#IND0   -1.#IND0    4
  10    9  -12   0.726369    -4.194475    -0.000000      4.19447   -1.#IND0   -1.#IND0    4
   0   11   18   0.726350     1.530551     0.000000      1.53055   -1.#IND0   -1.#IND0    4
   3   15   13   0.726316    -1.419481    -0.000000      1.41948   -1.#IND0   -1.#IND0    4
   1   24    3   0.726294     1.169473     0.000000      1.16947   -1.#IND0   -1.#IND0    4
   9    6    5   0.726254    -3.477935    -0.000000      3.47794   -1.#IND0   -1.#IND0    4
  10   11   -8   0.726233    -0.879176     0.000000     0.879176   -1.#IND0   -1.#IND0    4
   2    3  -21   0.726169     8.833367    -0.000000      8.83337   -1.#IND0   -1.#IND0    4
  10    8  -13   0.726160     2.762004     0.000000        2.762   -1.#IND0   -1.#IND0    4
   5   18    7   0.726140     5.128644     0.000000      5.12864   -1.#IND0   -1.#IND0    4
   0    3   20   0.726056    -0.414225     0.000000     0.414225   -1.#IND0   -1.#IND0    4
  11    4   -5   0.726052     1.718155    -0.000000      1.71815   -1.#IND0   -1.#IND0    4
   6    1  -21   0.725925     0.965551     0.000000     0.965551   -1.#IND0   -1.#IND0    4
   3   15  -17   0.725898     0.063580     0.000000    0.0635804   -1.#IND0   -1.#IND0    4
   9    1  -18   0.725873     8.860742    -0.000000      8.86074   -1.#IND0   -1.#IND0    4
   1    9   18   0.725862     7.297173    -0.000000      7.29717   -1.#IND0   -1.#IND0    4
  11    2  -11   0.725843    -1.864944     0.000000      1.86494   -1.#IND0   -1.#IND0    4
   4   18    9   0.725824     7.066724    -0.000000      7.06672   -1.#IND0   -1.#IND0    4
   0   23    7   0.725761    -0.169580    -0.000000      0.16958   -1.#IND0   -1.#IND0    4
   9   11    2   0.725745    -0.142962     0.000000     0.142962   -1.#IND0   -1.#IND0    4
   4    8   15   0.725636    -6.570289    -0.000000      6.57029   -1.#IND0   -1.#IND0    4
   3    5   17   0.725591    -3.768479     0.000000      3.76848   -1.#IND0   -1.#IND0    4
  10   11   -5   0.725479     4.001030    -0.000000      4.00103   -1.#IND0   -1.#IND0    4
   1    5   19   0.725423     5.719095    -0.000000      5.71909   -1.#IND0   -1.#IND0    4
   5   21    2   0.725385     3.488184    -0.000000      3.48818   -1.#IND0   -1.#IND0    4
   8   17   -3   0.725353     0.283677    -0.000000     0.283677   -1.#IND0   -1.#IND0    4
   9    6  -17   0.725337    -1.331835     0.000000      1.33183   -1.#IND0   -1.#IND0    4
   2   11  -19   0.725291    -1.806165     0.000000      1.80617   -1.#IND0   -1.#IND0    4
  11    5   -7   0.725283    19.077939     0.000000      19.0779   -1.#IND0   -1.#IND0    4
  11    3   -4   0.725267     5.276967    -0.000000      5.27697   -1.#IND0   -1.#IND0    4
   1   10  -19   0.725242   -12.318136    -0.000000      12.3181   -1.#IND0   -1.#IND0    4
   4   17   10   0.725230     3.592297    -0.000000       3.5923   -1.#IND0   -1.#IND0    4
   9   12    1   0.725223     8.207443     0.000000      8.20744   -1.#IND0   -1.#IND0    4
   4    9  -20   0.725150    -9.357898    -0.000000       9.3579   -1.#IND0   -1.#IND0    4
   7    8  -19   0.725124    19.520778     0.000000      19.5208   -1.#IND0   -1.#IND0    4
   4   22   -8   0.725121     1.706789    -0.000000      1.70679   -1.#IND0   -1.#IND0    4
   8   13    4   0.725086     1.711839     0.000000      1.71184   -1.#IND0   -1.#IND0    4
   9   11  -14   0.725079    -2.277832    -0.000000      2.27783   -1.#IND0   -1.#IND0    4
   9    2    6   0.725064     8.070324    -0.000000      8.07032   -1.#IND0   -1.#IND0    4
   3    5  -21   0.725064    -7.453131    -0.000000      7.45313   -1.#IND0   -1.#IND0    4
   6    2   13   0.725061    -2.654556     0.000000      2.65456   -1.#IND0   -1.#IND0    4
   7   17  -12   0.725038    -5.608328     0.000000      5.60833   -1.#IND0   -1.#IND0    4
  11    5   -8   0.724936    14.201781     0.000000      14.2018   -1.#IND0   -1.#IND0    4
   7   19   -7   0.724922     4.195475    -0.000000      4.19547   -1.#IND0   -1.#IND0    4
   8   16    0   0.724837     5.390156    -0.000000      5.39016   -1.#IND0   -1.#IND0    4
   3    9   16   0.724833    -1.621805    -0.000000      1.62181   -1.#IND0   -1.#IND0    4
   2   24    1   0.724810     3.644566     0.000000      3.64457   -1.#IND0   -1.#IND0    4
   1   19   12   0.724785    -5.471352     0.000000      5.47135   -1.#IND0   -1.#IND0    4
   9   12  -13   0.724641     5.836241     0.000000      5.83624   -1.#IND0   -1.#IND0    4
   5   22   -3   0.724630    -1.399312    -0.000000      1.39931   -1.#IND0   -1.#IND0    4
  10    4    2   0.724563     2.558977    -0.000000      2.55898   -1.#IND0   -1.#IND0    4
   7   12  -17   0.724551   -13.494550    -0.000000      13.4945   -1.#IND0   -1.#IND0    4
   8   14    3   0.724537     5.428354     0.000000      5.42835   -1.#IND0   -1.#IND0    4
   7   13    7   0.724533    -1.682662    -0.000000      1.68266   -1.#IND0   -1.#IND0    4
   8    6    8   0.724516     8.132061    -0.000000      8.13206   -1.#IND0   -1.#IND0    4
   3   21    7   0.724505    -3.199725    -0.000000      3.19972   -1.#IND0   -1.#IND0    4
   0   22    9   0.724339    -5.468645     0.000000      5.46865   -1.#IND0   -1.#IND0    4
   1   21  -11   0.724338    -6.845063     0.000000      6.84506   -1.#IND0   -1.#IND0    4
   3    9  -20   0.724335     7.769354     0.000000      7.76935   -1.#IND0   -1.#IND0    4
   0   15   16   0.724330     2.883779    -0.000000      2.88378   -1.#IND0   -1.#IND0    4
  11    4  -10   0.724314     0.449483    -0.000000     0.449483   -1.#IND0   -1.#IND0    4
   5   22   -4   0.724310     2.840994    -0.000000      2.84099   -1.#IND0   -1.#IND0    4
   3   21  -11   0.724257    -1.174952     0.000000      1.17495   -1.#IND0   -1.#IND0    4
   6   10   11   0.724240    -2.610098     0.000000       2.6101   -1.#IND0   -1.#IND0    4
   4   21    5   0.724222    -4.339459    -0.000000      4.33946   -1.#IND0   -1.#IND0    4
   5   11  -19   0.724192    -7.985932     0.000000      7.98593   -1.#IND0   -1.#IND0    4
   6    2  -21   0.724121    -0.268528     0.000000     0.268528   -1.#IND0   -1.#IND0    4
   9    2  -18   0.724069     6.651526     0.000000      6.65153   -1.#IND0   -1.#IND0    4
  11    5   -6   0.723853   -10.924420    -0.000000      10.9244   -1.#IND0   -1.#IND0    4
   6   19    3   0.723718    -1.171371     0.000000      1.17137   -1.#IND0   -1.#IND0    4
   7   18    1   0.723699    -6.491275     0.000000      6.49127   -1.#IND0   -1.#IND0    4
   8   17   -8   0.723688     0.484068    -0.000000     0.484068   -1.#IND0   -1.#IND0    4
   2   19   11   0.723656     3.286022    -0.000000      3.28602   -1.#IND0   -1.#IND0    4
  10    9   -1   0.723613     1.143124    -0.000000      1.14312   -1.#IND0   -1.#IND0    4
   1   18   13   0.723605    -0.259988    -0.000000     0.259988   -1.#IND0   -1.#IND0    4
   7   19   -2   0.723604     3.862537     0.000000      3.86254   -1.#IND0   -1.#IND0    4
  10   10  -11   0.723593    -0.525201     0.000000     0.525201   -1.#IND0   -1.#IND0    4
   7    3   11   0.723570    -7.336844     0.000000      7.33684   -1.#IND0   -1.#IND0    4
   6   12   10   0.723568    10.718247    -0.000000      10.7182   -1.#IND0   -1.#IND0    4
   4   19    8   0.723437    -2.826061     0.000000      2.82606   -1.#IND0   -1.#IND0    4
  10    5  -15   0.723415    -3.143139     0.000000      3.14314   -1.#IND0   -1.#IND0    4
   6   10  -19   0.723413   -15.686612    -0.000000      15.6866   -1.#IND0   -1.#IND0    4
   4   23   -3   0.723376     1.334325    -0.000000      1.33433   -1.#IND0   -1.#IND0    4
   4   20  -12   0.723350     6.798834    -0.000000      6.79883   -1.#IND0   -1.#IND0    4
   6   19  -11   0.723332    -5.723219     0.000000      5.72322   -1.#IND0   -1.#IND0    4
  11    1   -3   0.723310     4.518779     0.000000      4.51878   -1.#IND0   -1.#IND0    4
   9   10    3   0.723289    -4.687933     0.000000      4.68793   -1.#IND0   -1.#IND0    4
   2   24   -4   0.723287    -5.377054     0.000000      5.37705   -1.#IND0   -1.#IND0    4
   2   22    7   0.723233     1.117270     0.000000      1.11727   -1.#IND0   -1.#IND0    4
   9   14   -2   0.723206     2.270402     0.000000       2.2704   -1.#IND0   -1.#IND0    4
   5   22   -2   0.723176    10.378404    -0.000000      10.3784   -1.#IND0   -1.#IND0    4
   4   15  -17   0.723172     1.133083     0.000000      1.13308   -1.#IND0   -1.#IND0    4
   4   23   -2   0.723100     1.549588     0.000000      1.54959   -1.#IND0   -1.#IND0    4
   2   18   12   0.723074     7.352973    -0.000000      7.35297   -1.#IND0   -1.#IND0    4
   1   20   11   0.722994    -2.556745    -0.000000      2.55675   -1.#IND0   -1.#IND0    4
  10    7  -14   0.722976     1.516629     0.000000      1.51663   -1.#IND0   -1.#IND0    4
  10   11   -9   0.722929    -7.107194     0.000000      7.10719   -1.#IND0   -1.#IND0    4
  10    8    0   0.722910    13.506088    -0.000000      13.5061   -1.#IND0   -1.#IND0    4
   6   16    7   0.722892    -1.914586    -0.000000      1.91459   -1.#IND0   -1.#IND0    4
   9   14  -10   0.722876     8.363200    -0.000000       8.3632   -1.#IND0   -1.#IND0    4
  11    3  -11   0.722844     5.274624    -0.000000      5.27462   -1.#IND0   -1.#IND0    4
  11    5   -9   0.722818    -9.035935     0.000000      9.03593   -1.#IND0   -1.#IND0    4
   6   12  -18   0.722798    11.233433     0.000000      11.2334   -1.#IND0   -1.#IND0    4
   5   20  -11   0.722752     5.354782    -0.000000      5.35478   -1.#IND0   -1.#IND0    4
  10    0  -16   0.722684   -10.209409    -0.000000      10.2094   -1.#IND0   -1.#IND0    2
   8   12    5   0.722664     0.029602     0.000000    0.0296022   -1.#IND0   -1.#IND0    4
   5   15   10   0.722559    -1.262426    -0.000000      1.26243   -1.#IND0   -1.#IND0    4
   5    5  -21   0.722550    -4.998618    -0.000000      4.99862   -1.#IND0   -1.#IND0    4
   9   10  -15   0.722548    -6.318921     0.000000      6.31892   -1.#IND0   -1.#IND0    4
   1    7  -20   0.722395    -2.908674    -0.000000      2.90867   -1.#IND0   -1.#IND0    4
   5   13  -18   0.722361     5.700077     0.000000      5.70008   -1.#IND0   -1.#IND0    4
   6   16  -15   0.722289    -7.110142    -0.000000      7.11014   -1.#IND0   -1.#IND0    4
   2   23    5   0.722271     1.066310    -0.000000      1.06631   -1.#IND0   -1.#IND0    4
   5   22   -5   0.722225     5.610214     0.000000      5.61021   -1.#IND0   -1.#IND0    4
   8   10  -17   0.722207     9.323143     0.000000      9.32314   -1.#IND0   -1.#IND0    4
   4    4   16   0.722196     4.399854    -0.000000      4.39985   -1.#IND0   -1.#IND0    4
   2   12   16   0.722183     7.830932    -0.000000      7.83093   -1.#IND0   -1.#IND0    4
   8    8  -18   0.722161    -3.502309    -0.000000      3.50231   -1.#IND0   -1.#IND0    4
   7    5  -20   0.722157    -3.585232    -0.000000      3.58523   -1.#IND0   -1.#IND0    4
   8    5  -19   0.722139    -6.041685    -0.000000      6.04169   -1.#IND0   -1.#IND0    4
   2   15  -17   0.722123     1.833980     0.000000      1.83398   -1.#IND0   -1.#IND0    4
  10    1  -16   0.722089     4.957578    -0.000000      4.95758   -1.#IND0   -1.#IND0    4
   4   22    3   0.722079     4.391710     0.000000      4.39171   -1.#IND0   -1.#IND0    4
   9    3    6   0.722075    -0.112117    -0.000000     0.112117   -1.#IND0   -1.#IND0    4
   6    3   13   0.722072   -17.022190     0.000000      17.0222   -1.#IND0   -1.#IND0    4
   2    4  -21   0.721976    -2.025439    -0.000000      2.02544   -1.#IND0   -1.#IND0    4
   4   11   14   0.721918     1.267413     0.000000      1.26741   -1.#IND0   -1.#IND0    4
   4   23   -4   0.721889    -2.239066    -0.000000      2.23907   -1.#IND0   -1.#IND0    4
   5   21   -9   0.721887    -9.697670     0.000000      9.69767   -1.#IND0   -1.#IND0    4
   2    6   18   0.721881     8.098503    -0.000000       8.0985   -1.#IND0   -1.#IND0    4
   0    4   20   0.721864     1.136948     0.000000      1.13695   -1.#IND0   -1.#IND0    4
   4   13   13   0.721814     6.750253     0.000000      6.75025   -1.#IND0   -1.#IND0    4
   9   13    0   0.721740     9.630040     0.000000      9.63004   -1.#IND0   -1.#IND0    4
   6   17    6   0.721724     1.872787    -0.000000      1.87279   -1.#IND0   -1.#IND0    4
  10   11   -4   0.721690    -9.476788     0.000000      9.47679   -1.#IND0   -1.#IND0    4
   4   16   11   0.721678     2.546726    -0.000000      2.54673   -1.#IND0   -1.#IND0    4
   6   20    1   0.721592     2.840688     0.000000      2.84069   -1.#IND0   -1.#IND0    4
   1   24   -5   0.721532     4.266913    -0.000000      4.26691   -1.#IND0   -1.#IND0    4
  11    2   -3   0.721525    -0.676639     0.000000     0.676639   -1.#IND0   -1.#IND0    4
   3   23    3   0.721400     0.198535    -0.000000     0.198535   -1.#IND0   -1.#IND0    4
   5   19    6   0.721395    -4.557647    -0.000000      4.55765   -1.#IND0   -1.#IND0    4
   1   16  -16   0.721367    14.844934     0.000000      14.8449   -1.#IND0   -1.#IND0    4
  10   10   -2   0.721362     2.046814    -0.000000      2.04681   -1.#IND0   -1.#IND0    4
   6   20   -9   0.721319    -2.127428    -0.000000      2.12743   -1.#IND0   -1.#IND0    4
   2   20   10   0.721283     6.692451    -0.000000      6.69245   -1.#IND0   -1.#IND0    4
   3   23   -7   0.721264    -1.130320     0.000000      1.13032   -1.#IND0   -1.#IND0    4
   9   13  -12   0.721248     9.233780    -0.000000      9.23378   -1.#IND0   -1.#IND0    4
   8   16  -11   0.721197     4.363021    -0.000000      4.36302   -1.#IND0   -1.#IND0    4
   6   17  -14   0.721178    -7.710905     0.000000       7.7109   -1.#IND0   -1.#IND0    4
   6    3  -21   0.721143    -3.156596    -0.000000       3.1566   -1.#IND0   -1.#IND0    4
   6   15    8   0.721113     1.637951    -0.000000      1.63795   -1.#IND0   -1.#IND0    4
   7   17    3   0.721104     3.984771    -0.000000      3.98477   -1.#IND0   -1.#IND0    4
   9    3  -18   0.721092     5.381773     0.000000      5.38177   -1.#IND0   -1.#IND0    4
  11    4   -4   0.721089     4.731639     0.000000      4.73164   -1.#IND0   -1.#IND0    4
   4   23   -1   0.721067    -0.721545     0.000000     0.721545   -1.#IND0   -1.#IND0    4
   8   15    2   0.721037     6.897466     0.000000      6.89747   -1.#IND0   -1.#IND0    4
   7   10    9   0.721028    -1.279613    -0.000000      1.27961   -1.#IND0   -1.#IND0    4
   8    1    9   0.721008     2.317465    -0.000000      2.31747   -1.#IND0   -1.#IND0    4
   2   14   15   0.720887    -2.861856     0.000000      2.86186   -1.#IND0   -1.#IND0    4
  11    0  -12   0.720815    16.354403     0.000000      16.3544   -1.#IND0   -1.#IND0    2
  11    5   -5   0.720677    -9.719246     0.000000      9.71925   -1.#IND0   -1.#IND0    4
   5   17  -15   0.720609     2.383952     0.000000      2.38395   -1.#IND0   -1.#IND0    4
   4    6  -21   0.720489     1.487854     0.000000      1.48785   -1.#IND0   -1.#IND0    4
   6   15  -16   0.720460     4.603247     0.000000      4.60325   -1.#IND0   -1.#IND0    4
   8   17   -2   0.720390     1.328233    -0.000000      1.32823   -1.#IND0   -1.#IND0    4
   1   12   17   0.720355     2.995987     0.000000      2.99599   -1.#IND0   -1.#IND0    4
   5   12   12   0.720318     8.810604    -0.000000       8.8106   -1.#IND0   -1.#IND0    4
  10    2  -16   0.720313    -8.259011    -0.000000      8.25901   -1.#IND0   -1.#IND0    4
   8    9    7   0.720308     0.093238     0.000000    0.0932378   -1.#IND0   -1.#IND0    4
  11    1  -12   0.720225     2.614751     0.000000      2.61475   -1.#IND0   -1.#IND0    4
   0   19   13   0.720031    -7.885584     0.000000      7.88558   -1.#IND0   -1.#IND0    4
   5   22   -1   0.719981    -4.712048     0.000000      4.71205   -1.#IND0   -1.#IND0    4
   7   19   -8   0.719900     5.710125    -0.000000      5.71013   -1.#IND0   -1.#IND0    4
   9   15   -6   0.719889     2.333031    -0.000000      2.33303   -1.#IND0   -1.#IND0    4
   2   24    2   0.719831     0.751199     0.000000     0.751199   -1.#IND0   -1.#IND0    4
   1   14   16   0.719653     3.032936    -0.000000      3.03294   -1.#IND0   -1.#IND0    4
   2   17   13   0.719560    -1.147324     0.000000      1.14732   -1.#IND0   -1.#IND0    4
   5    9  -20   0.719506    -0.844294    -0.000000     0.844294   -1.#IND0   -1.#IND0    4
   1   17   14   0.719498    -1.157387     0.000000      1.15739   -1.#IND0   -1.#IND0    4
   5   18  -14   0.719485    -2.369886     0.000000      2.36989   -1.#IND0   -1.#IND0    4
   7    4   11   0.719421    -1.620215     0.000000      1.62022   -1.#IND0   -1.#IND0    4
   5    7   14   0.719363   -10.080930    -0.000000      10.0809   -1.#IND0   -1.#IND0    4
  10    7    1   0.719278     2.119346     0.000000      2.11935   -1.#IND0   -1.#IND0    4
   8    2    9   0.719240     1.042178    -0.000000      1.04218   -1.#IND0   -1.#IND0    4
  10    5    2   0.719220     4.992357    -0.000000      4.99236   -1.#IND0   -1.#IND0    4
   6   21   -4   0.719098     0.385496    -0.000000     0.385496   -1.#IND0   -1.#IND0    4
   9   15   -5   0.719060    -1.942366    -0.000000      1.94237   -1.#IND0   -1.#IND0    4
   3    6   17   0.719049    -0.159010    -0.000000      0.15901   -1.#IND0   -1.#IND0    4
   9   15   -7   0.718979    -1.092957     0.000000      1.09296   -1.#IND0   -1.#IND0    4
  11    5  -10   0.718976    -3.903374    -0.000000      3.90337   -1.#IND0   -1.#IND0    4
   1   24    4   0.718954    -0.262451    -0.000000     0.262451   -1.#IND0   -1.#IND0    4
   8   14  -14   0.718942     3.089917     0.000000      3.08992   -1.#IND0   -1.#IND0    4
   0   24    5   0.718934    -0.330873     0.000000     0.330873   -1.#IND0   -1.#IND0    4
   1    6   19   0.718885     4.327127     0.000000      4.32713   -1.#IND0   -1.#IND0    4
   0   20   12   0.718857     6.959126    -0.000000      6.95913   -1.#IND0   -1.#IND0    4
   8   13  -15   0.718827     4.298101    -0.000000       4.2981   -1.#IND0   -1.#IND0    4
   5   16  -16   0.718812    17.243182     0.000000      17.2432   -1.#IND0   -1.#IND0    4
  11    6   -7   0.718750   -12.242671     0.000000      12.2427   -1.#IND0   -1.#IND0    4
  11    4  -11   0.718708    -7.664726     0.000000      7.66473   -1.#IND0   -1.#IND0    4
   1   23   -8   0.718688    -7.708924     0.000000      7.70892   -1.#IND0   -1.#IND0    4
   4   23   -5   0.718671     5.555001     0.000000        5.555   -1.#IND0   -1.#IND0    4
   5   10   13   0.718654    -3.488113    -0.000000      3.48811   -1.#IND0   -1.#IND0    4
  11    3   -3   0.718580     7.869294     0.000000      7.86929   -1.#IND0   -1.#IND0    4
   3    6  -21   0.718536    -4.899302    -0.000000       4.8993   -1.#IND0   -1.#IND0    4
   9    7    5   0.718521    -0.879934     0.000000     0.879934   -1.#IND0   -1.#IND0    4
  11    2  -12   0.718463     9.265235     0.000000      9.26523   -1.#IND0   -1.#IND0    4
   5   22   -6   0.718420     8.431537    -0.000000      8.43154   -1.#IND0   -1.#IND0    4
   6    8   12   0.718415     2.641120     0.000000      2.64112   -1.#IND0   -1.#IND0    4
  11    6   -8   0.718412    12.991570     0.000000      12.9916   -1.#IND0   -1.#IND0    4
   2   23   -8   0.718370    -6.853008     0.000000      6.85301   -1.#IND0   -1.#IND0    4
   1   21   10   0.718297     7.478100    -0.000000       7.4781   -1.#IND0   -1.#IND0    4
   0   18   14   0.718292     3.614532    -0.000000      3.61453   -1.#IND0   -1.#IND0    4
   6   21   -3   0.718258    -8.137802     0.000000       8.1378   -1.#IND0   -1.#IND0    4
   6   21   -5   0.718204    -1.096597     0.000000       1.0966   -1.#IND0   -1.#IND0    4
   3   12   15   0.718183     2.647255    -0.000000      2.64726   -1.#IND0   -1.#IND0    4
   4   20    7   0.718156    -9.576943     0.000000      9.57694   -1.#IND0   -1.#IND0    4
   2   22  -10   0.718125     4.901998    -0.000000        4.902   -1.#IND0   -1.#IND0    4
   8   17   -9   0.718110     1.971825    -0.000000      1.97183   -1.#IND0   -1.#IND0    4
   7   19   -1   0.718095    -4.350486    -0.000000      4.35049   -1.#IND0   -1.#IND0    4
   7   12    8   0.718042     7.077412    -0.000000      7.07741   -1.#IND0   -1.#IND0    4
   9    4    6   0.717952     0.615520    -0.000000      0.61552   -1.#IND0   -1.#IND0    4
   6    4   13   0.717949    -0.192505    -0.000000     0.192505   -1.#IND0   -1.#IND0    4
   9    9    4   0.717944     0.629141     0.000000     0.629141   -1.#IND0   -1.#IND0    4
  10   11  -10   0.717935     1.684243     0.000000      1.68424   -1.#IND0   -1.#IND0    4
   2   24   -5   0.717744     6.825295    -0.000000       6.8253   -1.#IND0   -1.#IND0    4
   3   12  -19   0.717726     2.637338     0.000000      2.63734   -1.#IND0   -1.#IND0    4
   6   18    5   0.717651    -0.789029    -0.000000     0.789029   -1.#IND0   -1.#IND0    4
   9    7  -17   0.717633    12.175305     0.000000      12.1753   -1.#IND0   -1.#IND0    4
   0    9   19   0.717583     1.807515    -0.000000      1.80752   -1.#IND0   -1.#IND0    4
   7    8   10   0.717573     6.290993     0.000000      6.29099   -1.#IND0   -1.#IND0    4
   6    8  -20   0.717554     5.413175     0.000000      5.41318   -1.#IND0   -1.#IND0    4
  10    1    3   0.717432    13.491073    -0.000000      13.4911   -1.#IND0   -1.#IND0    4
  10    3  -16   0.717382     0.812045     0.000000     0.812045   -1.#IND0   -1.#IND0    4
   4   12  -19   0.717370    -5.219509     0.000000      5.21951   -1.#IND0   -1.#IND0    4
   8   11    6   0.717358    -4.011404    -0.000000       4.0114   -1.#IND0   -1.#IND0    4
  11    6   -6   0.717358     3.347958     0.000000      3.34796   -1.#IND0   -1.#IND0    4
   4   23    0   0.717320    -3.446312     0.000000      3.44631   -1.#IND0   -1.#IND0    4
   6   18  -13   0.717168     3.840296    -0.000000       3.8403   -1.#IND0   -1.#IND0    4
   9    9  -16   0.717138    -8.048769    -0.000000      8.04877   -1.#IND0   -1.#IND0    4
   2    9  -20   0.717127    -5.281935    -0.000000      5.28193   -1.#IND0   -1.#IND0    4
   6    4  -21   0.717036    11.517439    -0.000000      11.5174   -1.#IND0   -1.#IND0    4
   2   10   17   0.717023     1.301314    -0.000000      1.30131   -1.#IND0   -1.#IND0    4
   9    4  -18   0.716985     9.565686     0.000000      9.56569   -1.#IND0   -1.#IND0    4
  10    6  -15   0.716931     3.799525     0.000000      3.79953   -1.#IND0   -1.#IND0    4
   4    5   16   0.716905    -5.718295    -0.000000      5.71829   -1.#IND0   -1.#IND0    4
   8    7    8   0.716837    -1.241564     0.000000      1.24156   -1.#IND0   -1.#IND0    4
   3   18   11   0.716737     3.803023     0.000000      3.80302   -1.#IND0   -1.#IND0    4
   3   19   10   0.716725    -2.628677     0.000000      2.62868   -1.#IND0   -1.#IND0    4
   2    5  -21   0.716689     5.762121     0.000000      5.76212   -1.#IND0   -1.#IND0    4
   5    1   15   0.716588   -10.194558     0.000000      10.1946   -1.#IND0   -1.#IND0    4
   0    5   20   0.716580    -2.888316    -0.000000      2.88832   -1.#IND0   -1.#IND0    4
   9   15   -4   0.716509    -1.499378     0.000000      1.49938   -1.#IND0   -1.#IND0    4
   6   14    9   0.716451     1.700548    -0.000000      1.70055   -1.#IND0   -1.#IND0    4
   7   15  -15   0.716409    -0.637257     0.000000     0.637257   -1.#IND0   -1.#IND0    4
   3   19  -14   0.716404     4.469781    -0.000000      4.46978   -1.#IND0   -1.#IND0    4
   3   18  -15   0.716389     1.005568    -0.000000      1.00557   -1.#IND0   -1.#IND0    4
  11    6   -9   0.716350     4.245432     0.000000      4.24543   -1.#IND0   -1.#IND0    4
   9   15   -8   0.716348    -7.945327     0.000000      7.94533   -1.#IND0   -1.#IND0    4
   7   18  -11   0.716344    -3.835529    -0.000000      3.83553   -1.#IND0   -1.#IND0    4
   3   14   14   0.716331    10.924360    -0.000000      10.9244   -1.#IND0   -1.#IND0    4
   8    3    9   0.716322     0.520645    -0.000000     0.520645   -1.#IND0   -1.#IND0    4
  10   11   -3   0.716238     0.054689     0.000000    0.0546888   -1.#IND0   -1.#IND0    4
   2   19  -14   0.716168    -0.621026    -0.000000     0.621026   -1.#IND0   -1.#IND0    4
   8   15  -13   0.716164    -2.043434     0.000000      2.04343   -1.#IND0   -1.#IND0    4
   1   22  -10   0.716152     3.282209    -0.000000      3.28221   -1.#IND0   -1.#IND0    4
   1    1  -21   0.716102     1.098162     0.000000      1.09816   -1.#IND0   -1.#IND0    4
  10    9  -13   0.716101     0.794040    -0.000000      0.79404   -1.#IND0   -1.#IND0    4
   5    6  -21   0.716089   -18.787533    -0.000000      18.7875   -1.#IND0   -1.#IND0    4
   2   21    9   0.716043    -4.260723     0.000000      4.26072   -1.#IND0   -1.#IND0    4
   3   14  -18   0.715904     4.823909    -0.000000      4.82391   -1.#IND0   -1.#IND0    4
   8   12  -16   0.715823     2.169116     0.000000      2.16912   -1.#IND0   -1.#IND0    4
  11    5   -4   0.715822     8.506363    -0.000000      8.50636   -1.#IND0   -1.#IND0    4
   6   14  -17   0.715757     3.435227     0.000000      3.43523   -1.#IND0   -1.#IND0    4
   7    6  -20   0.715706    -3.004030    -0.000000      3.00403   -1.#IND0   -1.#IND0    4
   6   21   -2   0.715702    -2.430373     0.000000      2.43037   -1.#IND0   -1.#IND0    4
  10    2    3   0.715690     3.922517    -0.000000      3.92252   -1.#IND0   -1.#IND0    4
   8    6  -19   0.715690   -10.816607     0.000000      10.8166   -1.#IND0   -1.#IND0    4
   7   11  -18   0.715687     3.209958    -0.000000      3.20996   -1.#IND0   -1.#IND0    4
   1   13  -18   0.715681    -1.343719    -0.000000      1.34372   -1.#IND0   -1.#IND0    4
   4    9   15   0.715598     0.650559     0.000000     0.650559   -1.#IND0   -1.#IND0    4
   6   21   -6   0.715595    -0.381898     0.000000     0.381898   -1.#IND0   -1.#IND0    4
   5   14   11   0.715571    -0.691983     0.000000     0.691983   -1.#IND0   -1.#IND0    4
  11    3  -12   0.715554     1.075346     0.000000      1.07535   -1.#IND0   -1.#IND0    4
  11    0   -2   0.715541    10.804130     0.000000      10.8041   -1.#IND0   -1.#IND0    2
   5   19  -13   0.715483    -6.340090     0.000000      6.34009   -1.#IND0   -1.#IND0    4
   3   24   -2   0.715482     0.537878    -0.000000     0.537878   -1.#IND0   -1.#IND0    4
   9   14   -1   0.715423    -0.894884     0.000000     0.894884   -1.#IND0   -1.#IND0    4
   7   16  -14   0.715345     6.380395    -0.000000      6.38039   -1.#IND0   -1.#IND0    4
   4   15   12   0.715295     2.121244    -0.000000      2.12124   -1.#IND0   -1.#IND0    4
   5   21    3   0.715225    -4.561832     0.000000      4.56183   -1.#IND0   -1.#IND0    4
  10   10  -12   0.715143     8.420374     0.000000      8.42037   -1.#IND0   -1.#IND0    4
   5   22    0   0.715113     3.933576    -0.000000      3.93358   -1.#IND0   -1.#IND0    4
   7    9  -19   0.715107    -2.031108     0.000000      2.03111   -1.#IND0   -1.#IND0    4
   9   14  -11   0.715024     2.549842    -0.000000      2.54984   -1.#IND0   -1.#IND0    4
   2   18  -15   0.715016    -4.715408     0.000000      4.71541   -1.#IND0   -1.#IND0    4
  11    1   -2   0.714963    -0.995671     0.000000     0.995671   -1.#IND0   -1.#IND0    4
   4   22   -9   0.714932     3.022090     0.000000      3.02209   -1.#IND0   -1.#IND0    4
   5    2   15   0.714852     1.991334    -0.000000      1.99133   -1.#IND0   -1.#IND0    4
   0   21   11   0.714813     4.100970    -0.000000      4.10097   -1.#IND0   -1.#IND0    4
   8   16    1   0.714713     2.221501     0.000000       2.2215   -1.#IND0   -1.#IND0    4
   1   10   18   0.714660     9.961411    -0.000000      9.96141   -1.#IND0   -1.#IND0    4
   4   21  -11   0.714657    -5.911778     0.000000      5.91178   -1.#IND0   -1.#IND0    4
   3   24   -1   0.714642     4.474283    -0.000000      4.47428   -1.#IND0   -1.#IND0    4
   3   24   -3   0.714615     1.510243     0.000000      1.51024   -1.#IND0   -1.#IND0    4
   7   14  -16   0.714605     6.387142     0.000000      6.38714   -1.#IND0   -1.#IND0    4
  11    4   -3   0.714516     1.369716    -0.000000      1.36972   -1.#IND0   -1.#IND0    4
   1   23    7   0.714458    -1.217654    -0.000000      1.21765   -1.#IND0   -1.#IND0    4
   2   20  -13   0.714453     0.204936    -0.000000     0.204936   -1.#IND0   -1.#IND0    4
   4   14  -18   0.714417    -1.200631    -0.000000      1.20063   -1.#IND0   -1.#IND0    4
   1    2  -21   0.714369     4.718538     0.000000      4.71854   -1.#IND0   -1.#IND0    4
   2    7   18   0.714285    -4.158688     0.000000      4.15869   -1.#IND0   -1.#IND0    4
  11    6   -5   0.714266    -0.983489     0.000000     0.983489   -1.#IND0   -1.#IND0    4
  10    8  -14   0.714193     6.544263     0.000000      6.54426   -1.#IND0   -1.#IND0    4
   7    5   11   0.714191    -4.416526     0.000000      4.41653   -1.#IND0   -1.#IND0    4
  10   12   -7   0.714175     6.094501    -0.000000       6.0945   -1.#IND0   -1.#IND0    4
   5   15  -17   0.714160    -0.146207     0.000000     0.146207   -1.#IND0   -1.#IND0    4
   3   22    6   0.714018     9.698334    -0.000000      9.69833   -1.#IND0   -1.#IND0    4
   4   10  -20   0.713980    14.766991     0.000000       14.767   -1.#IND0   -1.#IND0    4
  10   12   -6   0.713936     6.185206    -0.000000      6.18521   -1.#IND0   -1.#IND0    4
   3   17   12   0.713884     0.199489    -0.000000     0.199489   -1.#IND0   -1.#IND0    4
   5   20    5   0.713878    -2.838270     0.000000      2.83827   -1.#IND0   -1.#IND0    4
   3   20    9   0.713848    -5.999766     0.000000      5.99977   -1.#IND0   -1.#IND0    4
   8   17   -1   0.713823     0.467744     0.000000     0.467744   -1.#IND0   -1.#IND0    4
   3   22  -10   0.713806     4.685524    -0.000000      4.68552   -1.#IND0   -1.#IND0    4
   4   23   -6   0.713790    -8.076221    -0.000000      8.07622   -1.#IND0   -1.#IND0    4
   0   17   15   0.713703     2.641110     0.000000      2.64111   -1.#IND0   -1.#IND0    4
   3   10   16   0.713678     3.761274     0.000000      3.76127   -1.#IND0   -1.#IND0    4
   1    8  -20   0.713633     5.849539     0.000000      5.84954   -1.#IND0   -1.#IND0    4
   3   20  -13   0.713557     1.422274    -0.000000      1.42227   -1.#IND0   -1.#IND0    4
   3   17  -16   0.713514    -4.255727     0.000000      4.25573   -1.#IND0   -1.#IND0    4
  11    5  -11   0.713492     2.316537    -0.000000      2.31654   -1.#IND0   -1.#IND0    4
  10    4  -16   0.713338    -4.070270    -0.000000      4.07027   -1.#IND0   -1.#IND0    4
   7   19   -9   0.713280    -2.806064    -0.000000      2.80606   -1.#IND0   -1.#IND0    4
   2   24    3   0.713253    -1.723311     0.000000      1.72331   -1.#IND0   -1.#IND0    4
  11    2   -2   0.713239    13.087762     0.000000      13.0878   -1.#IND0   -1.#IND0    4
   2   16   14   0.713239     4.874672    -0.000000      4.87467   -1.#IND0   -1.#IND0    4
   3   10  -20   0.713202     8.136922     0.000000      8.13692   -1.#IND0   -1.#IND0    4
   1   24   -6   0.713193     4.062804    -0.000000       4.0628   -1.#IND0   -1.#IND0    4
   7   18    2   0.713052     9.675755    -0.000000      9.67576   -1.#IND0   -1.#IND0    4
  10    9    0   0.712983    -4.145091    -0.000000      4.14509   -1.#IND0   -1.#IND0    4
   5   22   -7   0.712975    -2.789954    -0.000000      2.78995   -1.#IND0   -1.#IND0    4
   4    7  -21   0.712937    11.105605     0.000000      11.1056   -1.#IND0   -1.#IND0    4
   1   11  -19   0.712921    -2.803693    -0.000000      2.80369   -1.#IND0   -1.#IND0    4
  10    6    2   0.712848     7.208675    -0.000000      7.20867   -1.#IND0   -1.#IND0    4
   0   12   18   0.712828     6.934908    -0.000000      6.93491   -1.#IND0   -1.#IND0    4
  10    3    3   0.712815    11.518362    -0.000000      11.5184   -1.#IND0   -1.#IND0    4
   9    5    6   0.712753     1.298111     0.000000      1.29811   -1.#IND0   -1.#IND0    4
   6    5   13   0.712750    -8.114630     0.000000      8.11463   -1.#IND0   -1.#IND0    4
   0   23    8   0.712727     1.190126     0.000000      1.19013   -1.#IND0   -1.#IND0    4
  10   12   -8   0.712718     4.057857    -0.000000      4.05786   -1.#IND0   -1.#IND0    4
   0   14   17   0.712715     5.797424    -0.000000      5.79742   -1.#IND0   -1.#IND0    4
   1   16   15   0.712610    -0.548354    -0.000000     0.548354   -1.#IND0   -1.#IND0    4
  11    6  -10   0.712610    -3.345766    -0.000000      3.34577   -1.#IND0   -1.#IND0    4
  10   10   -1   0.712513     9.381222    -0.000000      9.38122   -1.#IND0   -1.#IND0    4
   8    4    9   0.712296     1.297584     0.000000      1.29758   -1.#IND0   -1.#IND0    4
   9   15   -3   0.712291    -2.008065     0.000000      2.00807   -1.#IND0   -1.#IND0    4
   8    9  -18   0.712265    -3.581342    -0.000000      3.58134   -1.#IND0   -1.#IND0    4
   9   12    2   0.712257    11.465652    -0.000000      11.4657   -1.#IND0   -1.#IND0    4
   8    0  -20   0.712245     3.649891     0.000000      3.64989   -1.#IND0   -1.#IND0    2
   6   20    2   0.712154     1.713498    -0.000000       1.7135   -1.#IND0   -1.#IND0    4
   1   15  -17   0.712142    -0.882138     0.000000     0.882138   -1.#IND0   -1.#IND0    4
   3   24    0   0.712111    -0.070912    -0.000000    0.0709122   -1.#IND0   -1.#IND0    4
   3   24   -4   0.712059    -0.147406    -0.000000     0.147406   -1.#IND0   -1.#IND0    4
   9   15   -9   0.712054     0.447871     0.000000     0.447871   -1.#IND0   -1.#IND0    4
  10   12   -5   0.712005    -1.137382    -0.000000      1.13738   -1.#IND0   -1.#IND0    4
   5    3   15   0.711987    -9.996099     0.000000       9.9961   -1.#IND0   -1.#IND0    4
   6   11   11   0.711970     0.953433     0.000000     0.953433   -1.#IND0   -1.#IND0    4
   3   23    4   0.711957    -1.642139    -0.000000      1.64214   -1.#IND0   -1.#IND0    4
   4   23    1   0.711939     0.941217     0.000000     0.941217   -1.#IND0   -1.#IND0    4
   6    5  -21   0.711857    -8.582319     0.000000      8.58232   -1.#IND0   -1.#IND0    4
   6   20  -10   0.711839     9.156576    -0.000000      9.15658   -1.#IND0   -1.#IND0    4
   2   12  -19   0.711827     8.199576     0.000000      8.19958   -1.#IND0   -1.#IND0    4
   9    5  -18   0.711807    11.953040    -0.000000       11.953   -1.#IND0   -1.#IND0    4
   3   23   -8   0.711799    -1.647506     0.000000      1.64751   -1.#IND0   -1.#IND0    4
   8    1  -20   0.711676     4.479339     0.000000      4.47934   -1.#IND0   -1.#IND0    4
   9   12  -14   0.711627     2.568390    -0.000000      2.56839   -1.#IND0   -1.#IND0    4
   3    7   17   0.711542    -2.941178     0.000000      2.94118   -1.#IND0   -1.#IND0    4
  11    4  -12   0.711541    12.547521     0.000000      12.5475   -1.#IND0   -1.#IND0    4
   4   18  -15   0.711523     0.411981     0.000000     0.411981   -1.#IND0   -1.#IND0    4
   1    3  -21   0.711510    -1.603373     0.000000      1.60337   -1.#IND0   -1.#IND0    4
   4   22    4   0.711489     8.719083     0.000000      8.71908   -1.#IND0   -1.#IND0    4
   6   21   -1   0.711485    -0.645252     0.000000     0.645252   -1.#IND0   -1.#IND0    4
   7   17  -13   0.711451    -4.325158     0.000000      4.32516   -1.#IND0   -1.#IND0    4
   1    7   19   0.711383    10.624862     0.000000      10.6249   -1.#IND0   -1.#IND0    4
  10   11  -11   0.711355     0.914112     0.000000     0.914112   -1.#IND0   -1.#IND0    4
   6   21   -7   0.711328    -6.049453     0.000000      6.04945   -1.#IND0   -1.#IND0    4
  11    1  -13   0.711326    -2.424934    -0.000000      2.42493   -1.#IND0   -1.#IND0    4
   5   21  -10   0.711267    -1.444651     0.000000      1.44465   -1.#IND0   -1.#IND0    4
  11    7   -7   0.711252     9.158455     0.000000      9.15846   -1.#IND0   -1.#IND0    4
   6   11  -19   0.711185     3.106315    -0.000000      3.10631   -1.#IND0   -1.#IND0    4
   2   14  -18   0.711163     0.996649     0.000000     0.996649   -1.#IND0   -1.#IND0    4
   0   25    1   0.711158    -1.291495    -0.000000      1.29149   -1.#IND0   -1.#IND0    4
   7   15    6   0.711112     4.221381     0.000000      4.22138   -1.#IND0   -1.#IND0    4
   9   11    3   0.711067     5.369472    -0.000000      5.36947   -1.#IND0   -1.#IND0    4
   3    7  -21   0.711045     4.502032     0.000000      4.50203   -1.#IND0   -1.#IND0    4
   2   17  -16   0.711040    -5.582958     0.000000      5.58296   -1.#IND0   -1.#IND0    4
   7   19    0   0.711024     1.626186     0.000000      1.62619   -1.#IND0   -1.#IND0    4
   8   17  -10   0.710974     3.635771    -0.000000      3.63577   -1.#IND0   -1.#IND0    4
  11    7   -8   0.710924    11.265769     0.000000      11.2658   -1.#IND0   -1.#IND0    4
   1   22    9   0.710862     2.994834    -0.000000      2.99483   -1.#IND0   -1.#IND0    4
   6   19    4   0.710818    -3.616615    -0.000000      3.61662   -1.#IND0   -1.#IND0    4
   5   12  -19   0.710788    12.953905     0.000000      12.9539   -1.#IND0   -1.#IND0    4
   5    8   14   0.710710     1.030019     0.000000      1.03002   -1.#IND0   -1.#IND0    4
   2   24   -6   0.710645     7.139502    -0.000000       7.1395   -1.#IND0   -1.#IND0    4
  10    8    1   0.710628    -7.053020    -0.000000      7.05302   -1.#IND0   -1.#IND0    4
   9   13    1   0.710627    -4.557594    -0.000000      4.55759   -1.#IND0   -1.#IND0    4
   8   16  -12   0.710594     9.646345    -0.000000      9.64635   -1.#IND0   -1.#IND0    4
   4    6   16   0.710593     2.998228     0.000000      2.99823   -1.#IND0   -1.#IND0    4
   7   16    5   0.710569    -0.288938     0.000000     0.288938   -1.#IND0   -1.#IND0    4
   2   23    6   0.710544    -0.186659     0.000000     0.186659   -1.#IND0   -1.#IND0    4
   4   19  -14   0.710423     1.148173    -0.000000      1.14817   -1.#IND0   -1.#IND0    4
   6   19  -12   0.710401     6.432359    -0.000000      6.43236   -1.#IND0   -1.#IND0    4
  11    3   -2   0.710394    -1.462082    -0.000000      1.46208   -1.#IND0   -1.#IND0    4
   2    6  -21   0.710383    -9.133530    -0.000000      9.13353   -1.#IND0   -1.#IND0    4
   9   11  -15   0.710362    -0.495442    -0.000000     0.495442   -1.#IND0   -1.#IND0    4
   0    6   20   0.710277     5.032437     0.000000      5.03244   -1.#IND0   -1.#IND0    4
   4   21    6   0.710169    -2.689869     0.000000      2.68987   -1.#IND0   -1.#IND0    4
   1   24    5   0.710154    -2.965601     0.000000       2.9656   -1.#IND0   -1.#IND0    4
   9   13  -13   0.710080     4.472093     0.000000      4.47209   -1.#IND0   -1.#IND0    4
   8   11  -17   0.710038    -3.345719     0.000000      3.34572   -1.#IND0   -1.#IND0    4
   7   13  -17   0.709995     0.847716    -0.000000     0.847716   -1.#IND0   -1.#IND0    4
   8    2  -20   0.709975     7.378761     0.000000      7.37876   -1.#IND0   -1.#IND0    4
   2   21  -12   0.709933     1.794081     0.000000      1.79408   -1.#IND0   -1.#IND0    4
  11    7   -6   0.709903   -10.858811     0.000000      10.8588   -1.#IND0   -1.#IND0    4
   9    8    5   0.709898    -2.083299     0.000000       2.0833   -1.#IND0   -1.#IND0    4
   4   17  -16   0.709813     1.593382     0.000000      1.59338   -1.#IND0   -1.#IND0    4
   1   19  -14   0.709733    -2.647712     0.000000      2.64771   -1.#IND0   -1.#IND0    4
  11    2  -13   0.709628     3.839593     0.000000      3.83959   -1.#IND0   -1.#IND0    4
  10   12   -9   0.709594    -5.558722     0.000000      5.55872   -1.#IND0   -1.#IND0    4
   0   24    6   0.709573     1.592314    -0.000000      1.59231   -1.#IND0   -1.#IND0    4
  11    6   -4   0.709539     7.221182    -0.000000      7.22118   -1.#IND0   -1.#IND0    4
   8   18   -5   0.709490    -1.803672     0.000000      1.80367   -1.#IND0   -1.#IND0    4
  10    7  -15   0.709489    -1.785343     0.000000      1.78534   -1.#IND0   -1.#IND0    4
  11    5   -3   0.709390     7.277539    -0.000000      7.27754   -1.#IND0   -1.#IND0    4
   8   14    4   0.709369     7.790152    -0.000000      7.79015   -1.#IND0   -1.#IND0    4
   8   10    7   0.709357    -1.900961     0.000000      1.90096   -1.#IND0   -1.#IND0    4
  10   11   -2   0.709235     7.253271    -0.000000      7.25327   -1.#IND0   -1.#IND0    4
   1   25   -1   0.709204    -2.068479     0.000000      2.06848   -1.#IND0   -1.#IND0    4
   8   18   -6   0.709178     3.339723     0.000000      3.33972   -1.#IND0   -1.#IND0    4
   1   20  -13   0.709167    -2.157290    -0.000000      2.15729   -1.#IND0   -1.#IND0    4
   4    0  -22   0.709090    -3.281538    -0.000000      3.28154   -1.#IND0   -1.#IND0    2
   6   13   10   0.709070     5.719198    -0.000000       5.7192   -1.#IND0   -1.#IND0    4
   9    8  -17   0.709041     1.315687     0.000000      1.31569   -1.#IND0   -1.#IND0    4
   1   25    0   0.708931    -1.662801     0.000000       1.6628   -1.#IND0   -1.#IND0    4
  11    7   -9   0.708926    -5.841937     0.000000      5.84194   -1.#IND0   -1.#IND0    4
   7   11    9   0.708917     3.593387    -0.000000      3.59339   -1.#IND0   -1.#IND0    4
   7    1  -21   0.708906     7.212315     0.000000      7.21232   -1.#IND0   -1.#IND0    4
   7   14    7   0.708852     0.803235     0.000000     0.803235   -1.#IND0   -1.#IND0    4
  10    4    3   0.708847     6.348207    -0.000000      6.34821   -1.#IND0   -1.#IND0    4
   5   20  -12   0.708744    15.942870    -0.000000      15.9429   -1.#IND0   -1.#IND0    4
   5   22    1   0.708675     3.200949    -0.000000      3.20095   -1.#IND0   -1.#IND0    4
   5    7  -21   0.708673     5.810123    -0.000000      5.81012   -1.#IND0   -1.#IND0    4
   6    9   12   0.708669    -6.135198    -0.000000       6.1352   -1.#IND0   -1.#IND0    4
   0   25    2   0.708652     0.892118    -0.000000     0.892118   -1.#IND0   -1.#IND0    4
   4   12   14   0.708637     4.503771     0.000000      4.50377   -1.#IND0   -1.#IND0    4
   5   10  -20   0.708591     3.696155    -0.000000      3.69616   -1.#IND0   -1.#IND0    4
   4    1  -22   0.708528     5.196070    -0.000000      5.19607   -1.#IND0   -1.#IND0    4
  10   12   -4   0.708422     8.233300     0.000000       8.2333   -1.#IND0   -1.#IND0    4
   6   13  -18   0.708346    -4.629464     0.000000      4.62946   -1.#IND0   -1.#IND0    4
   7    7  -20   0.708302    -7.849482     0.000000      7.84948   -1.#IND0   -1.#IND0    4
   8    7  -19   0.708286     6.008700    -0.000000       6.0087   -1.#IND0   -1.#IND0    4
   8    8    8   0.708274     1.958303     0.000000       1.9583   -1.#IND0   -1.#IND0    4
   3   16   13   0.708267    -0.674343     0.000000     0.674343   -1.#IND0   -1.#IND0    4
  10    5  -16   0.708238     3.632322    -0.000000      3.63232   -1.#IND0   -1.#IND0    4
   8   13    5   0.708219     1.512080    -0.000000      1.51208   -1.#IND0   -1.#IND0    4
   2    1   19   0.708212     4.371851    -0.000000      4.37185   -1.#IND0   -1.#IND0    4
   3   21    8   0.708209    -1.532514     0.000000      1.53251   -1.#IND0   -1.#IND0    4
   8   18   -4   0.708139     6.955335    -0.000000      6.95533   -1.#IND0   -1.#IND0    4
   2   22    8   0.708119     7.121812    -0.000000      7.12181   -1.#IND0   -1.#IND0    4
   0   22   10   0.708041     6.403075    -0.000000      6.40308   -1.#IND0   -1.#IND0    4
   5    4   15   0.708033     3.791883     0.000000      3.79188   -1.#IND0   -1.#IND0    4
   3   21  -12   0.707951    -2.921141     0.000000      2.92114   -1.#IND0   -1.#IND0    4
   7    6   11   0.707950     2.595169     0.000000      2.59517   -1.#IND0   -1.#IND0    4
   3   24    1   0.707944     0.400340     0.000000      0.40034   -1.#IND0   -1.#IND0    4
   3   16  -17   0.707880     0.416596     0.000000     0.416596   -1.#IND0   -1.#IND0    4
   3   24   -5   0.707866     1.396296     0.000000       1.3963   -1.#IND0   -1.#IND0    4
   7    9   10   0.707861    -1.843300     0.000000       1.8433   -1.#IND0   -1.#IND0    4
   6    9  -20   0.707843     9.017186     0.000000      9.01719   -1.#IND0   -1.#IND0    4
   1   25   -2   0.707816    -1.569365     0.000000      1.56937   -1.#IND0   -1.#IND0    4
   2   13   16   0.707767     1.657490     0.000000      1.65749   -1.#IND0   -1.#IND0    4
   8   15    3   0.707734    -3.735927    -0.000000      3.73593   -1.#IND0   -1.#IND0    4
   1    4  -21   0.707564    10.221987    -0.000000       10.222   -1.#IND0   -1.#IND0    4
   5   17    9   0.707533     0.674085    -0.000000     0.674085   -1.#IND0   -1.#IND0    4
   5   18    8   0.707528     3.824273     0.000000      3.82427   -1.#IND0   -1.#IND0    4
   1   18  -15   0.707511    -1.321673     0.000000      1.32167   -1.#IND0   -1.#IND0    4
   4   23   -7   0.707348    -4.899570     0.000000      4.89957   -1.#IND0   -1.#IND0    4
  11    6  -11   0.707270    -4.181687    -0.000000      4.18169   -1.#IND0   -1.#IND0    4
   7   17    4   0.707241     1.637086     0.000000      1.63709   -1.#IND0   -1.#IND0    4
   7    2  -21   0.707226    -0.025850     0.000000    0.0258496   -1.#IND0   -1.#IND0    4
   8    5    9   0.707218    -1.709834     0.000000      1.70983   -1.#IND0   -1.#IND0    4
   8   18   -7   0.707208    -6.547001     0.000000        6.547   -1.#IND0   -1.#IND0    4
   8    3  -20   0.707168     2.722031    -0.000000      2.72203   -1.#IND0   -1.#IND0    4
   9   10    4   0.707099     2.797509    -0.000000      2.79751   -1.#IND0   -1.#IND0    4
   1   25    1   0.707002     3.794182     0.000000      3.79418   -1.#IND0   -1.#IND0    4
   7   20   -5   0.706975    -1.599184    -0.000000      1.59918   -1.#IND0   -1.#IND0    4
  11    7   -5   0.706905    -4.940961    -0.000000      4.94096   -1.#IND0   -1.#IND0    4
   4    2  -22   0.706851    -2.767357     0.000000      2.76736   -1.#IND0   -1.#IND0    4
  11    3  -13   0.706825    -3.308645    -0.000000      3.30865   -1.#IND0   -1.#IND0    4
   5   14  -18   0.706818     1.204317     0.000000      1.20432   -1.#IND0   -1.#IND0    4
   0   10   19   0.706754    -0.818091     0.000000     0.818091   -1.#IND0   -1.#IND0    4
   7   20   -4   0.706730     6.292825    -0.000000      6.29282   -1.#IND0   -1.#IND0    4
   5   11   13   0.706661    -4.308011     0.000000      4.30801   -1.#IND0   -1.#IND0    4
   3    0   18   0.706646     7.141858    -0.000000      7.14186   -1.#IND0   -1.#IND0    2
   4   20  -13   0.706550    -3.030067    -0.000000      3.03007   -1.#IND0   -1.#IND0    4
   9    6    6   0.706549     6.614141    -0.000000      6.61414   -1.#IND0   -1.#IND0    4
   6    6   13   0.706546     1.546475     0.000000      1.54647   -1.#IND0   -1.#IND0    4
   2    2   19   0.706537     3.005162     0.000000      3.00516   -1.#IND0   -1.#IND0    4
   9   15   -2   0.706493   -10.414652    -0.000000      10.4147   -1.#IND0   -1.#IND0    4
  11    5  -12   0.706479     3.526992     0.000000      3.52699   -1.#IND0   -1.#IND0    4
  11    4   -2   0.706466    11.516959    -0.000000       11.517   -1.#IND0   -1.#IND0    4
   0   16   16   0.706425     9.861783    -0.000000      9.86178   -1.#IND0   -1.#IND0    4
   9   10  -16   0.706329    13.728125     0.000000      13.7281   -1.#IND0   -1.#IND0    4
   2   10  -20   0.706318     7.422853    -0.000000      7.42285   -1.#IND0   -1.#IND0    4
   4   14   13   0.706305    -2.519049    -0.000000      2.51905   -1.#IND0   -1.#IND0    4
   2   23   -9   0.706263    -4.287238     0.000000      4.28724   -1.#IND0   -1.#IND0    4
   9   14    0   0.706235     5.958826    -0.000000      5.95883   -1.#IND0   -1.#IND0    4
   9   15  -10   0.706186    -7.067296     0.000000       7.0673   -1.#IND0   -1.#IND0    4
   3    0  -22   0.706134     5.304363     0.000000      5.30436   -1.#IND0   -1.#IND0    2
   3    1   18   0.706090    -0.131605    -0.000000     0.131605   -1.#IND0   -1.#IND0    4
   1   13   17   0.706045     6.187930    -0.000000      6.18793   -1.#IND0   -1.#IND0    4
   5   13   12   0.706011     4.507852     0.000000      4.50785   -1.#IND0   -1.#IND0    4
   5   22   -8   0.706002     4.319496    -0.000000       4.3195   -1.#IND0   -1.#IND0    4
   5    0  -22   0.705984    26.370879     0.000000      26.3709   -1.#IND0   -1.#IND0    2
   1   21  -12   0.705835    -5.064129     0.000000      5.06413   -1.#IND0   -1.#IND0    4
   2    8   18   0.705811     6.222523    -0.000000      6.22252   -1.#IND0   -1.#IND0    4
   8   17    0   0.705784    -6.855821    -0.000000      6.85582   -1.#IND0   -1.#IND0    4
   9   14  -12   0.705775     0.762436    -0.000000     0.762436   -1.#IND0   -1.#IND0    4
   6   21    0   0.705694     4.953506     0.000000      4.95351   -1.#IND0   -1.#IND0    4
   6    6  -21   0.705676     5.984509     0.000000      5.98451   -1.#IND0   -1.#IND0    4
   9    6  -18   0.705628     6.896665     0.000000      6.89667   -1.#IND0   -1.#IND0    4
   3    1  -22   0.705579     1.506401    -0.000000       1.5064   -1.#IND0   -1.#IND0    4
   7   20   -6   0.705574     7.466641    -0.000000      7.46664   -1.#IND0   -1.#IND0    4
  10    7    2   0.705531     4.306370    -0.000000      4.30637   -1.#IND0   -1.#IND0    4
   6   21   -8   0.705490    -5.061586    -0.000000      5.06159   -1.#IND0   -1.#IND0    4
   9    1    7   0.705476    -1.547264    -0.000000      1.54726   -1.#IND0   -1.#IND0    4
   1   23   -9   0.705473     1.228599     0.000000       1.2286   -1.#IND0   -1.#IND0    4
   5    1  -22   0.705429    -0.976267    -0.000000     0.976267   -1.#IND0   -1.#IND0    4
   1    0   20   0.705387    13.049247    -0.000000      13.0492   -1.#IND0   -1.#IND0    2
   4   16  -17   0.705352     8.002730     0.000000      8.00273   -1.#IND0   -1.#IND0    4
  10    1  -17   0.705349    -2.683907     0.000000      2.68391   -1.#IND0   -1.#IND0    4
  10   10  -13   0.705338    -0.666225     0.000000     0.666225   -1.#IND0   -1.#IND0    4
  11    7  -10   0.705300    -6.867368    -0.000000      6.86737   -1.#IND0   -1.#IND0    4
  11    1   -1   0.705254     2.369565     0.000000      2.36956   -1.#IND0   -1.#IND0    4
   2   24    4   0.705207    -1.080271     0.000000      1.08027   -1.#IND0   -1.#IND0    4
   7   19  -10   0.705195     3.161396    -0.000000       3.1614   -1.#IND0   -1.#IND0    4
   8   18   -3   0.705151     1.352134    -0.000000      1.35213   -1.#IND0   -1.#IND0    4
   2   11   17   0.705110    -1.534410     0.000000      1.53441   -1.#IND0   -1.#IND0    4
   4   18   10   0.705038    -1.014126    -0.000000      1.01413   -1.#IND0   -1.#IND0    4
   4   23    2   0.705034    -0.420561     0.000000     0.420561   -1.#IND0   -1.#IND0    4
  10   12  -10   0.704869     2.880038    -0.000000      2.88004   -1.#IND0   -1.#IND0    4
   7   18  -12   0.704861     5.234720     0.000000      5.23472   -1.#IND0   -1.#IND0    4
   4   10   15   0.704857    -3.154376     0.000000      3.15438   -1.#IND0   -1.#IND0    4
   7   20   -3   0.704844    -1.369985     0.000000      1.36998   -1.#IND0   -1.#IND0    4
   1    1   20   0.704834    -3.214691     0.000000      3.21469   -1.#IND0   -1.#IND0    4
   1   25   -3   0.704794    -0.229100    -0.000000       0.2291   -1.#IND0   -1.#IND0    4
   5   16   10   0.704782     5.881511     0.000000      5.88151   -1.#IND0   -1.#IND0    4
   5   19    7   0.704766    -0.793338     0.000000     0.793338   -1.#IND0   -1.#IND0    4
  10    9  -14   0.704617     2.739316     0.000000      2.73932   -1.#IND0   -1.#IND0    4
   0   25    3   0.704532     3.179566    -0.000000      3.17957   -1.#IND0   -1.#IND0    4
   4    8  -21   0.704511     9.167790    -0.000000      9.16779   -1.#IND0   -1.#IND0    4
   9    1  -19   0.704482    -8.320554    -0.000000      8.32055   -1.#IND0   -1.#IND0    4
   4   19    9   0.704477     1.250779    -0.000000      1.25078   -1.#IND0   -1.#IND0    4
   7    3  -21   0.704451     6.627618     0.000000      6.62762   -1.#IND0   -1.#IND0    4
   3    2   18   0.704430     5.459891    -0.000000      5.45989   -1.#IND0   -1.#IND0    4
   7   10  -19   0.704388     6.077569     0.000000      6.07757   -1.#IND0   -1.#IND0    4
   2   16  -17   0.704377     3.539320     0.000000      3.53932   -1.#IND0   -1.#IND0    4
   2   15   15   0.704331     4.610361    -0.000000      4.61036   -1.#IND0   -1.#IND0    4
   8   12    6   0.704323     5.858590    -0.000000      5.85859   -1.#IND0   -1.#IND0    4
   4    3  -22   0.704080     2.828775    -0.000000      2.82877   -1.#IND0   -1.#IND0    4
   1    9  -20   0.704078    -3.637998    -0.000000        3.638   -1.#IND0   -1.#IND0    4
   3   13   15   0.704000    -0.752222     0.000000     0.752222   -1.#IND0   -1.#IND0    4
   6   17    7   0.703988     1.231049    -0.000000      1.23105   -1.#IND0   -1.#IND0    4
   3    2  -22   0.703922     7.308648     0.000000      7.30865   -1.#IND0   -1.#IND0    4
   7   13    8   0.703868    -2.396948    -0.000000      2.39695   -1.#IND0   -1.#IND0    4
   5   21    4   0.703845     1.473870    -0.000000      1.47387   -1.#IND0   -1.#IND0    4
  10    5    3   0.703842     5.176255    -0.000000      5.17625   -1.#IND0   -1.#IND0    4
   9    2    7   0.703819     1.119029    -0.000000      1.11903   -1.#IND0   -1.#IND0    4
   5    2  -22   0.703773    24.678674     0.000000      24.6787   -1.#IND0   -1.#IND0    4
   2    3   19   0.703770     0.996469    -0.000000     0.996469   -1.#IND0   -1.#IND0    4
  10    2  -17   0.703694    -3.292810    -0.000000      3.29281   -1.#IND0   -1.#IND0    4
   8   18   -8   0.703621     6.692338    -0.000000      6.69234   -1.#IND0   -1.#IND0    4
  11    2   -1   0.703600     0.211431    -0.000000     0.211431   -1.#IND0   -1.#IND0    4
   3   13  -19   0.703569     2.476728    -0.000000      2.47673   -1.#IND0   -1.#IND0    4
   4   22  -10   0.703528     7.191231    -0.000000      7.19123   -1.#IND0   -1.#IND0    4
   8   14  -15   0.703505    -5.460404    -0.000000       5.4604   -1.#IND0   -1.#IND0    4
   1   24   -7   0.703504     2.929744     0.000000      2.92974   -1.#IND0   -1.#IND0    4
   1   25    2   0.703456     1.181074    -0.000000      1.18107   -1.#IND0   -1.#IND0    4
   6   16    8   0.703440     7.110371    -0.000000      7.11037   -1.#IND0   -1.#IND0    4
   6   17  -15   0.703431    -3.787530     0.000000      3.78753   -1.#IND0   -1.#IND0    4
   8   16    2   0.703370     3.097540    -0.000000      3.09754   -1.#IND0   -1.#IND0    4
   4    7   16   0.703345    -3.730784     0.000000      3.73078   -1.#IND0   -1.#IND0    4
  10   11  -12   0.703322    -3.188882    -0.000000      3.18888   -1.#IND0   -1.#IND0    4
   8    4  -20   0.703294    12.870210     0.000000      12.8702   -1.#IND0   -1.#IND0    4
  11    6   -3   0.703274    -3.199124    -0.000000      3.19912   -1.#IND0   -1.#IND0    4
  10   12   -3   0.703263    -3.218264    -0.000000      3.21826   -1.#IND0   -1.#IND0    4
   4   13  -19   0.703234     1.891426    -0.000000      1.89143   -1.#IND0   -1.#IND0    4
   1    2   20   0.703182    20.864273    -0.000000      20.8643   -1.#IND0   -1.#IND0    4
   1   15   16   0.703179     3.676493    -0.000000      3.67649   -1.#IND0   -1.#IND0    4
   3    8   17   0.703164    -4.296864    -0.000000      4.29686   -1.#IND0   -1.#IND0    4
   2    7  -21   0.703141     5.093879    -0.000000      5.09388   -1.#IND0   -1.#IND0    4
   5    5   15   0.703045    -9.381580     0.000000      9.38158   -1.#IND0   -1.#IND0    4
   0    7   20   0.703038     1.465609    -0.000000      1.46561   -1.#IND0   -1.#IND0    4
   1    8   19   0.703011     0.879809    -0.000000     0.879809   -1.#IND0   -1.#IND0    4
  11    4  -13   0.702956     0.523530     0.000000      0.52353   -1.#IND0   -1.#IND0    4
  11    8   -7   0.702884    -1.686680    -0.000000      1.68668   -1.#IND0   -1.#IND0    4
   4   17   11   0.702866    -1.092620     0.000000      1.09262   -1.#IND0   -1.#IND0    4
   1   11   18   0.702863     0.163782     0.000000     0.163782   -1.#IND0   -1.#IND0    4
   6   16  -16   0.702834     7.468353     0.000000      7.46835   -1.#IND0   -1.#IND0    4
   9    2  -19   0.702833    -0.577415     0.000000     0.577415   -1.#IND0   -1.#IND0    4
   2   22  -11   0.702765     4.711200    -0.000000       4.7112   -1.#IND0   -1.#IND0    4
   7   12  -18   0.702741     1.153714     0.000000      1.15371   -1.#IND0   -1.#IND0    4
   3    8  -21   0.702685     4.333372    -0.000000      4.33337   -1.#IND0   -1.#IND0    4
   1    5  -21   0.702586    -1.611906     0.000000      1.61191   -1.#IND0   -1.#IND0    4
   1   17  -16   0.702579     5.114214    -0.000000      5.11421   -1.#IND0   -1.#IND0    4
  11    8   -8   0.702568     8.533153     0.000000      8.53315   -1.#IND0   -1.#IND0    4
   7   20   -7   0.702555     4.768626     0.000000      4.76863   -1.#IND0   -1.#IND0    4
   7   19    1   0.702534    -1.582671     0.000000      1.58267   -1.#IND0   -1.#IND0    4
   8   15  -14   0.702516    -2.296636     0.000000      2.29664   -1.#IND0   -1.#IND0    4
   1   19   13   0.702448     4.071566     0.000000      4.07157   -1.#IND0   -1.#IND0    4
   1   20   12   0.702431     8.773564    -0.000000      8.77356   -1.#IND0   -1.#IND0    4
   8   17  -11   0.702422    -0.693954    -0.000000     0.693954   -1.#IND0   -1.#IND0    4
  10   10    0   0.702358     7.980803    -0.000000       7.9808   -1.#IND0   -1.#IND0    4
  11    7   -4   0.702322     7.701950    -0.000000      7.70195   -1.#IND0   -1.#IND0    4
   9   16   -6   0.702304     5.049906    -0.000000      5.04991   -1.#IND0   -1.#IND0    4
   3   24    2   0.702226     0.397126    -0.000000     0.397126   -1.#IND0   -1.#IND0    4
   4   11  -20   0.702216    -4.404696    -0.000000       4.4047   -1.#IND0   -1.#IND0    4
  10    6  -16   0.702151    -3.946850    -0.000000      3.94685   -1.#IND0   -1.#IND0    4
   2   24   -7   0.702130     2.615285     0.000000      2.61528   -1.#IND0   -1.#IND0    4
   3   24   -6   0.702125     1.519199    -0.000000       1.5192   -1.#IND0   -1.#IND0    4
   2   19   12   0.701962    -2.212780    -0.000000      2.21278   -1.#IND0   -1.#IND0    4
   3   11   16   0.701928    -6.211880     0.000000      6.21188   -1.#IND0   -1.#IND0    4
   6   18    6   0.701815     2.918347    -0.000000      2.91835   -1.#IND0   -1.#IND0    4
   8   13  -16   0.701777     3.337562     0.000000      3.33756   -1.#IND0   -1.#IND0    4
   3    3   18   0.701687     0.910444     0.000000     0.910444   -1.#IND0   -1.#IND0    4
  11    0  -14   0.701677    -2.414890    -0.000000      2.41489   -1.#IND0   -1.#IND0    2
   8   10  -18   0.701671     6.270776    -0.000000      6.27078   -1.#IND0   -1.#IND0    4
  11    8   -6   0.701583     4.941671     0.000000      4.94167   -1.#IND0   -1.#IND0    4
   9   16   -5   0.701534     5.487056    -0.000000      5.48706   -1.#IND0   -1.#IND0    4
  11    5   -2   0.701511    -0.818136    -0.000000     0.818136   -1.#IND0   -1.#IND0    4
   3   11  -20   0.701476     6.093380     0.000000      6.09338   -1.#IND0   -1.#IND0    4
   6   20    3   0.701459    -1.108764    -0.000000      1.10876   -1.#IND0   -1.#IND0    4
   9   16   -7   0.701459     0.306992    -0.000000     0.306992   -1.#IND0   -1.#IND0    4
   7    0   12   0.701432     5.992617    -0.000000      5.99262   -1.#IND0   -1.#IND0    2
   2   20   11   0.701402    -2.285205    -0.000000      2.28521   -1.#IND0   -1.#IND0    4
   7   20   -2   0.701355    10.753920    -0.000000      10.7539   -1.#IND0   -1.#IND0    4
   6   18  -14   0.701313     7.501345    -0.000000      7.50134   -1.#IND0   -1.#IND0    4
   2   25   -1   0.701288     2.963634    -0.000000      2.96363   -1.#IND0   -1.#IND0    4
   5    9   14   0.701271   -10.856697     0.000000      10.8567   -1.#IND0   -1.#IND0    4
   3   23    5   0.701258     3.116470    -0.000000      3.11647   -1.#IND0   -1.#IND0    4
   7   18    3   0.701245    -0.804829     0.000000     0.804829   -1.#IND0   -1.#IND0    4
   4   20    8   0.701203    12.291100    -0.000000      12.2911   -1.#IND0   -1.#IND0    4
  10    9    1   0.701192     3.287611     0.000000      3.28761   -1.#IND0   -1.#IND0    4
   3    3  -22   0.701186    -8.149646    -0.000000      8.14965   -1.#IND0   -1.#IND0    4
  10    8  -15   0.701183     6.038403     0.000000       6.0384   -1.#IND0   -1.#IND0    4
   8    6    9   0.701156     4.109106    -0.000000      4.10911   -1.#IND0   -1.#IND0    4
  11    1  -14   0.701133     0.821101     0.000000     0.821101   -1.#IND0   -1.#IND0    4
   6   20  -11   0.701108    -2.236306    -0.000000      2.23631   -1.#IND0   -1.#IND0    4
  10    0    4   0.701097    13.602453    -0.000000      13.6025   -1.#IND0   -1.#IND0    2
   9    3    7   0.701084    -0.590708    -0.000000     0.590708   -1.#IND0   -1.#IND0    4
   3   23   -9   0.701083    -1.583897     0.000000       1.5839   -1.#IND0   -1.#IND0    4
   5    3  -22   0.701039   -10.208213     0.000000      10.2082   -1.#IND0   -1.#IND0    4
   2   25   -2   0.701011     0.173829    -0.000000     0.173829   -1.#IND0   -1.#IND0    4
  10    3  -17   0.700960    -2.803288    -0.000000      2.80329   -1.#IND0   -1.#IND0    4
   1   23    8   0.700942     5.522947    -0.000000      5.52295   -1.#IND0   -1.#IND0    4
   7    1   12   0.700888     3.712455     0.000000      3.71245   -1.#IND0   -1.#IND0    4
  11    3   -1   0.700867    -0.171286     0.000000     0.171286   -1.#IND0   -1.#IND0    4
  10   11   -1   0.700820     2.667531    -0.000000      2.66753   -1.#IND0   -1.#IND0    4
   5   22    2   0.700794     9.929382    -0.000000      9.92938   -1.#IND0   -1.#IND0    4
   5   18  -15   0.700789    -1.662287    -0.000000      1.66229   -1.#IND0   -1.#IND0    4
   7    7   11   0.700781    -4.279902     0.000000       4.2799   -1.#IND0   -1.#IND0    4
  11    8   -9   0.700640     9.434346     0.000000      9.43435   -1.#IND0   -1.#IND0    4
   7    4  -21   0.700621     2.329017    -0.000000      2.32902   -1.#IND0   -1.#IND0    4
   8   18   -2   0.700589     4.273704    -0.000000       4.2737   -1.#IND0   -1.#IND0    4
   1   14  -18   0.700555     0.660202    -0.000000     0.660202   -1.#IND0   -1.#IND0    4
  10    1    4   0.700554    -1.710190    -0.000000      1.71019   -1.#IND0   -1.#IND0    4
   9    9    5   0.700490    -1.592588     0.000000      1.59259   -1.#IND0   -1.#IND0    4
   1    3   20   0.700454     1.667490    -0.000000      1.66749   -1.#IND0   -1.#IND0    4
  11    6  -12   0.700436     5.587626     0.000000      5.58763   -1.#IND0   -1.#IND0    4
   5    8  -21   0.700395   -10.821682     0.000000      10.8217   -1.#IND0   -1.#IND0    4
   4    4  -22   0.700256     2.703356     0.000000      2.70336   -1.#IND0   -1.#IND0    4
  10   13   -7   0.700224    -0.308440    -0.000000      0.30844   -1.#IND0   -1.#IND0    4
   5   17  -16   0.700218    -6.405790     0.000000      6.40579   -1.#IND0   -1.#IND0    4
   1   25   -4   0.700201     3.233851     0.000000      3.23385   -1.#IND0   -1.#IND0    4
   6   15    9   0.700191     0.862478    -0.000000     0.862478   -1.#IND0   -1.#IND0    4
   1   12  -19   0.700123    -7.396927    -0.000000      7.39693   -1.#IND0   -1.#IND0    4
  11    7  -11   0.700121    -0.373326    -0.000000     0.373326   -1.#IND0   -1.#IND0    4
   9    3  -19   0.700110    -6.000788    -0.000000      6.00079   -1.#IND0   -1.#IND0    4
   3   15   14   0.700080     3.725537     0.000000      3.72554   -1.#IND0   -1.#IND0    4
   1   24    6   0.700060    -2.365939     0.000000      2.36594   -1.#IND0   -1.#IND0    4
   4   21  -12   0.700039    -3.875312     0.000000      3.87531   -1.#IND0   -1.#IND0    4
   7    8  -20   0.700037     4.449326     0.000000      4.44933   -1.#IND0   -1.#IND0    4
   8    8  -19   0.700022    -7.406103    -0.000000       7.4061   -1.#IND0   -1.#IND0    4
   3   22    7   0.700001     1.428439     0.000000      1.42844   -1.#IND0   -1.#IND0    4
